ablation_name,split,epoch,mean_loss
embedding_hidden_16,train,1.0,0.750831708700831
embedding_hidden_16,train,2.0,0.7501595877103131
embedding_hidden_16,train,3.0,0.749491887837751
embedding_hidden_16,train,4.0,0.7488288041929666
embedding_hidden_16,train,5.0,0.7481702405572095
embedding_hidden_16,train,6.0,0.747516329312518
embedding_hidden_16,train,7.0,0.7468677473151726
embedding_hidden_16,train,8.0,0.7462231817988648
embedding_hidden_16,train,9.0,0.7455825225987477
embedding_hidden_16,train,10.0,0.7449459877512339
embedding_hidden_16,train,11.0,0.7443131052070939
embedding_hidden_16,train,12.0,0.7436836662450277
embedding_hidden_16,train,13.0,0.7430583488593836
embedding_hidden_16,train,14.0,0.7424366359671728
embedding_hidden_16,train,15.0,0.7418187709587807
embedding_hidden_16,train,16.0,0.7412046295074564
embedding_hidden_16,train,17.0,0.7405948531022168
embedding_hidden_16,train,18.0,0.7399892756044296
embedding_hidden_16,train,19.0,0.7393875905154278
embedding_hidden_16,train,20.0,0.7387898533506367
embedding_hidden_16,train,21.0,0.7381965908751351
embedding_hidden_16,train,22.0,0.7376070395936389
embedding_hidden_16,train,23.0,0.7370214651179858
embedding_hidden_16,train,24.0,0.7364390942493001
embedding_hidden_16,train,25.0,0.7358598130433875
embedding_hidden_16,train,26.0,0.7352839270772588
embedding_hidden_16,train,27.0,0.7347114454121078
embedding_hidden_16,train,28.0,0.7341425536440759
embedding_hidden_16,train,29.0,0.7335763503586132
embedding_hidden_16,train,30.0,0.7330129807727988
embedding_hidden_16,train,31.0,0.7324528997734379
embedding_hidden_16,train,32.0,0.7318958540319158
embedding_hidden_16,train,33.0,0.7313422909276921
embedding_hidden_16,train,34.0,0.7307923140883399
embedding_hidden_16,train,35.0,0.7302453678119645
embedding_hidden_16,train,36.0,0.7297017898262081
embedding_hidden_16,train,37.0,0.7291615959888863
embedding_hidden_16,train,38.0,0.7286247706511548
embedding_hidden_16,train,39.0,0.7280911959770822
embedding_hidden_16,train,40.0,0.7275607609418715
embedding_hidden_16,train,41.0,0.7270335733042718
embedding_hidden_16,train,42.0,0.7265096473398408
embedding_hidden_16,train,43.0,0.7259887879991824
embedding_hidden_16,train,44.0,0.725471052971046
embedding_hidden_16,train,45.0,0.7249561093544684
embedding_hidden_16,train,46.0,0.7244438657640118
embedding_hidden_16,train,47.0,0.7239345021604763
embedding_hidden_16,train,48.0,0.723427963839151
embedding_hidden_16,train,49.0,0.7229246433411902
embedding_hidden_16,train,50.0,0.7224252509331951
embedding_hidden_16,train,51.0,0.7219290268982127
embedding_hidden_16,train,52.0,0.7214358844704376
embedding_hidden_16,train,53.0,0.7209457104808379
embedding_hidden_16,train,54.0,0.7204583302596097
embedding_hidden_16,train,55.0,0.7199737071541377
embedding_hidden_16,train,56.0,0.7194918219497243
embedding_hidden_16,train,57.0,0.7190124442058936
embedding_hidden_16,train,58.0,0.7185359994172352
embedding_hidden_16,train,59.0,0.7180622269954868
embedding_hidden_16,train,60.0,0.7175912832003746
embedding_hidden_16,train,61.0,0.7171227894132657
embedding_hidden_16,train,62.0,0.7166567650552784
embedding_hidden_16,train,63.0,0.7161929104983992
embedding_hidden_16,train,64.0,0.7157314715573703
embedding_hidden_16,train,65.0,0.71527260355488
embedding_hidden_16,train,66.0,0.7148164857558421
embedding_hidden_16,train,67.0,0.7143629060175813
embedding_hidden_16,train,68.0,0.7139116090786088
embedding_hidden_16,train,69.0,0.7134625235017099
embedding_hidden_16,train,70.0,0.7130156108819848
embedding_hidden_16,train,71.0,0.7125710854203227
embedding_hidden_16,train,72.0,0.7121287375629664
embedding_hidden_16,train,73.0,0.7116883718567342
embedding_hidden_16,train,74.0,0.7112504431530331
embedding_hidden_16,train,75.0,0.7108148941257297
embedding_hidden_16,train,76.0,0.7103814316338707
embedding_hidden_16,train,77.0,0.7099501567612382
embedding_hidden_16,train,78.0,0.709521018693832
embedding_hidden_16,train,79.0,0.7090940251610267
embedding_hidden_16,train,80.0,0.7086691880863845
embedding_hidden_16,train,81.0,0.7082466977104211
embedding_hidden_16,train,82.0,0.7078263157278516
embedding_hidden_16,train,83.0,0.7074077631120187
embedding_hidden_16,train,84.0,0.7069912449617191
embedding_hidden_16,train,85.0,0.7065767432390703
embedding_hidden_16,train,86.0,0.7061638736990401
embedding_hidden_16,train,87.0,0.705753101654542
embedding_hidden_16,train,88.0,0.7053443944182655
embedding_hidden_16,train,89.0,0.7049374260192136
embedding_hidden_16,train,90.0,0.7045323216813622
embedding_hidden_16,train,91.0,0.7041293858266936
embedding_hidden_16,train,92.0,0.703728649877845
embedding_hidden_16,train,93.0,0.7033296782491172
embedding_hidden_16,train,94.0,0.7029324976058493
embedding_hidden_16,train,95.0,0.7025372670384102
embedding_hidden_16,train,96.0,0.702144337508481
embedding_hidden_16,train,97.0,0.7017534683309751
embedding_hidden_16,train,98.0,0.7013644873213714
embedding_hidden_16,train,99.0,0.7009771301294724
embedding_hidden_16,train,100.0,0.7005913446156141
embedding_hidden_16,train,101.0,0.7002075535153108
embedding_hidden_16,train,102.0,0.6998257646697288
embedding_hidden_16,train,103.0,0.6994456037251745
embedding_hidden_16,train,104.0,0.6990672597801644
embedding_hidden_16,train,105.0,0.6986908973158066
embedding_hidden_16,train,106.0,0.6983164221570111
embedding_hidden_16,train,107.0,0.697944009615511
embedding_hidden_16,train,108.0,0.6975735002962169
embedding_hidden_16,train,109.0,0.6972047155044125
embedding_hidden_16,train,110.0,0.6968377458491235
embedding_hidden_16,train,111.0,0.6964727862045847
embedding_hidden_16,train,112.0,0.6961097054371616
embedding_hidden_16,train,113.0,0.6957481599152177
embedding_hidden_16,train,114.0,0.695388157160002
embedding_hidden_16,train,115.0,0.6950298275249223
embedding_hidden_16,train,116.0,0.6946730685017156
embedding_hidden_16,train,117.0,0.694317953035194
embedding_hidden_16,train,118.0,0.693964616263447
embedding_hidden_16,train,119.0,0.693612879753387
embedding_hidden_16,train,120.0,0.6932627919086823
embedding_hidden_16,train,121.0,0.6929141265442755
embedding_hidden_16,train,122.0,0.6925667879597786
embedding_hidden_16,train,123.0,0.6922210375648707
embedding_hidden_16,train,124.0,0.6918770716151756
embedding_hidden_16,train,125.0,0.6915347222532822
embedding_hidden_16,train,126.0,0.6911939718418599
embedding_hidden_16,train,127.0,0.6908548779153085
embedding_hidden_16,train,128.0,0.6905173848639261
embedding_hidden_16,train,129.0,0.6901810234479584
embedding_hidden_16,train,130.0,0.6898459549396458
embedding_hidden_16,train,131.0,0.6895121191328835
embedding_hidden_16,train,132.0,0.6891794217230445
embedding_hidden_16,train,133.0,0.6888480065956445
embedding_hidden_16,train,134.0,0.6885181903244613
embedding_hidden_16,train,135.0,0.6881895359851409
embedding_hidden_16,train,136.0,0.6878621308893947
embedding_hidden_16,train,137.0,0.6875361233856425
embedding_hidden_16,train,138.0,0.6872116721419241
embedding_hidden_16,train,139.0,0.6868886588679888
embedding_hidden_16,train,140.0,0.6865671011103249
embedding_hidden_16,train,141.0,0.6862468642219908
embedding_hidden_16,train,142.0,0.6859278003251742
embedding_hidden_16,train,143.0,0.6856100369039578
embedding_hidden_16,train,144.0,0.685293829985442
embedding_hidden_16,train,145.0,0.6849790371785575
embedding_hidden_16,train,146.0,0.684665583693322
embedding_hidden_16,train,147.0,0.6843535873802727
embedding_hidden_16,train,148.0,0.6840428513943223
embedding_hidden_16,train,149.0,0.6837334686163774
embedding_hidden_16,train,150.0,0.6834252656798337
embedding_hidden_16,train,151.0,0.6831181495584767
embedding_hidden_16,train,152.0,0.682812118038352
embedding_hidden_16,train,153.0,0.682507356743544
embedding_hidden_16,train,154.0,0.6822038294700447
embedding_hidden_16,train,155.0,0.6819015468573385
embedding_hidden_16,train,156.0,0.681600429684445
embedding_hidden_16,train,157.0,0.6813005141918013
embedding_hidden_16,train,158.0,0.6810018877726983
embedding_hidden_16,train,159.0,0.680704543972704
embedding_hidden_16,train,160.0,0.6804083845652603
embedding_hidden_16,train,161.0,0.6801135068845696
embedding_hidden_16,train,162.0,0.6798199591594343
embedding_hidden_16,train,163.0,0.6795276034657769
embedding_hidden_16,train,164.0,0.6792365726559586
embedding_hidden_16,train,165.0,0.6789467867623579
embedding_hidden_16,train,166.0,0.6786581625258272
embedding_hidden_16,train,167.0,0.6783707103544565
embedding_hidden_16,train,168.0,0.6780843630666794
embedding_hidden_16,train,169.0,0.6777990085421284
embedding_hidden_16,train,170.0,0.6775145787263326
embedding_hidden_16,train,171.0,0.6772311542007774
embedding_hidden_16,train,172.0,0.6769488985603948
embedding_hidden_16,train,173.0,0.6766677889673984
embedding_hidden_16,train,174.0,0.6763876477859945
embedding_hidden_16,train,175.0,0.6761085415187447
embedding_hidden_16,train,176.0,0.6758305573216719
embedding_hidden_16,train,177.0,0.6755536037555189
embedding_hidden_16,train,178.0,0.6752776455200931
embedding_hidden_16,train,179.0,0.6750026687729888
embedding_hidden_16,train,180.0,0.6747287721698678
embedding_hidden_16,train,181.0,0.674455865302155
embedding_hidden_16,train,182.0,0.6741841974409025
embedding_hidden_16,train,183.0,0.6739136538599192
embedding_hidden_16,train,184.0,0.6736442595842262
embedding_hidden_16,train,185.0,0.6733759182970993
embedding_hidden_16,train,186.0,0.673108503239278
embedding_hidden_16,train,187.0,0.6728420116183148
embedding_hidden_16,train,188.0,0.672576548082717
embedding_hidden_16,train,189.0,0.6723121811818216
embedding_hidden_16,train,190.0,0.6720487796550936
embedding_hidden_16,train,191.0,0.6717862527273462
embedding_hidden_16,train,192.0,0.6715246808496327
embedding_hidden_16,train,193.0,0.6712639510129306
embedding_hidden_16,train,194.0,0.6710040616946986
embedding_hidden_16,train,195.0,0.6707451809837041
embedding_hidden_16,train,196.0,0.6704873237427538
embedding_hidden_16,train,197.0,0.6702303259154858
embedding_hidden_16,train,198.0,0.66997415400544
embedding_hidden_16,train,199.0,0.6697188384644053
embedding_hidden_16,train,200.0,0.6694645009705777
embedding_hidden_16,test,1.0,0.7517079454170412
embedding_hidden_16,test,2.0,0.7512063357144706
embedding_hidden_16,test,3.0,0.7507089419626923
embedding_hidden_16,test,4.0,0.7502148880941755
embedding_hidden_16,test,5.0,0.7497240948049124
embedding_hidden_16,test,6.0,0.7492371951562481
embedding_hidden_16,test,7.0,0.7487536398148922
embedding_hidden_16,test,8.0,0.7482731468638094
embedding_hidden_16,test,9.0,0.7477970778487284
embedding_hidden_16,test,10.0,0.747324667889486
embedding_hidden_16,test,11.0,0.7468555063228625
embedding_hidden_16,test,12.0,0.746389679644059
embedding_hidden_16,test,13.0,0.745926621674328
embedding_hidden_16,test,14.0,0.7454672050130251
embedding_hidden_16,test,15.0,0.7450105484377789
embedding_hidden_16,test,16.0,0.7445567400162088
embedding_hidden_16,test,17.0,0.744106018768123
embedding_hidden_16,test,18.0,0.7436583490116503
embedding_hidden_16,test,19.0,0.7432136878528812
embedding_hidden_16,test,20.0,0.7427727609539938
embedding_hidden_16,test,21.0,0.7423350276578715
embedding_hidden_16,test,22.0,0.7419010793397925
embedding_hidden_16,test,23.0,0.7414705115907252
embedding_hidden_16,test,24.0,0.741042537324575
embedding_hidden_16,test,25.0,0.7406171294336451
embedding_hidden_16,test,26.0,0.7401944666418943
embedding_hidden_16,test,27.0,0.7397740126267679
embedding_hidden_16,test,28.0,0.7393559275270335
embedding_hidden_16,test,29.0,0.738940436619486
embedding_hidden_16,test,30.0,0.7385275609689131
embedding_hidden_16,test,31.0,0.738117495789088
embedding_hidden_16,test,32.0,0.7377101919660349
embedding_hidden_16,test,33.0,0.7373055385303491
embedding_hidden_16,test,34.0,0.7369032844266139
embedding_hidden_16,test,35.0,0.7365039451770106
embedding_hidden_16,test,36.0,0.7361074895413444
embedding_hidden_16,test,37.0,0.7357142545149296
embedding_hidden_16,test,38.0,0.7353240575929076
embedding_hidden_16,test,39.0,0.7349363252094886
embedding_hidden_16,test,40.0,0.734551430239835
embedding_hidden_16,test,41.0,0.7341688225614185
embedding_hidden_16,test,42.0,0.7337889495830539
embedding_hidden_16,test,43.0,0.7334110902158721
embedding_hidden_16,test,44.0,0.7330356741483489
embedding_hidden_16,test,45.0,0.7326619491414276
embedding_hidden_16,test,46.0,0.7322900425745587
embedding_hidden_16,test,47.0,0.7319206639019229
embedding_hidden_16,test,48.0,0.7315538020462793
embedding_hidden_16,test,49.0,0.7311897181412028
embedding_hidden_16,test,50.0,0.7308278477971809
embedding_hidden_16,test,51.0,0.7304681765577108
embedding_hidden_16,test,52.0,0.7301106869277828
embedding_hidden_16,test,53.0,0.7297553328253017
embedding_hidden_16,test,54.0,0.7294021878041799
embedding_hidden_16,test,55.0,0.7290516966635048
embedding_hidden_16,test,56.0,0.7287031050498507
embedding_hidden_16,test,57.0,0.7283567778104529
embedding_hidden_16,test,58.0,0.7280126901751615
embedding_hidden_16,test,59.0,0.7276708305357216
embedding_hidden_16,test,60.0,0.7273310487544951
embedding_hidden_16,test,61.0,0.7269931397461263
embedding_hidden_16,test,62.0,0.7266572747265158
embedding_hidden_16,test,63.0,0.7263230280284797
embedding_hidden_16,test,64.0,0.7259908653157797
embedding_hidden_16,test,65.0,0.7256610418252597
embedding_hidden_16,test,66.0,0.7253334101317856
embedding_hidden_16,test,67.0,0.7250079251873871
embedding_hidden_16,test,68.0,0.7246842395930806
embedding_hidden_16,test,69.0,0.7243622858953722
embedding_hidden_16,test,70.0,0.7240419367418186
embedding_hidden_16,test,71.0,0.7237239982523778
embedding_hidden_16,test,72.0,0.7234077801239451
embedding_hidden_16,test,73.0,0.7230938155400658
embedding_hidden_16,test,74.0,0.7227817043977882
embedding_hidden_16,test,75.0,0.7224715937529604
embedding_hidden_16,test,76.0,0.7221635824756947
embedding_hidden_16,test,77.0,0.7218574697191461
embedding_hidden_16,test,78.0,0.7215530660367022
embedding_hidden_16,test,79.0,0.7212504531628159
embedding_hidden_16,test,80.0,0.7209496223593963
embedding_hidden_16,test,81.0,0.7206504727048297
embedding_hidden_16,test,82.0,0.7203530962436663
embedding_hidden_16,test,83.0,0.7200570890844878
embedding_hidden_16,test,84.0,0.7197625275487368
embedding_hidden_16,test,85.0,0.7194696370677909
embedding_hidden_16,test,86.0,0.719178328235162
embedding_hidden_16,test,87.0,0.7188887104740267
embedding_hidden_16,test,88.0,0.7186006670305776
embedding_hidden_16,test,89.0,0.7183140194504202
embedding_hidden_16,test,90.0,0.7180288187763144
embedding_hidden_16,test,91.0,0.7177453289688966
embedding_hidden_16,test,92.0,0.7174635196969557
embedding_hidden_16,test,93.0,0.7171829693730709
embedding_hidden_16,test,94.0,0.7169042751308322
embedding_hidden_16,test,95.0,0.7166275687027194
embedding_hidden_16,test,96.0,0.7163529478356696
embedding_hidden_16,test,97.0,0.7160798830570883
embedding_hidden_16,test,98.0,0.7158087074817527
embedding_hidden_16,test,99.0,0.7155387025358099
embedding_hidden_16,test,100.0,0.7152701823925708
embedding_hidden_16,test,101.0,0.7150030553844463
embedding_hidden_16,test,102.0,0.7147374618057183
embedding_hidden_16,test,103.0,0.7144735262272546
embedding_hidden_16,test,104.0,0.7142111535139449
embedding_hidden_16,test,105.0,0.7139505370603951
embedding_hidden_16,test,106.0,0.7136918416282189
embedding_hidden_16,test,107.0,0.7134348009132655
embedding_hidden_16,test,108.0,0.7131795970937579
embedding_hidden_16,test,109.0,0.7129254447397495
embedding_hidden_16,test,110.0,0.7126727629531029
embedding_hidden_16,test,111.0,0.7124218077127618
embedding_hidden_16,test,112.0,0.7121720867091079
embedding_hidden_16,test,113.0,0.7119233694806921
embedding_hidden_16,test,114.0,0.7116763933746366
embedding_hidden_16,test,115.0,0.711430739640033
embedding_hidden_16,test,116.0,0.7111862863697154
embedding_hidden_16,test,117.0,0.7109430340558965
embedding_hidden_16,test,118.0,0.7107008642509816
embedding_hidden_16,test,119.0,0.7104601423079191
embedding_hidden_16,test,120.0,0.7102205641411182
embedding_hidden_16,test,121.0,0.7099822769969673
embedding_hidden_16,test,122.0,0.709745155642337
embedding_hidden_16,test,123.0,0.7095093731684162
embedding_hidden_16,test,124.0,0.7092748998218416
embedding_hidden_16,test,125.0,0.7090417324787878
embedding_hidden_16,test,126.0,0.7088099426470145
embedding_hidden_16,test,127.0,0.7085795260980537
embedding_hidden_16,test,128.0,0.7083503359899389
embedding_hidden_16,test,129.0,0.7081219467700786
embedding_hidden_16,test,130.0,0.707894781951708
embedding_hidden_16,test,131.0,0.7076688981784528
embedding_hidden_16,test,132.0,0.7074440965506013
embedding_hidden_16,test,133.0,0.7072207350370713
embedding_hidden_16,test,134.0,0.7069981953687393
embedding_hidden_16,test,135.0,0.7067768306101838
embedding_hidden_16,test,136.0,0.7065566322707529
embedding_hidden_16,test,137.0,0.7063378565734598
embedding_hidden_16,test,138.0,0.7061205981579177
embedding_hidden_16,test,139.0,0.7059042137665116
embedding_hidden_16,test,140.0,0.7056888403705389
embedding_hidden_16,test,141.0,0.7054745160135332
embedding_hidden_16,test,142.0,0.7052613206070539
embedding_hidden_16,test,143.0,0.7050495700380998
embedding_hidden_16,test,144.0,0.7048386642884868
embedding_hidden_16,test,145.0,0.7046287717850508
embedding_hidden_16,test,146.0,0.7044195728177367
embedding_hidden_16,test,147.0,0.7042113340465528
embedding_hidden_16,test,148.0,0.7040043600320345
embedding_hidden_16,test,149.0,0.7037981522906624
embedding_hidden_16,test,150.0,0.7035931622156099
embedding_hidden_16,test,151.0,0.7033890339533888
embedding_hidden_16,test,152.0,0.7031859604066687
embedding_hidden_16,test,153.0,0.7029835196774572
embedding_hidden_16,test,154.0,0.7027823077194102
embedding_hidden_16,test,155.0,0.7025821192040259
embedding_hidden_16,test,156.0,0.7023829639190311
embedding_hidden_16,test,157.0,0.7021848805247729
embedding_hidden_16,test,158.0,0.7019879275335239
embedding_hidden_16,test,159.0,0.7017915319219881
embedding_hidden_16,test,160.0,0.7015964342919616
embedding_hidden_16,test,161.0,0.7014021517531678
embedding_hidden_16,test,162.0,0.7012089529172731
embedding_hidden_16,test,163.0,0.7010164530460106
embedding_hidden_16,test,164.0,0.7008252584998769
embedding_hidden_16,test,165.0,0.7006354650135961
embedding_hidden_16,test,166.0,0.7004462842771563
embedding_hidden_16,test,167.0,0.7002581748221856
embedding_hidden_16,test,168.0,0.700070816646049
embedding_hidden_16,test,169.0,0.6998844571623165
embedding_hidden_16,test,170.0,0.6996989723314243
embedding_hidden_16,test,171.0,0.6995145650007685
embedding_hidden_16,test,172.0,0.6993310970998289
embedding_hidden_16,test,173.0,0.6991482487139647
embedding_hidden_16,test,174.0,0.6989661615921747
embedding_hidden_16,test,175.0,0.6987850285778413
embedding_hidden_16,test,176.0,0.6986046599902451
embedding_hidden_16,test,177.0,0.6984251423292938
embedding_hidden_16,test,178.0,0.6982465029719861
embedding_hidden_16,test,179.0,0.6980684404966128
embedding_hidden_16,test,180.0,0.6978908292125474
embedding_hidden_16,test,181.0,0.6977144153774741
embedding_hidden_16,test,182.0,0.6975385599353656
embedding_hidden_16,test,183.0,0.6973636069349294
embedding_hidden_16,test,184.0,0.6971894432969712
embedding_hidden_16,test,185.0,0.6970160463225855
embedding_hidden_16,test,186.0,0.6968430948369073
embedding_hidden_16,test,187.0,0.6966717069075546
embedding_hidden_16,test,188.0,0.696500664997927
embedding_hidden_16,test,189.0,0.6963305509830511
embedding_hidden_16,test,190.0,0.6961613762037572
embedding_hidden_16,test,191.0,0.6959929490261368
embedding_hidden_16,test,192.0,0.6958253041647333
embedding_hidden_16,test,193.0,0.6956584605689269
embedding_hidden_16,test,194.0,0.6954922891345724
embedding_hidden_16,test,195.0,0.6953269540996352
embedding_hidden_16,test,196.0,0.6951621900207271
embedding_hidden_16,test,197.0,0.6949986114831325
embedding_hidden_16,test,198.0,0.6948357254180882
embedding_hidden_16,test,199.0,0.6946737608322663
embedding_hidden_16,test,200.0,0.6945129586745764
embedding_hidden_32,train,1.0,0.7349482510613454
embedding_hidden_32,train,2.0,0.734342136491329
embedding_hidden_32,train,3.0,0.7337393044667245
embedding_hidden_32,train,4.0,0.7331394660732524
embedding_hidden_32,train,5.0,0.7325428043422896
embedding_hidden_32,train,6.0,0.7319492868029754
embedding_hidden_32,train,7.0,0.7313587965601894
embedding_hidden_32,train,8.0,0.7307714314947213
embedding_hidden_32,train,9.0,0.7301870830686478
embedding_hidden_32,train,10.0,0.7296057470160953
embedding_hidden_32,train,11.0,0.7290273905720787
embedding_hidden_32,train,12.0,0.7284519117887173
embedding_hidden_32,train,13.0,0.7278793356292017
embedding_hidden_32,train,14.0,0.7273097759692269
embedding_hidden_32,train,15.0,0.7267431251821233
embedding_hidden_32,train,16.0,0.726179534742158
embedding_hidden_32,train,17.0,0.7256185951133733
embedding_hidden_32,train,18.0,0.7250606136135868
embedding_hidden_32,train,19.0,0.7245056680409744
embedding_hidden_32,train,20.0,0.7239536347898683
embedding_hidden_32,train,21.0,0.7234042085864243
embedding_hidden_32,train,22.0,0.722857672446551
embedding_hidden_32,train,23.0,0.722314094703427
embedding_hidden_32,train,24.0,0.7217734915534781
embedding_hidden_32,train,25.0,0.721235463306148
embedding_hidden_32,train,26.0,0.7207000115691139
embedding_hidden_32,train,27.0,0.7201671279505084
embedding_hidden_32,train,28.0,0.7196370563163954
embedding_hidden_32,train,29.0,0.7191096629611665
embedding_hidden_32,train,30.0,0.718584910665754
embedding_hidden_32,train,31.0,0.7180627397522378
embedding_hidden_32,train,32.0,0.7175431979214467
embedding_hidden_32,train,33.0,0.7170263940861239
embedding_hidden_32,train,34.0,0.7165118577221165
embedding_hidden_32,train,35.0,0.7159996980351547
embedding_hidden_32,train,36.0,0.7154901550525764
embedding_hidden_32,train,37.0,0.7149831469720223
embedding_hidden_32,train,38.0,0.7144783865571783
embedding_hidden_32,train,39.0,0.7139761007614912
embedding_hidden_32,train,40.0,0.713476475168428
embedding_hidden_32,train,41.0,0.7129791846227848
embedding_hidden_32,train,42.0,0.7124843977453124
embedding_hidden_32,train,43.0,0.7119920928964991
embedding_hidden_32,train,44.0,0.7115022311484992
embedding_hidden_32,train,45.0,0.7110149335757233
embedding_hidden_32,train,46.0,0.7105299727318638
embedding_hidden_32,train,47.0,0.7100473464190775
embedding_hidden_32,train,48.0,0.7095671586771494
embedding_hidden_32,train,49.0,0.7090894294859988
embedding_hidden_32,train,50.0,0.7086140296513488
embedding_hidden_32,train,51.0,0.7081412138094885
embedding_hidden_32,train,52.0,0.7076705161841395
embedding_hidden_32,train,53.0,0.7072022290450434
embedding_hidden_32,train,54.0,0.7067362642948716
embedding_hidden_32,train,55.0,0.706272473712133
embedding_hidden_32,train,56.0,0.70581118095642
embedding_hidden_32,train,57.0,0.705352196149758
embedding_hidden_32,train,58.0,0.7048956740649798
embedding_hidden_32,train,59.0,0.7044416512986995
embedding_hidden_32,train,60.0,0.7039897413831675
embedding_hidden_32,train,61.0,0.7035398544947338
embedding_hidden_32,train,62.0,0.7030920769318956
embedding_hidden_32,train,63.0,0.702646513423593
embedding_hidden_32,train,64.0,0.7022030586016605
embedding_hidden_32,train,65.0,0.7017616876763237
embedding_hidden_32,train,66.0,0.7013222996551999
embedding_hidden_32,train,67.0,0.7008850522176152
embedding_hidden_32,train,68.0,0.700449870648802
embedding_hidden_32,train,69.0,0.7000166986440982
embedding_hidden_32,train,70.0,0.6995856307138018
embedding_hidden_32,train,71.0,0.6991567918425329
embedding_hidden_32,train,72.0,0.6987301601873775
embedding_hidden_32,train,73.0,0.6983054591024586
embedding_hidden_32,train,74.0,0.6978828422234309
embedding_hidden_32,train,75.0,0.6974619517019436
embedding_hidden_32,train,76.0,0.6970430205642579
embedding_hidden_32,train,77.0,0.6966260551088053
embedding_hidden_32,train,78.0,0.6962112083331886
embedding_hidden_32,train,79.0,0.695798322702399
embedding_hidden_32,train,80.0,0.6953871901386338
embedding_hidden_32,train,81.0,0.6949779683270315
embedding_hidden_32,train,82.0,0.6945706024831738
embedding_hidden_32,train,83.0,0.6941652262676274
embedding_hidden_32,train,84.0,0.6937615820457395
embedding_hidden_32,train,85.0,0.6933598088197517
embedding_hidden_32,train,86.0,0.6929599393753536
embedding_hidden_32,train,87.0,0.6925619601983966
embedding_hidden_32,train,88.0,0.6921658770766292
embedding_hidden_32,train,89.0,0.6917716546304463
embedding_hidden_32,train,90.0,0.6913792265826901
embedding_hidden_32,train,91.0,0.6909886421284354
embedding_hidden_32,train,92.0,0.6905998697050094
embedding_hidden_32,train,93.0,0.6902128333542121
embedding_hidden_32,train,94.0,0.6898274673284006
embedding_hidden_32,train,95.0,0.6894438199315098
embedding_hidden_32,train,96.0,0.6890618038719583
embedding_hidden_32,train,97.0,0.6886814814137209
embedding_hidden_32,train,98.0,0.688303061454764
embedding_hidden_32,train,99.0,0.6879264063522699
embedding_hidden_32,train,100.0,0.6875512356001343
embedding_hidden_32,train,101.0,0.6871777662560838
embedding_hidden_32,train,102.0,0.6868058283624326
embedding_hidden_32,train,103.0,0.6864355483580236
embedding_hidden_32,train,104.0,0.6860668798501335
embedding_hidden_32,train,105.0,0.6856997329509601
embedding_hidden_32,train,106.0,0.6853342945344278
embedding_hidden_32,train,107.0,0.6849703848229624
embedding_hidden_32,train,108.0,0.6846081169558855
embedding_hidden_32,train,109.0,0.6842475145464494
embedding_hidden_32,train,110.0,0.6838884595134987
embedding_hidden_32,train,111.0,0.6835309811481407
embedding_hidden_32,train,112.0,0.6831750319134838
embedding_hidden_32,train,113.0,0.6828207542258052
embedding_hidden_32,train,114.0,0.6824680079012897
embedding_hidden_32,train,115.0,0.682116757677928
embedding_hidden_32,train,116.0,0.6817668512535965
embedding_hidden_32,train,117.0,0.6814185286008444
embedding_hidden_32,train,118.0,0.6810716859018626
embedding_hidden_32,train,119.0,0.6807264700291755
embedding_hidden_32,train,120.0,0.6803828058909225
embedding_hidden_32,train,121.0,0.6800407468069246
embedding_hidden_32,train,122.0,0.6797001393629845
embedding_hidden_32,train,123.0,0.6793610377376431
embedding_hidden_32,train,124.0,0.6790233683990783
embedding_hidden_32,train,125.0,0.6786871161175074
embedding_hidden_32,train,126.0,0.6783522953160641
embedding_hidden_32,train,127.0,0.6780187629431016
embedding_hidden_32,train,128.0,0.6776865586839766
embedding_hidden_32,train,129.0,0.6773555906032337
embedding_hidden_32,train,130.0,0.6770258981661135
embedding_hidden_32,train,131.0,0.676697642639734
embedding_hidden_32,train,132.0,0.6763708683388738
embedding_hidden_32,train,133.0,0.6760454849904829
embedding_hidden_32,train,134.0,0.6757216111986011
embedding_hidden_32,train,135.0,0.6753990955864642
embedding_hidden_32,train,136.0,0.6750778952729365
embedding_hidden_32,train,137.0,0.6747580122387027
embedding_hidden_32,train,138.0,0.6744392930457
embedding_hidden_32,train,139.0,0.6741218708351935
embedding_hidden_32,train,140.0,0.673805748966018
embedding_hidden_32,train,141.0,0.6734909326997373
embedding_hidden_32,train,142.0,0.6731774923147265
embedding_hidden_32,train,143.0,0.6728653620398212
embedding_hidden_32,train,144.0,0.6725544844782944
embedding_hidden_32,train,145.0,0.6722449513158975
embedding_hidden_32,train,146.0,0.6719366458037331
embedding_hidden_32,train,147.0,0.6716295870680338
embedding_hidden_32,train,148.0,0.6713237605147147
embedding_hidden_32,train,149.0,0.6710192413650061
embedding_hidden_32,train,150.0,0.6707159729888696
embedding_hidden_32,train,151.0,0.6704138900898318
embedding_hidden_32,train,152.0,0.6701129705806083
embedding_hidden_32,train,153.0,0.6698132613130999
embedding_hidden_32,train,154.0,0.6695147038171407
embedding_hidden_32,train,155.0,0.669217223902036
embedding_hidden_32,train,156.0,0.6689209123406155
embedding_hidden_32,train,157.0,0.6686258096210083
embedding_hidden_32,train,158.0,0.6683318943696606
embedding_hidden_32,train,159.0,0.6680391160345267
embedding_hidden_32,train,160.0,0.6677475551922892
embedding_hidden_32,train,161.0,0.6674570117874788
embedding_hidden_32,train,162.0,0.667167664718011
embedding_hidden_32,train,163.0,0.6668795477086541
embedding_hidden_32,train,164.0,0.6665925191446931
embedding_hidden_32,train,165.0,0.6663065441423688
embedding_hidden_32,train,166.0,0.6660216426674278
embedding_hidden_32,train,167.0,0.6657378957219074
embedding_hidden_32,train,168.0,0.6654552512511633
embedding_hidden_32,train,169.0,0.6651736545042972
embedding_hidden_32,train,170.0,0.664893029835002
embedding_hidden_32,train,171.0,0.6646134264527022
embedding_hidden_32,train,172.0,0.6643349616125085
embedding_hidden_32,train,173.0,0.664057669871098
embedding_hidden_32,train,174.0,0.6637815904431491
embedding_hidden_32,train,175.0,0.6635065830658269
embedding_hidden_32,train,176.0,0.6632326277844338
embedding_hidden_32,train,177.0,0.6629598109302935
embedding_hidden_32,train,178.0,0.6626880919750519
embedding_hidden_32,train,179.0,0.6624173893337291
embedding_hidden_32,train,180.0,0.6621478062964835
embedding_hidden_32,train,181.0,0.6618794164715338
embedding_hidden_32,train,182.0,0.6616120755791461
embedding_hidden_32,train,183.0,0.661345828240851
embedding_hidden_32,train,184.0,0.6610807509510912
embedding_hidden_32,train,185.0,0.6608167259247794
embedding_hidden_32,train,186.0,0.6605536975186028
embedding_hidden_32,train,187.0,0.6602917214033793
embedding_hidden_32,train,188.0,0.6600308476744683
embedding_hidden_32,train,189.0,0.6597709507695472
embedding_hidden_32,train,190.0,0.6595119067698999
embedding_hidden_32,train,191.0,0.6592538262681998
embedding_hidden_32,train,192.0,0.6589966955997364
embedding_hidden_32,train,193.0,0.6587405493963567
embedding_hidden_32,train,194.0,0.658485167281407
embedding_hidden_32,train,195.0,0.6582307811725701
embedding_hidden_32,train,196.0,0.6579773069222775
embedding_hidden_32,train,197.0,0.657724828584413
embedding_hidden_32,train,198.0,0.6574733507415301
embedding_hidden_32,train,199.0,0.6572228764345208
embedding_hidden_32,train,200.0,0.6569733350310165
embedding_hidden_32,test,1.0,0.7383232270729266
embedding_hidden_32,test,2.0,0.7378727215736519
embedding_hidden_32,test,3.0,0.7374250712128051
embedding_hidden_32,test,4.0,0.7369800832023323
embedding_hidden_32,test,5.0,0.7365378567224097
embedding_hidden_32,test,6.0,0.7360985092989234
embedding_hidden_32,test,7.0,0.7356619104593907
embedding_hidden_32,test,8.0,0.7352279907951182
embedding_hidden_32,test,9.0,0.7347967357200811
embedding_hidden_32,test,10.0,0.7343681738926506
embedding_hidden_32,test,11.0,0.7339419847997772
embedding_hidden_32,test,12.0,0.7335186287221388
embedding_hidden_32,test,13.0,0.7330977584478093
embedding_hidden_32,test,14.0,0.7326799858578873
embedding_hidden_32,test,15.0,0.7322650032004658
embedding_hidden_32,test,16.0,0.7318525443167709
embedding_hidden_32,test,17.0,0.7314427176437671
embedding_hidden_32,test,18.0,0.7310356645989637
embedding_hidden_32,test,19.0,0.7306313882250907
embedding_hidden_32,test,20.0,0.7302294578551014
embedding_hidden_32,test,21.0,0.7298299971027734
embedding_hidden_32,test,22.0,0.7294332698975732
embedding_hidden_32,test,23.0,0.7290391059831454
embedding_hidden_32,test,24.0,0.7286471604487399
embedding_hidden_32,test,25.0,0.7282574719496318
embedding_hidden_32,test,26.0,0.7278698004237892
embedding_hidden_32,test,27.0,0.7274846496764699
embedding_hidden_32,test,28.0,0.7271019234616258
embedding_hidden_32,test,29.0,0.726721474774007
embedding_hidden_32,test,30.0,0.7263434968063687
embedding_hidden_32,test,31.0,0.7259678344785025
embedding_hidden_32,test,32.0,0.7255944023566301
embedding_hidden_32,test,33.0,0.7252230719400139
embedding_hidden_32,test,34.0,0.7248536981821626
embedding_hidden_32,test,35.0,0.7244867690945759
embedding_hidden_32,test,36.0,0.7241221588717365
embedding_hidden_32,test,37.0,0.7237595903892969
embedding_hidden_32,test,38.0,0.7233991096362371
embedding_hidden_32,test,39.0,0.7230407055189437
embedding_hidden_32,test,40.0,0.7226839742971214
embedding_hidden_32,test,41.0,0.7223294787716915
embedding_hidden_32,test,42.0,0.7219769017232862
embedding_hidden_32,test,43.0,0.7216264817340973
embedding_hidden_32,test,44.0,0.7212782238831454
embedding_hidden_32,test,45.0,0.7209319605108718
embedding_hidden_32,test,46.0,0.7205877541199257
embedding_hidden_32,test,47.0,0.7202455974474435
embedding_hidden_32,test,48.0,0.7199056874496141
embedding_hidden_32,test,49.0,0.7195680039711047
embedding_hidden_32,test,50.0,0.7192324921812527
embedding_hidden_32,test,51.0,0.7188989746366267
embedding_hidden_32,test,52.0,0.7185675064829515
embedding_hidden_32,test,53.0,0.7182379193350213
embedding_hidden_32,test,54.0,0.7179103386482835
embedding_hidden_32,test,55.0,0.7175849368499663
embedding_hidden_32,test,56.0,0.7172612382568433
embedding_hidden_32,test,57.0,0.7169392393284667
embedding_hidden_32,test,58.0,0.71661925985824
embedding_hidden_32,test,59.0,0.7163012353038575
embedding_hidden_32,test,60.0,0.7159851237903656
embedding_hidden_32,test,61.0,0.7156708757079536
embedding_hidden_32,test,62.0,0.7153585235894393
embedding_hidden_32,test,63.0,0.7150482505407872
embedding_hidden_32,test,64.0,0.7147399576484369
embedding_hidden_32,test,65.0,0.7144337855486613
embedding_hidden_32,test,66.0,0.7141295590841471
embedding_hidden_32,test,67.0,0.7138270804379478
embedding_hidden_32,test,68.0,0.7135262858079565
embedding_hidden_32,test,69.0,0.7132270792733785
embedding_hidden_32,test,70.0,0.7129296501386422
embedding_hidden_32,test,71.0,0.712633991973177
embedding_hidden_32,test,72.0,0.7123399721868935
embedding_hidden_32,test,73.0,0.7120480105081303
embedding_hidden_32,test,74.0,0.711757800056085
embedding_hidden_32,test,75.0,0.7114688068382907
embedding_hidden_32,test,76.0,0.7111813108035319
embedding_hidden_32,test,77.0,0.7108955231148972
embedding_hidden_32,test,78.0,0.7106113888340099
embedding_hidden_32,test,79.0,0.7103289786972159
embedding_hidden_32,test,80.0,0.7100479322486254
embedding_hidden_32,test,81.0,0.7097684512489333
embedding_hidden_32,test,82.0,0.7094905078083038
embedding_hidden_32,test,83.0,0.7092140338088969
embedding_hidden_32,test,84.0,0.7089388355277398
embedding_hidden_32,test,85.0,0.708665367747481
embedding_hidden_32,test,86.0,0.7083934816062424
embedding_hidden_32,test,87.0,0.7081234147364129
embedding_hidden_32,test,88.0,0.7078550494154808
embedding_hidden_32,test,89.0,0.7075882151285751
embedding_hidden_32,test,90.0,0.7073230115502291
embedding_hidden_32,test,91.0,0.7070594566219643
embedding_hidden_32,test,92.0,0.7067974570683508
embedding_hidden_32,test,93.0,0.7065370155311261
embedding_hidden_32,test,94.0,0.7062779924821998
embedding_hidden_32,test,95.0,0.7060204968253962
embedding_hidden_32,test,96.0,0.705764671079795
embedding_hidden_32,test,97.0,0.7055105268018651
embedding_hidden_32,test,98.0,0.7052576028396557
embedding_hidden_32,test,99.0,0.7050060602527071
embedding_hidden_32,test,100.0,0.7047559354265287
embedding_hidden_32,test,101.0,0.7045067828836262
embedding_hidden_32,test,102.0,0.7042591126994879
embedding_hidden_32,test,103.0,0.7040130283066315
embedding_hidden_32,test,104.0,0.7037681268817798
embedding_hidden_32,test,105.0,0.7035247579079484
embedding_hidden_32,test,106.0,0.7032825127533877
embedding_hidden_32,test,107.0,0.7030415776852724
embedding_hidden_32,test,108.0,0.7028021878528473
embedding_hidden_32,test,109.0,0.7025641270604845
embedding_hidden_32,test,110.0,0.7023273970979116
embedding_hidden_32,test,111.0,0.7020921340859542
embedding_hidden_32,test,112.0,0.7018580143223778
embedding_hidden_32,test,113.0,0.7016250540557316
embedding_hidden_32,test,114.0,0.7013933712767438
embedding_hidden_32,test,115.0,0.701163037685345
embedding_hidden_32,test,116.0,0.700933929027237
embedding_hidden_32,test,117.0,0.7007059411181702
embedding_hidden_32,test,118.0,0.7004793645715035
embedding_hidden_32,test,119.0,0.7002541005926458
embedding_hidden_32,test,120.0,0.7000300919522513
embedding_hidden_32,test,121.0,0.6998072645079056
embedding_hidden_32,test,122.0,0.6995858031347242
embedding_hidden_32,test,123.0,0.6993656731468698
embedding_hidden_32,test,124.0,0.6991468130396312
embedding_hidden_32,test,125.0,0.6989291767382645
embedding_hidden_32,test,126.0,0.6987128359302885
embedding_hidden_32,test,127.0,0.6984973623498234
embedding_hidden_32,test,128.0,0.6982828944387416
embedding_hidden_32,test,129.0,0.698069949711756
embedding_hidden_32,test,130.0,0.6978582679354188
embedding_hidden_32,test,131.0,0.6976477114118477
embedding_hidden_32,test,132.0,0.6974383143075978
embedding_hidden_32,test,133.0,0.6972301706350519
embedding_hidden_32,test,134.0,0.6970232807877684
embedding_hidden_32,test,135.0,0.6968174819596278
embedding_hidden_32,test,136.0,0.6966128895768264
embedding_hidden_32,test,137.0,0.6964096093462039
embedding_hidden_32,test,138.0,0.6962077160537083
embedding_hidden_32,test,139.0,0.6960069219742964
embedding_hidden_32,test,140.0,0.6958070764576111
embedding_hidden_32,test,141.0,0.6956081920431534
embedding_hidden_32,test,142.0,0.6954102050547548
embedding_hidden_32,test,143.0,0.695213178278609
embedding_hidden_32,test,144.0,0.6950174805543818
embedding_hidden_32,test,145.0,0.6948227699656193
embedding_hidden_32,test,146.0,0.694629267904995
embedding_hidden_32,test,147.0,0.6944366138567647
embedding_hidden_32,test,148.0,0.6942450343266181
embedding_hidden_32,test,149.0,0.6940545729907587
embedding_hidden_32,test,150.0,0.6938650980125186
embedding_hidden_32,test,151.0,0.6936766471132815
embedding_hidden_32,test,152.0,0.693489178347741
embedding_hidden_32,test,153.0,0.6933026329948133
embedding_hidden_32,test,154.0,0.6931171941275007
embedding_hidden_32,test,155.0,0.6929326063558396
embedding_hidden_32,test,156.0,0.6927490095214275
embedding_hidden_32,test,157.0,0.6925661546849883
embedding_hidden_32,test,158.0,0.692384408047287
embedding_hidden_32,test,159.0,0.6922035890618083
embedding_hidden_32,test,160.0,0.6920237351961805
embedding_hidden_32,test,161.0,0.6918450834647853
embedding_hidden_32,test,162.0,0.691667410099466
embedding_hidden_32,test,163.0,0.6914906374623709
embedding_hidden_32,test,164.0,0.6913147102597377
embedding_hidden_32,test,165.0,0.6911397318571739
embedding_hidden_32,test,166.0,0.6909655289217185
embedding_hidden_32,test,167.0,0.6907922164760514
embedding_hidden_32,test,168.0,0.6906197729946759
embedding_hidden_32,test,169.0,0.6904481960806115
embedding_hidden_32,test,170.0,0.6902775675849788
embedding_hidden_32,test,171.0,0.6901080080783738
embedding_hidden_32,test,172.0,0.68993930288615
embedding_hidden_32,test,173.0,0.6897716142452055
embedding_hidden_32,test,174.0,0.6896047762734665
embedding_hidden_32,test,175.0,0.6894385862211799
embedding_hidden_32,test,176.0,0.6892732808998578
embedding_hidden_32,test,177.0,0.6891087721474015
embedding_hidden_32,test,178.0,0.6889452259399285
embedding_hidden_32,test,179.0,0.6887825214902816
embedding_hidden_32,test,180.0,0.6886207000627755
embedding_hidden_32,test,181.0,0.6884598443081231
embedding_hidden_32,test,182.0,0.6882997579647101
embedding_hidden_32,test,183.0,0.6881404191914167
embedding_hidden_32,test,184.0,0.6879818653758887
embedding_hidden_32,test,185.0,0.6878240939868574
embedding_hidden_32,test,186.0,0.6876669889149465
embedding_hidden_32,test,187.0,0.6875108779360184
embedding_hidden_32,test,188.0,0.6873556129478272
embedding_hidden_32,test,189.0,0.6872012385543654
embedding_hidden_32,test,190.0,0.687047887216303
embedding_hidden_32,test,191.0,0.6868953433687851
embedding_hidden_32,test,192.0,0.6867435501320485
embedding_hidden_32,test,193.0,0.6865921894427991
embedding_hidden_32,test,194.0,0.686441641173316
embedding_hidden_32,test,195.0,0.6862918877418012
embedding_hidden_32,test,196.0,0.6861429227137461
embedding_hidden_32,test,197.0,0.6859947560427964
embedding_hidden_32,test,198.0,0.6858473527107355
embedding_hidden_32,test,199.0,0.6857006864156383
embedding_hidden_32,test,200.0,0.6855548318024457
embedding_hidden_64,train,1.0,0.7642825692268309
embedding_hidden_64,train,2.0,0.7633118602969181
embedding_hidden_64,train,3.0,0.7623476433504305
embedding_hidden_64,train,4.0,0.7613898017745775
embedding_hidden_64,train,5.0,0.7604383030000508
embedding_hidden_64,train,6.0,0.7594931639672956
embedding_hidden_64,train,7.0,0.7585541388271715
embedding_hidden_64,train,8.0,0.7576214692656869
embedding_hidden_64,train,9.0,0.7566950084643612
embedding_hidden_64,train,10.0,0.7557747109707396
embedding_hidden_64,train,11.0,0.7548604770674899
embedding_hidden_64,train,12.0,0.7539521082414058
embedding_hidden_64,train,13.0,0.7530496548005029
embedding_hidden_64,train,14.0,0.7521529142511507
embedding_hidden_64,train,15.0,0.7512620252956493
embedding_hidden_64,train,16.0,0.7503770216491036
embedding_hidden_64,train,17.0,0.7494979321148381
embedding_hidden_64,train,18.0,0.7486245989476104
embedding_hidden_64,train,19.0,0.7477570791531828
embedding_hidden_64,train,20.0,0.7468951980062458
embedding_hidden_64,train,21.0,0.746038922183233
embedding_hidden_64,train,22.0,0.7451882511589887
embedding_hidden_64,train,23.0,0.7443431296992628
embedding_hidden_64,train,24.0,0.7435036122946835
embedding_hidden_64,train,25.0,0.7426695694134676
embedding_hidden_64,train,26.0,0.7418408739229492
embedding_hidden_64,train,27.0,0.7410175460397284
embedding_hidden_64,train,28.0,0.7401995877146319
embedding_hidden_64,train,29.0,0.739386817602933
embedding_hidden_64,train,30.0,0.7385792802539386
embedding_hidden_64,train,31.0,0.7377770363625089
embedding_hidden_64,train,32.0,0.7369800460028448
embedding_hidden_64,train,33.0,0.7361882141296331
embedding_hidden_64,train,34.0,0.7354016984287582
embedding_hidden_64,train,35.0,0.7346203478404041
embedding_hidden_64,train,36.0,0.7338440737978271
embedding_hidden_64,train,37.0,0.7330727221592583
embedding_hidden_64,train,38.0,0.7323062401405374
embedding_hidden_64,train,39.0,0.7315447642850497
embedding_hidden_64,train,40.0,0.7307882722687191
embedding_hidden_64,train,41.0,0.7300366384843915
embedding_hidden_64,train,42.0,0.7292898690009264
embedding_hidden_64,train,43.0,0.7285478737408946
embedding_hidden_64,train,44.0,0.7278107598186745
embedding_hidden_64,train,45.0,0.7270784205919572
embedding_hidden_64,train,46.0,0.7263507051376034
embedding_hidden_64,train,47.0,0.7256276286940928
embedding_hidden_64,train,48.0,0.7249091885155426
embedding_hidden_64,train,49.0,0.7241953818542614
embedding_hidden_64,train,50.0,0.7234863118326749
embedding_hidden_64,train,51.0,0.7227818335588864
embedding_hidden_64,train,52.0,0.7220818427811486
embedding_hidden_64,train,53.0,0.7213863186939857
embedding_hidden_64,train,54.0,0.7206951020926999
embedding_hidden_64,train,55.0,0.7200083541690278
embedding_hidden_64,train,56.0,0.7193260184130241
embedding_hidden_64,train,57.0,0.7186479353858469
embedding_hidden_64,train,58.0,0.7179740844144786
embedding_hidden_64,train,59.0,0.7173045856690013
embedding_hidden_64,train,60.0,0.7166393224865354
embedding_hidden_64,train,61.0,0.7159782838158989
embedding_hidden_64,train,62.0,0.7153214414003685
embedding_hidden_64,train,63.0,0.7146686691496549
embedding_hidden_64,train,64.0,0.7140199002741351
embedding_hidden_64,train,65.0,0.7133752245148475
embedding_hidden_64,train,66.0,0.7127347102926109
embedding_hidden_64,train,67.0,0.7120981908421176
embedding_hidden_64,train,68.0,0.7114656364491957
embedding_hidden_64,train,69.0,0.7108371172329877
embedding_hidden_64,train,70.0,0.7102126335807313
embedding_hidden_64,train,71.0,0.7095922459598875
embedding_hidden_64,train,72.0,0.7089757820069661
embedding_hidden_64,train,73.0,0.7083631927085295
embedding_hidden_64,train,74.0,0.7077544294838034
embedding_hidden_64,train,75.0,0.7071494245194839
embedding_hidden_64,train,76.0,0.7065481849099908
embedding_hidden_64,train,77.0,0.70595075865108
embedding_hidden_64,train,78.0,0.7053572654934748
embedding_hidden_64,train,79.0,0.7047675043305901
embedding_hidden_64,train,80.0,0.7041813989042638
embedding_hidden_64,train,81.0,0.7035989192202692
embedding_hidden_64,train,82.0,0.7030200725543635
embedding_hidden_64,train,83.0,0.7024447398770006
embedding_hidden_64,train,84.0,0.7018729049610768
embedding_hidden_64,train,85.0,0.7013046301021966
embedding_hidden_64,train,86.0,0.7007400213625274
embedding_hidden_64,train,87.0,0.7001789190777745
embedding_hidden_64,train,88.0,0.6996212705967177
embedding_hidden_64,train,89.0,0.6990670451548195
embedding_hidden_64,train,90.0,0.6985161972656319
embedding_hidden_64,train,91.0,0.6979687482800266
embedding_hidden_64,train,92.0,0.6974247432120457
embedding_hidden_64,train,93.0,0.6968841179291606
embedding_hidden_64,train,94.0,0.6963467635137863
embedding_hidden_64,train,95.0,0.6958126922405296
embedding_hidden_64,train,96.0,0.6952817441020555
embedding_hidden_64,train,97.0,0.6947539664403926
embedding_hidden_64,train,98.0,0.6942293688177689
embedding_hidden_64,train,99.0,0.6937079029442664
embedding_hidden_64,train,100.0,0.6931896309363631
embedding_hidden_64,train,101.0,0.6926744383277854
embedding_hidden_64,train,102.0,0.6921622689957501
embedding_hidden_64,train,103.0,0.6916530251899821
embedding_hidden_64,train,104.0,0.6911468635120709
embedding_hidden_64,train,105.0,0.6906437286611036
embedding_hidden_64,train,106.0,0.6901435852232195
embedding_hidden_64,train,107.0,0.6896463202304033
embedding_hidden_64,train,108.0,0.6891520257556176
embedding_hidden_64,train,109.0,0.6886605940837346
embedding_hidden_64,train,110.0,0.6881721796555046
embedding_hidden_64,train,111.0,0.6876867051309415
embedding_hidden_64,train,112.0,0.6872040611268215
embedding_hidden_64,train,113.0,0.6867242317427642
embedding_hidden_64,train,114.0,0.6862473388245952
embedding_hidden_64,train,115.0,0.6857732897849521
embedding_hidden_64,train,116.0,0.6853019726370151
embedding_hidden_64,train,117.0,0.6848333861632332
embedding_hidden_64,train,118.0,0.6843674682460511
embedding_hidden_64,train,119.0,0.6839042525355334
embedding_hidden_64,train,120.0,0.6834437292804478
embedding_hidden_64,train,121.0,0.682985833561492
embedding_hidden_64,train,122.0,0.6825306554805183
embedding_hidden_64,train,123.0,0.6820780738497959
embedding_hidden_64,train,124.0,0.6816280725435605
embedding_hidden_64,train,125.0,0.6811806713923237
embedding_hidden_64,train,126.0,0.6807358263567228
embedding_hidden_64,train,127.0,0.6802935659971493
embedding_hidden_64,train,128.0,0.6798538706558358
embedding_hidden_64,train,129.0,0.6794167154727464
embedding_hidden_64,train,130.0,0.6789820479221556
embedding_hidden_64,train,131.0,0.6785498779391784
embedding_hidden_64,train,132.0,0.6781201884473936
embedding_hidden_64,train,133.0,0.6776929114784906
embedding_hidden_64,train,134.0,0.677268030562397
embedding_hidden_64,train,135.0,0.6768455098063685
embedding_hidden_64,train,136.0,0.6764253936030153
embedding_hidden_64,train,137.0,0.6760076526409827
embedding_hidden_64,train,138.0,0.6755922968113982
embedding_hidden_64,train,139.0,0.675179300778457
embedding_hidden_64,train,140.0,0.6747685906717409
embedding_hidden_64,train,141.0,0.6743602079723939
embedding_hidden_64,train,142.0,0.6739540426085766
embedding_hidden_64,train,143.0,0.67355009344456
embedding_hidden_64,train,144.0,0.6731483428133005
embedding_hidden_64,train,145.0,0.6727487678608755
embedding_hidden_64,train,146.0,0.6723513898575971
embedding_hidden_64,train,147.0,0.671956199583667
embedding_hidden_64,train,148.0,0.6715631903350409
embedding_hidden_64,train,149.0,0.6711722288946775
embedding_hidden_64,train,150.0,0.6707833938300298
embedding_hidden_64,train,151.0,0.6703966623532128
embedding_hidden_64,train,152.0,0.6700120846892782
embedding_hidden_64,train,153.0,0.6696296708490759
embedding_hidden_64,train,154.0,0.6692493006275406
embedding_hidden_64,train,155.0,0.6688709465507529
embedding_hidden_64,train,156.0,0.6684945837879976
embedding_hidden_64,train,157.0,0.6681201993916763
embedding_hidden_64,train,158.0,0.6677478376573583
embedding_hidden_64,train,159.0,0.6673774632954206
embedding_hidden_64,train,160.0,0.6670090462815118
embedding_hidden_64,train,161.0,0.6666425525510993
embedding_hidden_64,train,162.0,0.6662780206247663
embedding_hidden_64,train,163.0,0.6659154260588449
embedding_hidden_64,train,164.0,0.6655547619912594
embedding_hidden_64,train,165.0,0.665196056942623
embedding_hidden_64,train,166.0,0.66483928317426
embedding_hidden_64,train,167.0,0.6644844308959422
embedding_hidden_64,train,168.0,0.6641314393855969
embedding_hidden_64,train,169.0,0.6637802543814418
embedding_hidden_64,train,170.0,0.6634308413697596
embedding_hidden_64,train,171.0,0.6630832441891534
embedding_hidden_64,train,172.0,0.6627374587888619
embedding_hidden_64,train,173.0,0.6623934870778742
embedding_hidden_64,train,174.0,0.6620512909655644
embedding_hidden_64,train,175.0,0.6617109157451775
embedding_hidden_64,train,176.0,0.661372254804116
embedding_hidden_64,train,177.0,0.6610353107469135
embedding_hidden_64,train,178.0,0.6607001022829669
embedding_hidden_64,train,179.0,0.6603666308961946
embedding_hidden_64,train,180.0,0.6600348771868784
embedding_hidden_64,train,181.0,0.6597048606504281
embedding_hidden_64,train,182.0,0.6593766193881712
embedding_hidden_64,train,183.0,0.6590500286732217
embedding_hidden_64,train,184.0,0.6587251137238765
embedding_hidden_64,train,185.0,0.6584019109153786
embedding_hidden_64,train,186.0,0.6580803234918423
embedding_hidden_64,train,187.0,0.6577603493615322
embedding_hidden_64,train,188.0,0.6574418808233314
embedding_hidden_64,train,189.0,0.657124934942092
embedding_hidden_64,train,190.0,0.6568095133506853
embedding_hidden_64,train,191.0,0.6564956828930851
embedding_hidden_64,train,192.0,0.6561834446388922
embedding_hidden_64,train,193.0,0.65587279254188
embedding_hidden_64,train,194.0,0.6555636719471564
embedding_hidden_64,train,195.0,0.65525610044995
embedding_hidden_64,train,196.0,0.65495003458135
embedding_hidden_64,train,197.0,0.6546454941097978
embedding_hidden_64,train,198.0,0.6543424580716553
embedding_hidden_64,train,199.0,0.6540409089265384
embedding_hidden_64,train,200.0,0.6537408968200819
embedding_hidden_64,test,1.0,0.763935271200933
embedding_hidden_64,test,2.0,0.7631321482144904
embedding_hidden_64,test,3.0,0.7623348964708047
embedding_hidden_64,test,4.0,0.7615437196731077
embedding_hidden_64,test,5.0,0.7607582785724307
embedding_hidden_64,test,6.0,0.7599785377508956
embedding_hidden_64,test,7.0,0.759204599710229
embedding_hidden_64,test,8.0,0.7584363115571169
embedding_hidden_64,test,9.0,0.7576736829994483
embedding_hidden_64,test,10.0,0.756916817374444
embedding_hidden_64,test,11.0,0.7561654215762962
embedding_hidden_64,test,12.0,0.7554194241368861
embedding_hidden_64,test,13.0,0.7546789077010805
embedding_hidden_64,test,14.0,0.7539438124642344
embedding_hidden_64,test,15.0,0.7532142881885187
embedding_hidden_64,test,16.0,0.7524904464493363
embedding_hidden_64,test,17.0,0.7517721240959927
embedding_hidden_64,test,18.0,0.7510591843019537
embedding_hidden_64,test,19.0,0.7503515285219686
embedding_hidden_64,test,20.0,0.7496491352237469
embedding_hidden_64,test,21.0,0.7489521173742288
embedding_hidden_64,test,22.0,0.7482601396499875
embedding_hidden_64,test,23.0,0.7475734673883849
embedding_hidden_64,test,24.0,0.7468918342697345
embedding_hidden_64,test,25.0,0.7462152759957698
embedding_hidden_64,test,26.0,0.7455437196135541
embedding_hidden_64,test,27.0,0.7448771895407156
embedding_hidden_64,test,28.0,0.7442158128177471
embedding_hidden_64,test,29.0,0.7435593264510434
embedding_hidden_64,test,30.0,0.7429077296416071
embedding_hidden_64,test,31.0,0.7422609135989502
embedding_hidden_64,test,32.0,0.7416189089700018
embedding_hidden_64,test,33.0,0.7409817497095188
embedding_hidden_64,test,34.0,0.7403493323410648
embedding_hidden_64,test,35.0,0.7397216588751796
embedding_hidden_64,test,36.0,0.7390985267706591
embedding_hidden_64,test,37.0,0.7384798987284709
embedding_hidden_64,test,38.0,0.7378658045659312
embedding_hidden_64,test,39.0,0.7372562576261634
embedding_hidden_64,test,40.0,0.7366512837506682
embedding_hidden_64,test,41.0,0.7360507589664607
embedding_hidden_64,test,42.0,0.7354547805500558
embedding_hidden_64,test,43.0,0.7348632338379394
embedding_hidden_64,test,44.0,0.7342761534009352
embedding_hidden_64,test,45.0,0.7336934726537662
embedding_hidden_64,test,46.0,0.7331150774619457
embedding_hidden_64,test,47.0,0.7325407961776301
embedding_hidden_64,test,48.0,0.7319708967639488
embedding_hidden_64,test,49.0,0.7314053490763801
embedding_hidden_64,test,50.0,0.730843981109393
embedding_hidden_64,test,51.0,0.7302868707996996
embedding_hidden_64,test,52.0,0.729733999574816
embedding_hidden_64,test,53.0,0.7291849506131969
embedding_hidden_64,test,54.0,0.7286401068095254
embedding_hidden_64,test,55.0,0.7280994097537661
embedding_hidden_64,test,56.0,0.727562578397084
embedding_hidden_64,test,57.0,0.7270298180497067
embedding_hidden_64,test,58.0,0.7265010073275533
embedding_hidden_64,test,59.0,0.7259759471230216
embedding_hidden_64,test,60.0,0.7254547421605074
embedding_hidden_64,test,61.0,0.724937497367973
embedding_hidden_64,test,62.0,0.7244240019040868
embedding_hidden_64,test,63.0,0.7239142362536484
embedding_hidden_64,test,64.0,0.7234083346748886
embedding_hidden_64,test,65.0,0.7229064946675401
embedding_hidden_64,test,66.0,0.7224083303026563
embedding_hidden_64,test,67.0,0.7219136513631785
embedding_hidden_64,test,68.0,0.7214226846008361
embedding_hidden_64,test,69.0,0.7209355320005753
embedding_hidden_64,test,70.0,0.7204520719826444
embedding_hidden_64,test,71.0,0.719972173905164
embedding_hidden_64,test,72.0,0.7194958809541185
embedding_hidden_64,test,73.0,0.7190230018578622
embedding_hidden_64,test,74.0,0.7185536503707712
embedding_hidden_64,test,75.0,0.7180877080606056
embedding_hidden_64,test,76.0,0.7176253484411015
embedding_hidden_64,test,77.0,0.7171666143642532
embedding_hidden_64,test,78.0,0.7167112883176527
embedding_hidden_64,test,79.0,0.7162593945865929
embedding_hidden_64,test,80.0,0.7158110012012585
embedding_hidden_64,test,81.0,0.715365957011523
embedding_hidden_64,test,82.0,0.7149242738604931
embedding_hidden_64,test,83.0,0.7144858492083106
embedding_hidden_64,test,84.0,0.7140505990511994
embedding_hidden_64,test,85.0,0.7136187372401637
embedding_hidden_64,test,86.0,0.7131900770508734
embedding_hidden_64,test,87.0,0.712764760925879
embedding_hidden_64,test,88.0,0.7123424812277415
embedding_hidden_64,test,89.0,0.7119231833129892
embedding_hidden_64,test,90.0,0.7115070242177021
embedding_hidden_64,test,91.0,0.7110939056227489
embedding_hidden_64,test,92.0,0.7106839551620252
embedding_hidden_64,test,93.0,0.7102771669592218
embedding_hidden_64,test,94.0,0.7098734316339945
embedding_hidden_64,test,95.0,0.7094725735351058
embedding_hidden_64,test,96.0,0.7090747967558969
embedding_hidden_64,test,97.0,0.7086800215121108
embedding_hidden_64,test,98.0,0.7082880830614047
embedding_hidden_64,test,99.0,0.7078989098315533
embedding_hidden_64,test,100.0,0.7075124794256114
embedding_hidden_64,test,101.0,0.7071290083500876
embedding_hidden_64,test,102.0,0.7067484057700841
embedding_hidden_64,test,103.0,0.7063707115664737
embedding_hidden_64,test,104.0,0.7059957584297146
embedding_hidden_64,test,105.0,0.7056234963183431
embedding_hidden_64,test,106.0,0.7052538639957134
embedding_hidden_64,test,107.0,0.7048869465713432
embedding_hidden_64,test,108.0,0.7045224193074182
embedding_hidden_64,test,109.0,0.704160551709607
embedding_hidden_64,test,110.0,0.7038012087982629
embedding_hidden_64,test,111.0,0.7034445276396616
embedding_hidden_64,test,112.0,0.7030903750362059
embedding_hidden_64,test,113.0,0.702738840727807
embedding_hidden_64,test,114.0,0.7023898755232628
embedding_hidden_64,test,115.0,0.7020434608950268
embedding_hidden_64,test,116.0,0.7016996024240314
embedding_hidden_64,test,117.0,0.701358118456385
embedding_hidden_64,test,118.0,0.7010192172429993
embedding_hidden_64,test,119.0,0.7006825971426395
embedding_hidden_64,test,120.0,0.7003484873670466
embedding_hidden_64,test,121.0,0.7000167453227718
embedding_hidden_64,test,122.0,0.6996873380063161
embedding_hidden_64,test,123.0,0.6993603057788742
embedding_hidden_64,test,124.0,0.6990355375333095
embedding_hidden_64,test,125.0,0.6987133652511683
embedding_hidden_64,test,126.0,0.6983935704274987
embedding_hidden_64,test,127.0,0.6980761849599003
embedding_hidden_64,test,128.0,0.6977611145121398
embedding_hidden_64,test,129.0,0.697448295304255
embedding_hidden_64,test,130.0,0.6971377343699163
embedding_hidden_64,test,131.0,0.6968295669162012
embedding_hidden_64,test,132.0,0.6965235158435649
embedding_hidden_64,test,133.0,0.6962195970223684
embedding_hidden_64,test,134.0,0.695917807794886
embedding_hidden_64,test,135.0,0.695618169125336
embedding_hidden_64,test,136.0,0.6953206947402746
embedding_hidden_64,test,137.0,0.6950254962262166
embedding_hidden_64,test,138.0,0.6947325006780941
embedding_hidden_64,test,139.0,0.6944414428458833
embedding_hidden_64,test,140.0,0.6941524599362756
embedding_hidden_64,test,141.0,0.6938654978388387
embedding_hidden_64,test,142.0,0.693580645066127
embedding_hidden_64,test,143.0,0.6932978477602659
embedding_hidden_64,test,144.0,0.6930171453737888
embedding_hidden_64,test,145.0,0.6927383462592258
embedding_hidden_64,test,146.0,0.6924615902278467
embedding_hidden_64,test,147.0,0.6921868743074816
embedding_hidden_64,test,148.0,0.6919141484974178
embedding_hidden_64,test,149.0,0.6916434043389617
embedding_hidden_64,test,150.0,0.6913743319588772
embedding_hidden_64,test,151.0,0.6911072225266449
embedding_hidden_64,test,152.0,0.6908420158094225
embedding_hidden_64,test,153.0,0.6905786479471395
embedding_hidden_64,test,154.0,0.6903169991986611
embedding_hidden_64,test,155.0,0.6900573209423121
embedding_hidden_64,test,156.0,0.6897996044641075
embedding_hidden_64,test,157.0,0.6895436861349944
embedding_hidden_64,test,158.0,0.6892895799152173
embedding_hidden_64,test,159.0,0.6890372793705972
embedding_hidden_64,test,160.0,0.6887867561322364
embedding_hidden_64,test,161.0,0.6885379367102812
embedding_hidden_64,test,162.0,0.6882908937510591
embedding_hidden_64,test,163.0,0.6880455162109105
embedding_hidden_64,test,164.0,0.6878017713612923
embedding_hidden_64,test,165.0,0.6875597094768272
embedding_hidden_64,test,166.0,0.6873193673083369
embedding_hidden_64,test,167.0,0.6870806718611064
embedding_hidden_64,test,168.0,0.6868436577592253
embedding_hidden_64,test,169.0,0.6866082321503695
embedding_hidden_64,test,170.0,0.6863743957340678
embedding_hidden_64,test,171.0,0.6861421816903448
embedding_hidden_64,test,172.0,0.6859116733134535
embedding_hidden_64,test,173.0,0.685682736591426
embedding_hidden_64,test,174.0,0.6854554223652667
embedding_hidden_64,test,175.0,0.685229688118562
embedding_hidden_64,test,176.0,0.6850055563984152
embedding_hidden_64,test,177.0,0.6847828986153303
embedding_hidden_64,test,178.0,0.6845618398676819
embedding_hidden_64,test,179.0,0.684342285333002
embedding_hidden_64,test,180.0,0.6841243465727904
embedding_hidden_64,test,181.0,0.6839079234135398
embedding_hidden_64,test,182.0,0.6836930639620774
embedding_hidden_64,test,183.0,0.6834796993977562
embedding_hidden_64,test,184.0,0.6832678952377209
embedding_hidden_64,test,185.0,0.6830576370263399
embedding_hidden_64,test,186.0,0.682848854697679
embedding_hidden_64,test,187.0,0.6826414317910234
embedding_hidden_64,test,188.0,0.6824354298181241
embedding_hidden_64,test,189.0,0.6822307446310084
embedding_hidden_64,test,190.0,0.6820275881471056
embedding_hidden_64,test,191.0,0.6818257928350219
embedding_hidden_64,test,192.0,0.6816254617528051
embedding_hidden_64,test,193.0,0.6814264892433626
embedding_hidden_64,test,194.0,0.6812289944687789
embedding_hidden_64,test,195.0,0.6810329146843807
embedding_hidden_64,test,196.0,0.6808381649947138
embedding_hidden_64,test,197.0,0.6806447620160316
embedding_hidden_64,test,198.0,0.6804526482138236
embedding_hidden_64,test,199.0,0.6802619269031102
embedding_hidden_64,test,200.0,0.6800724882928819
embedding_hidden_4,train,1.0,0.7498216552840153
embedding_hidden_4,train,2.0,0.7492149147814613
embedding_hidden_4,train,3.0,0.7486141014726106
embedding_hidden_4,train,4.0,0.7480183824939793
embedding_hidden_4,train,5.0,0.7474290440918939
embedding_hidden_4,train,6.0,0.7468462148994227
embedding_hidden_4,train,7.0,0.7462684664607088
embedding_hidden_4,train,8.0,0.7456955361379372
embedding_hidden_4,train,9.0,0.7451278064690895
embedding_hidden_4,train,10.0,0.7445629720971128
embedding_hidden_4,train,11.0,0.7440022690549397
embedding_hidden_4,train,12.0,0.7434466090534857
embedding_hidden_4,train,13.0,0.7428955201268284
embedding_hidden_4,train,14.0,0.7423495002453773
embedding_hidden_4,train,15.0,0.7418083919104214
embedding_hidden_4,train,16.0,0.7412714386534478
embedding_hidden_4,train,17.0,0.7407395654863727
embedding_hidden_4,train,18.0,0.7402122262786321
embedding_hidden_4,train,19.0,0.7396893114553562
embedding_hidden_4,train,20.0,0.7391702286060847
embedding_hidden_4,train,21.0,0.7386553209904276
embedding_hidden_4,train,22.0,0.7381445859708535
embedding_hidden_4,train,23.0,0.7376371928395942
embedding_hidden_4,train,24.0,0.7371342544324249
embedding_hidden_4,train,25.0,0.7366351275033717
embedding_hidden_4,train,26.0,0.7361394457736472
embedding_hidden_4,train,27.0,0.7356467018059588
embedding_hidden_4,train,28.0,0.7351573320480665
embedding_hidden_4,train,29.0,0.7346719808340538
embedding_hidden_4,train,30.0,0.7341915028023697
embedding_hidden_4,train,31.0,0.7337156245751533
embedding_hidden_4,train,32.0,0.733244065114318
embedding_hidden_4,train,33.0,0.732775939884003
embedding_hidden_4,train,34.0,0.7323102229648208
embedding_hidden_4,train,35.0,0.7318484797050029
embedding_hidden_4,train,36.0,0.7313910243356774
embedding_hidden_4,train,37.0,0.7309372117210382
embedding_hidden_4,train,38.0,0.7304864750610393
embedding_hidden_4,train,39.0,0.7300392907333072
embedding_hidden_4,train,40.0,0.729595307289099
embedding_hidden_4,train,41.0,0.7291547660108039
embedding_hidden_4,train,42.0,0.7287175693326016
embedding_hidden_4,train,43.0,0.7282836158577324
embedding_hidden_4,train,44.0,0.7278532781062845
embedding_hidden_4,train,45.0,0.7274265829805503
embedding_hidden_4,train,46.0,0.7270040600987725
embedding_hidden_4,train,47.0,0.7265859172196518
embedding_hidden_4,train,48.0,0.7261714864130162
embedding_hidden_4,train,49.0,0.7257603119541993
embedding_hidden_4,train,50.0,0.7253512412067198
embedding_hidden_4,train,51.0,0.7249451243974492
embedding_hidden_4,train,52.0,0.7245417223606372
embedding_hidden_4,train,53.0,0.7241408481293253
embedding_hidden_4,train,54.0,0.7237433282069557
embedding_hidden_4,train,55.0,0.7233484007243446
embedding_hidden_4,train,56.0,0.7229562699997171
embedding_hidden_4,train,57.0,0.7225661400519862
embedding_hidden_4,train,58.0,0.7221787154227057
embedding_hidden_4,train,59.0,0.7217938035350818
embedding_hidden_4,train,60.0,0.7214119450999907
embedding_hidden_4,train,61.0,0.7210335251519825
embedding_hidden_4,train,62.0,0.7206572810684662
embedding_hidden_4,train,63.0,0.7202843879726435
embedding_hidden_4,train,64.0,0.719914557450294
embedding_hidden_4,train,65.0,0.7195482152855827
embedding_hidden_4,train,66.0,0.7191847871028928
embedding_hidden_4,train,67.0,0.7188239309777834
embedding_hidden_4,train,68.0,0.7184655738629971
embedding_hidden_4,train,69.0,0.718109503859172
embedding_hidden_4,train,70.0,0.7177555091969777
embedding_hidden_4,train,71.0,0.717403495871413
embedding_hidden_4,train,72.0,0.717053879048254
embedding_hidden_4,train,73.0,0.7167071974488616
embedding_hidden_4,train,74.0,0.7163626938115846
embedding_hidden_4,train,75.0,0.7160209093796693
embedding_hidden_4,train,76.0,0.7156814797249023
embedding_hidden_4,train,77.0,0.7153437112563645
embedding_hidden_4,train,78.0,0.7150086608521291
embedding_hidden_4,train,79.0,0.7146760482104239
embedding_hidden_4,train,80.0,0.7143454974787854
embedding_hidden_4,train,81.0,0.7140169803511702
embedding_hidden_4,train,82.0,0.7136906598522071
embedding_hidden_4,train,83.0,0.7133674871558771
embedding_hidden_4,train,84.0,0.7130469229842042
embedding_hidden_4,train,85.0,0.7127285495538372
embedding_hidden_4,train,86.0,0.7124117641266757
embedding_hidden_4,train,87.0,0.7120965676090482
embedding_hidden_4,train,88.0,0.711783281540008
embedding_hidden_4,train,89.0,0.7114720429490425
embedding_hidden_4,train,90.0,0.7111620704004238
embedding_hidden_4,train,91.0,0.7108535998064325
embedding_hidden_4,train,92.0,0.7105469619189326
embedding_hidden_4,train,93.0,0.7102422538742142
embedding_hidden_4,train,94.0,0.7099394315379447
embedding_hidden_4,train,95.0,0.7096391281557779
embedding_hidden_4,train,96.0,0.7093412078827441
embedding_hidden_4,train,97.0,0.7090452206342251
embedding_hidden_4,train,98.0,0.7087510190756963
embedding_hidden_4,train,99.0,0.7084586468834241
embedding_hidden_4,train,100.0,0.7081683061442405
embedding_hidden_4,train,101.0,0.7078799224966332
embedding_hidden_4,train,102.0,0.7075931316181252
embedding_hidden_4,train,103.0,0.707307462750252
embedding_hidden_4,train,104.0,0.7070234186438962
embedding_hidden_4,train,105.0,0.7067413890513603
embedding_hidden_4,train,106.0,0.7064614335484853
embedding_hidden_4,train,107.0,0.706182552583256
embedding_hidden_4,train,108.0,0.7059053647351842
embedding_hidden_4,train,109.0,0.7056301127444858
embedding_hidden_4,train,110.0,0.7053566955908797
embedding_hidden_4,train,111.0,0.7050847490610521
embedding_hidden_4,train,112.0,0.7048146252719689
embedding_hidden_4,train,113.0,0.7045461732577027
embedding_hidden_4,train,114.0,0.7042795462196674
embedding_hidden_4,train,115.0,0.7040143896435541
embedding_hidden_4,train,116.0,0.7037505387681953
embedding_hidden_4,train,117.0,0.7034885218216922
embedding_hidden_4,train,118.0,0.7032283149220843
embedding_hidden_4,train,119.0,0.7029696732849404
embedding_hidden_4,train,120.0,0.7027126870221349
embedding_hidden_4,train,121.0,0.7024567884770103
embedding_hidden_4,train,122.0,0.7022021005934025
embedding_hidden_4,train,123.0,0.7019482315413572
embedding_hidden_4,train,124.0,0.7016956371711769
embedding_hidden_4,train,125.0,0.7014445333869669
embedding_hidden_4,train,126.0,0.7011948082207892
embedding_hidden_4,train,127.0,0.7009467111406165
embedding_hidden_4,train,128.0,0.7006996136616388
embedding_hidden_4,train,129.0,0.7004541652073526
embedding_hidden_4,train,130.0,0.7002103730465643
embedding_hidden_4,train,131.0,0.6999679397198106
embedding_hidden_4,train,132.0,0.6997264247227731
embedding_hidden_4,train,133.0,0.6994861941803382
embedding_hidden_4,train,134.0,0.6992472822624245
embedding_hidden_4,train,135.0,0.6990096465852071
embedding_hidden_4,train,136.0,0.6987726533234614
embedding_hidden_4,train,137.0,0.6985367993106223
embedding_hidden_4,train,138.0,0.6983020998215937
embedding_hidden_4,train,139.0,0.6980685992760154
embedding_hidden_4,train,140.0,0.6978363210299976
embedding_hidden_4,train,141.0,0.6976053033296601
embedding_hidden_4,train,142.0,0.6973753864443564
embedding_hidden_4,train,143.0,0.6971468286234807
embedding_hidden_4,train,144.0,0.6969194841660036
embedding_hidden_4,train,145.0,0.6966933411146914
embedding_hidden_4,train,146.0,0.6964681583131515
embedding_hidden_4,train,147.0,0.6962446820613046
embedding_hidden_4,train,148.0,0.6960224478817735
embedding_hidden_4,train,149.0,0.6958012054974771
embedding_hidden_4,train,150.0,0.6955813447503874
embedding_hidden_4,train,151.0,0.6953625250059952
embedding_hidden_4,train,152.0,0.6951446093755489
embedding_hidden_4,train,153.0,0.6949277605731861
embedding_hidden_4,train,154.0,0.6947123348710184
embedding_hidden_4,train,155.0,0.6944979436203375
embedding_hidden_4,train,156.0,0.6942842065872891
embedding_hidden_4,train,157.0,0.6940716385411467
embedding_hidden_4,train,158.0,0.693860255598403
embedding_hidden_4,train,159.0,0.6936497905712206
embedding_hidden_4,train,160.0,0.6934403375091913
embedding_hidden_4,train,161.0,0.6932317482063178
embedding_hidden_4,train,162.0,0.6930240460753183
embedding_hidden_4,train,163.0,0.6928174126414033
embedding_hidden_4,train,164.0,0.6926114920452967
embedding_hidden_4,train,165.0,0.692406635017329
embedding_hidden_4,train,166.0,0.6922019267397646
embedding_hidden_4,train,167.0,0.6919984233955004
embedding_hidden_4,train,168.0,0.69179540643249
embedding_hidden_4,train,169.0,0.6915929839030432
embedding_hidden_4,train,170.0,0.6913913304430538
embedding_hidden_4,train,171.0,0.6911904948198054
embedding_hidden_4,train,172.0,0.6909906840433422
embedding_hidden_4,train,173.0,0.6907919746132082
embedding_hidden_4,train,174.0,0.6905942819948019
embedding_hidden_4,train,175.0,0.6903975138066143
embedding_hidden_4,train,176.0,0.6902016121813116
embedding_hidden_4,train,177.0,0.6900065420987787
embedding_hidden_4,train,178.0,0.6898123935851397
embedding_hidden_4,train,179.0,0.6896192889334708
embedding_hidden_4,train,180.0,0.6894270941526185
embedding_hidden_4,train,181.0,0.6892356259124968
embedding_hidden_4,train,182.0,0.6890450747313354
embedding_hidden_4,train,183.0,0.6888550516034873
embedding_hidden_4,train,184.0,0.688665339705952
embedding_hidden_4,train,185.0,0.6884765004072284
embedding_hidden_4,train,186.0,0.6882885636624934
embedding_hidden_4,train,187.0,0.6881012871531688
embedding_hidden_4,train,188.0,0.687914613992792
embedding_hidden_4,train,189.0,0.6877288185305087
embedding_hidden_4,train,190.0,0.6875437150351276
embedding_hidden_4,train,191.0,0.6873594541028173
embedding_hidden_4,train,192.0,0.6871759478507016
embedding_hidden_4,train,193.0,0.6869931397831277
embedding_hidden_4,train,194.0,0.6868112654896289
embedding_hidden_4,train,195.0,0.6866303123035075
embedding_hidden_4,train,196.0,0.6864500103901692
embedding_hidden_4,train,197.0,0.686270247562695
embedding_hidden_4,train,198.0,0.6860911502054432
embedding_hidden_4,train,199.0,0.6859127440999677
embedding_hidden_4,train,200.0,0.6857352439521722
embedding_hidden_4,test,1.0,0.7478184377539971
embedding_hidden_4,test,2.0,0.747387355285875
embedding_hidden_4,test,3.0,0.7469596729680036
embedding_hidden_4,test,4.0,0.746536965398902
embedding_hidden_4,test,5.0,0.7461182173884268
embedding_hidden_4,test,6.0,0.7457045954961129
embedding_hidden_4,test,7.0,0.7452945838505702
embedding_hidden_4,test,8.0,0.7448873754104137
embedding_hidden_4,test,9.0,0.7444823253435795
embedding_hidden_4,test,10.0,0.7440806068041199
embedding_hidden_4,test,11.0,0.7436831498417458
embedding_hidden_4,test,12.0,0.7432898175491396
embedding_hidden_4,test,13.0,0.7428996392771735
embedding_hidden_4,test,14.0,0.7425141445168846
embedding_hidden_4,test,15.0,0.7421326015408444
embedding_hidden_4,test,16.0,0.7417537232564909
embedding_hidden_4,test,17.0,0.741379118771949
embedding_hidden_4,test,18.0,0.7410082374780509
embedding_hidden_4,test,19.0,0.7406418095649752
embedding_hidden_4,test,20.0,0.7402785102621763
embedding_hidden_4,test,21.0,0.7399183556322072
embedding_hidden_4,test,22.0,0.7395606570716277
embedding_hidden_4,test,23.0,0.7392075868812065
embedding_hidden_4,test,24.0,0.7388587861139005
embedding_hidden_4,test,25.0,0.7385127644528809
embedding_hidden_4,test,26.0,0.7381698194262107
embedding_hidden_4,test,27.0,0.7378306252477576
embedding_hidden_4,test,28.0,0.7374950037804477
embedding_hidden_4,test,29.0,0.7371629834557983
embedding_hidden_4,test,30.0,0.7368335200754439
embedding_hidden_4,test,31.0,0.7365064255056021
embedding_hidden_4,test,32.0,0.736181680284981
embedding_hidden_4,test,33.0,0.7358597450790081
embedding_hidden_4,test,34.0,0.7355418748379889
embedding_hidden_4,test,35.0,0.7352279007344716
embedding_hidden_4,test,36.0,0.734916865831247
embedding_hidden_4,test,37.0,0.7346089589864303
embedding_hidden_4,test,38.0,0.7343045729936268
embedding_hidden_4,test,39.0,0.7340039220061773
embedding_hidden_4,test,40.0,0.7337061773192368
embedding_hidden_4,test,41.0,0.7334108518928051
embedding_hidden_4,test,42.0,0.7331180943543609
embedding_hidden_4,test,43.0,0.7328273630508975
embedding_hidden_4,test,44.0,0.7325390810784327
embedding_hidden_4,test,45.0,0.7322539271169927
embedding_hidden_4,test,46.0,0.7319709472581172
embedding_hidden_4,test,47.0,0.7316913768331348
embedding_hidden_4,test,48.0,0.7314144986377122
embedding_hidden_4,test,49.0,0.7311396294899165
embedding_hidden_4,test,50.0,0.7308672485318207
embedding_hidden_4,test,51.0,0.7305961844914444
embedding_hidden_4,test,52.0,0.7303268905932143
embedding_hidden_4,test,53.0,0.7300600765917487
embedding_hidden_4,test,54.0,0.7297951679109291
embedding_hidden_4,test,55.0,0.7295323734382404
embedding_hidden_4,test,56.0,0.7292717470483489
embedding_hidden_4,test,57.0,0.7290130155026444
embedding_hidden_4,test,58.0,0.7287546095441056
embedding_hidden_4,test,59.0,0.7284993913561676
embedding_hidden_4,test,60.0,0.7282486135065053
embedding_hidden_4,test,61.0,0.7280015241282152
embedding_hidden_4,test,62.0,0.7277565862375696
embedding_hidden_4,test,63.0,0.7275133318881901
embedding_hidden_4,test,64.0,0.7272724177497762
embedding_hidden_4,test,65.0,0.7270339219783302
embedding_hidden_4,test,66.0,0.7267966133274346
embedding_hidden_4,test,67.0,0.7265617265300002
embedding_hidden_4,test,68.0,0.7263296921474067
embedding_hidden_4,test,69.0,0.7260998850604805
embedding_hidden_4,test,70.0,0.7258728651837131
embedding_hidden_4,test,71.0,0.7256474809473706
embedding_hidden_4,test,72.0,0.7254245729946224
embedding_hidden_4,test,73.0,0.7252046531978135
embedding_hidden_4,test,74.0,0.7249866665797964
embedding_hidden_4,test,75.0,0.7247692666988534
embedding_hidden_4,test,76.0,0.7245538180696541
embedding_hidden_4,test,77.0,0.7243401752030545
embedding_hidden_4,test,78.0,0.7241285815039881
embedding_hidden_4,test,79.0,0.723918406334939
embedding_hidden_4,test,80.0,0.723708499633403
embedding_hidden_4,test,81.0,0.7235001160946304
embedding_hidden_4,test,82.0,0.7232934495400926
embedding_hidden_4,test,83.0,0.7230877308465006
embedding_hidden_4,test,84.0,0.7228847996007852
embedding_hidden_4,test,85.0,0.7226832895264769
embedding_hidden_4,test,86.0,0.7224840295286784
embedding_hidden_4,test,87.0,0.7222864337660833
embedding_hidden_4,test,88.0,0.722090752989727
embedding_hidden_4,test,89.0,0.7218961421511986
embedding_hidden_4,test,90.0,0.7217036839738522
embedding_hidden_4,test,91.0,0.7215126189857719
embedding_hidden_4,test,92.0,0.7213234706922456
embedding_hidden_4,test,93.0,0.7211345226505783
embedding_hidden_4,test,94.0,0.720947402651154
embedding_hidden_4,test,95.0,0.7207617286179856
embedding_hidden_4,test,96.0,0.7205766456721245
embedding_hidden_4,test,97.0,0.7203925156072832
embedding_hidden_4,test,98.0,0.7202091662487623
embedding_hidden_4,test,99.0,0.7200269740966844
embedding_hidden_4,test,100.0,0.7198462818209163
embedding_hidden_4,test,101.0,0.7196671682081887
embedding_hidden_4,test,102.0,0.7194880332443374
embedding_hidden_4,test,103.0,0.7193103332412656
embedding_hidden_4,test,104.0,0.7191335461484507
embedding_hidden_4,test,105.0,0.7189583790629479
embedding_hidden_4,test,106.0,0.7187838449896512
embedding_hidden_4,test,107.0,0.7186109845143078
embedding_hidden_4,test,108.0,0.7184399214217306
embedding_hidden_4,test,109.0,0.7182707270243539
embedding_hidden_4,test,110.0,0.7181022119198275
embedding_hidden_4,test,111.0,0.7179344501912228
embedding_hidden_4,test,112.0,0.7177695473750987
embedding_hidden_4,test,113.0,0.7176056512055088
embedding_hidden_4,test,114.0,0.7174432829481772
embedding_hidden_4,test,115.0,0.7172823009226076
embedding_hidden_4,test,116.0,0.7171221898467972
embedding_hidden_4,test,117.0,0.7169637514492093
embedding_hidden_4,test,118.0,0.7168068759723366
embedding_hidden_4,test,119.0,0.7166506760797382
embedding_hidden_4,test,120.0,0.716495274521194
embedding_hidden_4,test,121.0,0.716340219248027
embedding_hidden_4,test,122.0,0.7161855368001394
embedding_hidden_4,test,123.0,0.716031615897988
embedding_hidden_4,test,124.0,0.715878531854595
embedding_hidden_4,test,125.0,0.7157256319532821
embedding_hidden_4,test,126.0,0.7155732300771281
embedding_hidden_4,test,127.0,0.7154217739471186
embedding_hidden_4,test,128.0,0.7152710130755888
embedding_hidden_4,test,129.0,0.7151210554601788
embedding_hidden_4,test,130.0,0.7149725113614205
embedding_hidden_4,test,131.0,0.7148245914070961
embedding_hidden_4,test,132.0,0.7146773688063076
embedding_hidden_4,test,133.0,0.7145313740647219
embedding_hidden_4,test,134.0,0.7143854543289785
embedding_hidden_4,test,135.0,0.7142405975922903
embedding_hidden_4,test,136.0,0.7140974453830491
embedding_hidden_4,test,137.0,0.7139545101029798
embedding_hidden_4,test,138.0,0.7138123855484615
embedding_hidden_4,test,139.0,0.7136702869551074
embedding_hidden_4,test,140.0,0.7135296060922487
embedding_hidden_4,test,141.0,0.7133894739401299
embedding_hidden_4,test,142.0,0.713250732538732
embedding_hidden_4,test,143.0,0.7131129778172933
embedding_hidden_4,test,144.0,0.7129758748950472
embedding_hidden_4,test,145.0,0.7128388634952214
embedding_hidden_4,test,146.0,0.7127028826170533
embedding_hidden_4,test,147.0,0.7125680612505538
embedding_hidden_4,test,148.0,0.7124348290744102
embedding_hidden_4,test,149.0,0.7123019363789269
embedding_hidden_4,test,150.0,0.7121693996926748
embedding_hidden_4,test,151.0,0.7120380753747934
embedding_hidden_4,test,152.0,0.7119072384286945
embedding_hidden_4,test,153.0,0.711776981464706
embedding_hidden_4,test,154.0,0.7116489209518833
embedding_hidden_4,test,155.0,0.7115210930785719
embedding_hidden_4,test,156.0,0.7113936695135921
embedding_hidden_4,test,157.0,0.7112676323807083
embedding_hidden_4,test,158.0,0.7111417247269559
embedding_hidden_4,test,159.0,0.7110167124977809
embedding_hidden_4,test,160.0,0.7108930501650821
embedding_hidden_4,test,161.0,0.7107691551253535
embedding_hidden_4,test,162.0,0.7106464379308031
embedding_hidden_4,test,163.0,0.7105236378281237
embedding_hidden_4,test,164.0,0.7104013158756436
embedding_hidden_4,test,165.0,0.7102801152072031
embedding_hidden_4,test,166.0,0.7101578910783394
embedding_hidden_4,test,167.0,0.7100365579943132
embedding_hidden_4,test,168.0,0.7099164200224932
embedding_hidden_4,test,169.0,0.7097960515766802
embedding_hidden_4,test,170.0,0.7096770410061473
embedding_hidden_4,test,171.0,0.7095581123624691
embedding_hidden_4,test,172.0,0.7094399083162777
embedding_hidden_4,test,173.0,0.7093219233702206
embedding_hidden_4,test,174.0,0.7092056696326684
embedding_hidden_4,test,175.0,0.7090890508580245
embedding_hidden_4,test,176.0,0.7089730219513652
embedding_hidden_4,test,177.0,0.7088580062808598
embedding_hidden_4,test,178.0,0.7087428147273809
embedding_hidden_4,test,179.0,0.708628289798664
embedding_hidden_4,test,180.0,0.708514703415527
embedding_hidden_4,test,181.0,0.7084011071410031
embedding_hidden_4,test,182.0,0.7082881130754402
embedding_hidden_4,test,183.0,0.7081755634954295
embedding_hidden_4,test,184.0,0.7080640511667058
embedding_hidden_4,test,185.0,0.7079530658866724
embedding_hidden_4,test,186.0,0.707842784607113
embedding_hidden_4,test,187.0,0.7077320108232344
embedding_hidden_4,test,188.0,0.7076220201799216
embedding_hidden_4,test,189.0,0.7075135240815129
embedding_hidden_4,test,190.0,0.7074049450339126
embedding_hidden_4,test,191.0,0.7072969718239547
embedding_hidden_4,test,192.0,0.7071896003650245
embedding_hidden_4,test,193.0,0.7070825525480897
embedding_hidden_4,test,194.0,0.7069760973149535
embedding_hidden_4,test,195.0,0.7068703351884359
embedding_hidden_4,test,196.0,0.7067656238595864
embedding_hidden_4,test,197.0,0.7066607029287449
embedding_hidden_4,test,198.0,0.7065567709556514
embedding_hidden_4,test,199.0,0.70645308949741
embedding_hidden_4,test,200.0,0.7063507598133039
embedding_hidden_8,train,1.0,0.7637231559586253
embedding_hidden_8,train,2.0,0.7630219644681756
embedding_hidden_8,train,3.0,0.7623260824845348
embedding_hidden_8,train,4.0,0.7616353035364481
embedding_hidden_8,train,5.0,0.7609488991826046
embedding_hidden_8,train,6.0,0.7602670769486596
embedding_hidden_8,train,7.0,0.759589927657671
embedding_hidden_8,train,8.0,0.7589174451231517
embedding_hidden_8,train,9.0,0.758250627775664
embedding_hidden_8,train,10.0,0.7575889582548648
embedding_hidden_8,train,11.0,0.7569321678878691
embedding_hidden_8,train,12.0,0.7562797808116597
embedding_hidden_8,train,13.0,0.7556323231966472
embedding_hidden_8,train,14.0,0.7549907479227416
embedding_hidden_8,train,15.0,0.7543539329957143
embedding_hidden_8,train,16.0,0.7537199152437214
embedding_hidden_8,train,17.0,0.7530908213571351
embedding_hidden_8,train,18.0,0.7524661848099667
embedding_hidden_8,train,19.0,0.7518459063181337
embedding_hidden_8,train,20.0,0.7512299368543726
embedding_hidden_8,train,21.0,0.750618638056863
embedding_hidden_8,train,22.0,0.7500115089338396
embedding_hidden_8,train,23.0,0.7494081174441107
embedding_hidden_8,train,24.0,0.7488099838389414
embedding_hidden_8,train,25.0,0.7482169564146895
embedding_hidden_8,train,26.0,0.7476279983388767
embedding_hidden_8,train,27.0,0.7470432449698203
embedding_hidden_8,train,28.0,0.7464616679443201
embedding_hidden_8,train,29.0,0.74588403665963
embedding_hidden_8,train,30.0,0.745309987292271
embedding_hidden_8,train,31.0,0.7447400013608007
embedding_hidden_8,train,32.0,0.744173697660746
embedding_hidden_8,train,33.0,0.74361002818115
embedding_hidden_8,train,34.0,0.7430499105172583
embedding_hidden_8,train,35.0,0.7424934002858119
embedding_hidden_8,train,36.0,0.7419409544681946
embedding_hidden_8,train,37.0,0.7413920194606411
embedding_hidden_8,train,38.0,0.7408465535528463
embedding_hidden_8,train,39.0,0.7403048986051938
embedding_hidden_8,train,40.0,0.7397668151184245
embedding_hidden_8,train,41.0,0.7392323464402191
embedding_hidden_8,train,42.0,0.7387007041750372
embedding_hidden_8,train,43.0,0.7381732762416053
embedding_hidden_8,train,44.0,0.737649614409248
embedding_hidden_8,train,45.0,0.7371294778418289
embedding_hidden_8,train,46.0,0.7366130748666716
embedding_hidden_8,train,47.0,0.7361002120532536
embedding_hidden_8,train,48.0,0.7355909134667564
embedding_hidden_8,train,49.0,0.7350858572380712
embedding_hidden_8,train,50.0,0.734584514163874
embedding_hidden_8,train,51.0,0.73408636906417
embedding_hidden_8,train,52.0,0.7335909602012969
embedding_hidden_8,train,53.0,0.7330988006233239
embedding_hidden_8,train,54.0,0.7326110480910791
embedding_hidden_8,train,55.0,0.7321267129753901
embedding_hidden_8,train,56.0,0.7316458069719165
embedding_hidden_8,train,57.0,0.7311673780806245
embedding_hidden_8,train,58.0,0.7306917828332098
embedding_hidden_8,train,59.0,0.7302184539970394
embedding_hidden_8,train,60.0,0.7297487137767021
embedding_hidden_8,train,61.0,0.7292825497850072
embedding_hidden_8,train,62.0,0.7288192591257834
embedding_hidden_8,train,63.0,0.7283590329403765
embedding_hidden_8,train,64.0,0.7279025206664442
embedding_hidden_8,train,65.0,0.7274489118390608
embedding_hidden_8,train,66.0,0.7269983836026059
embedding_hidden_8,train,67.0,0.7265510146656772
embedding_hidden_8,train,68.0,0.7261067768223729
embedding_hidden_8,train,69.0,0.7256660123381324
embedding_hidden_8,train,70.0,0.7252291511248163
embedding_hidden_8,train,71.0,0.7247957565558176
embedding_hidden_8,train,72.0,0.7243651363190823
embedding_hidden_8,train,73.0,0.7239375981254353
embedding_hidden_8,train,74.0,0.7235122283118101
embedding_hidden_8,train,75.0,0.7230891879988974
embedding_hidden_8,train,76.0,0.722668685384948
embedding_hidden_8,train,77.0,0.7222507871834436
embedding_hidden_8,train,78.0,0.7218356907325677
embedding_hidden_8,train,79.0,0.7214233051724295
embedding_hidden_8,train,80.0,0.7210134333743659
embedding_hidden_8,train,81.0,0.7206060569097335
embedding_hidden_8,train,82.0,0.7202011115705017
embedding_hidden_8,train,83.0,0.7197984057011027
embedding_hidden_8,train,84.0,0.7193977758325012
embedding_hidden_8,train,85.0,0.7189994825338416
embedding_hidden_8,train,86.0,0.7186037219012767
embedding_hidden_8,train,87.0,0.7182108536656095
embedding_hidden_8,train,88.0,0.7178203961540234
embedding_hidden_8,train,89.0,0.7174324870840121
embedding_hidden_8,train,90.0,0.7170470891501048
embedding_hidden_8,train,91.0,0.7166646766371503
embedding_hidden_8,train,92.0,0.7162845239556525
embedding_hidden_8,train,93.0,0.7159063815417798
embedding_hidden_8,train,94.0,0.715530760274685
embedding_hidden_8,train,95.0,0.7151575644583192
embedding_hidden_8,train,96.0,0.7147860230954645
embedding_hidden_8,train,97.0,0.7144162664336784
embedding_hidden_8,train,98.0,0.7140483352712786
embedding_hidden_8,train,99.0,0.7136823011611402
embedding_hidden_8,train,100.0,0.7133178643650439
embedding_hidden_8,train,101.0,0.7129551609573767
embedding_hidden_8,train,102.0,0.7125945394043931
embedding_hidden_8,train,103.0,0.7122359904463217
embedding_hidden_8,train,104.0,0.7118799653943715
embedding_hidden_8,train,105.0,0.7115258486992853
embedding_hidden_8,train,106.0,0.7111734407712766
embedding_hidden_8,train,107.0,0.7108231116557977
embedding_hidden_8,train,108.0,0.7104743832663155
embedding_hidden_8,train,109.0,0.7101268963246923
embedding_hidden_8,train,110.0,0.7097814971733303
embedding_hidden_8,train,111.0,0.7094384903235922
embedding_hidden_8,train,112.0,0.7090978781805655
embedding_hidden_8,train,113.0,0.7087593182586545
embedding_hidden_8,train,114.0,0.7084228455985703
embedding_hidden_8,train,115.0,0.7080885360317056
embedding_hidden_8,train,116.0,0.7077560468526586
embedding_hidden_8,train,117.0,0.7074253555900339
embedding_hidden_8,train,118.0,0.7070962445785334
embedding_hidden_8,train,119.0,0.7067690339684717
embedding_hidden_8,train,120.0,0.7064434970396943
embedding_hidden_8,train,121.0,0.7061194690665301
embedding_hidden_8,train,122.0,0.7057968409161871
embedding_hidden_8,train,123.0,0.7054757627089607
embedding_hidden_8,train,124.0,0.7051563365421859
embedding_hidden_8,train,125.0,0.7048383792484605
embedding_hidden_8,train,126.0,0.704521702205333
embedding_hidden_8,train,127.0,0.7042064158527762
embedding_hidden_8,train,128.0,0.7038928536798468
embedding_hidden_8,train,129.0,0.703580790941756
embedding_hidden_8,train,130.0,0.7032704289806115
embedding_hidden_8,train,131.0,0.7029618556659806
embedding_hidden_8,train,132.0,0.702654778286684
embedding_hidden_8,train,133.0,0.7023492669970579
embedding_hidden_8,train,134.0,0.7020448488559458
embedding_hidden_8,train,135.0,0.7017419018829754
embedding_hidden_8,train,136.0,0.7014407736928179
embedding_hidden_8,train,137.0,0.7011410664781756
embedding_hidden_8,train,138.0,0.700842799837457
embedding_hidden_8,train,139.0,0.7005454021268063
embedding_hidden_8,train,140.0,0.7002494724398824
embedding_hidden_8,train,141.0,0.6999549807886456
embedding_hidden_8,train,142.0,0.6996619208918706
embedding_hidden_8,train,143.0,0.6993703693134415
embedding_hidden_8,train,144.0,0.6990798301972683
embedding_hidden_8,train,145.0,0.6987904975823558
embedding_hidden_8,train,146.0,0.6985028127074168
embedding_hidden_8,train,147.0,0.6982163303226201
embedding_hidden_8,train,148.0,0.697931178217886
embedding_hidden_8,train,149.0,0.6976472253961019
embedding_hidden_8,train,150.0,0.6973643472164242
embedding_hidden_8,train,151.0,0.697082675168029
embedding_hidden_8,train,152.0,0.6968019580176303
embedding_hidden_8,train,153.0,0.6965221185913525
embedding_hidden_8,train,154.0,0.6962440057295197
embedding_hidden_8,train,155.0,0.6959669803120254
embedding_hidden_8,train,156.0,0.6956911824730225
embedding_hidden_8,train,157.0,0.6954167530356106
embedding_hidden_8,train,158.0,0.6951437397817153
embedding_hidden_8,train,159.0,0.6948718880078096
embedding_hidden_8,train,160.0,0.6946010514699746
embedding_hidden_8,train,161.0,0.6943313423923689
embedding_hidden_8,train,162.0,0.6940628111489507
embedding_hidden_8,train,163.0,0.6937952699215938
embedding_hidden_8,train,164.0,0.6935287068551995
embedding_hidden_8,train,165.0,0.6932635480177917
embedding_hidden_8,train,166.0,0.6929995561970239
embedding_hidden_8,train,167.0,0.692736974668814
embedding_hidden_8,train,168.0,0.6924754516443501
embedding_hidden_8,train,169.0,0.6922153840236893
embedding_hidden_8,train,170.0,0.691956203746545
embedding_hidden_8,train,171.0,0.6916978635974464
embedding_hidden_8,train,172.0,0.6914401158828499
embedding_hidden_8,train,173.0,0.6911833327871059
embedding_hidden_8,train,174.0,0.6909275491445547
embedding_hidden_8,train,175.0,0.6906727316521971
embedding_hidden_8,train,176.0,0.690418765550285
embedding_hidden_8,train,177.0,0.690166054282494
embedding_hidden_8,train,178.0,0.6899147477303955
embedding_hidden_8,train,179.0,0.6896645611446679
embedding_hidden_8,train,180.0,0.689415680263948
embedding_hidden_8,train,181.0,0.689167897043445
embedding_hidden_8,train,182.0,0.688921074806562
embedding_hidden_8,train,183.0,0.6886751692057516
embedding_hidden_8,train,184.0,0.6884303125190658
embedding_hidden_8,train,185.0,0.6881863555278831
embedding_hidden_8,train,186.0,0.6879434540057726
embedding_hidden_8,train,187.0,0.6877014743701305
embedding_hidden_8,train,188.0,0.6874602338641582
embedding_hidden_8,train,189.0,0.6872197676552372
embedding_hidden_8,train,190.0,0.6869802566086085
embedding_hidden_8,train,191.0,0.6867415214022601
embedding_hidden_8,train,192.0,0.6865038253423743
embedding_hidden_8,train,193.0,0.6862671539237686
embedding_hidden_8,train,194.0,0.6860314359237139
embedding_hidden_8,train,195.0,0.6857968779823136
embedding_hidden_8,train,196.0,0.6855631900041536
embedding_hidden_8,train,197.0,0.6853302416164478
embedding_hidden_8,train,198.0,0.6850979193550071
embedding_hidden_8,train,199.0,0.6848665029218133
embedding_hidden_8,train,200.0,0.6846361039178847
embedding_hidden_8,test,1.0,0.7614821506013599
embedding_hidden_8,test,2.0,0.7609434411540204
embedding_hidden_8,test,3.0,0.7604075902600833
embedding_hidden_8,test,4.0,0.7598761754108442
embedding_hidden_8,test,5.0,0.75934846413964
embedding_hidden_8,test,6.0,0.7588258864706228
embedding_hidden_8,test,7.0,0.7583074390422653
embedding_hidden_8,test,8.0,0.7577931668538069
embedding_hidden_8,test,9.0,0.7572834881821476
embedding_hidden_8,test,10.0,0.7567784280819212
embedding_hidden_8,test,11.0,0.7562788679876381
embedding_hidden_8,test,12.0,0.7557837889588178
embedding_hidden_8,test,13.0,0.7552935254085577
embedding_hidden_8,test,14.0,0.7548064398831735
embedding_hidden_8,test,15.0,0.7543217060535665
embedding_hidden_8,test,16.0,0.7538419841936541
embedding_hidden_8,test,17.0,0.7533664386504284
embedding_hidden_8,test,18.0,0.7528938000039515
embedding_hidden_8,test,19.0,0.7524265095487249
embedding_hidden_8,test,20.0,0.7519634906119618
embedding_hidden_8,test,21.0,0.7515048489912765
embedding_hidden_8,test,22.0,0.7510494289466716
embedding_hidden_8,test,23.0,0.7505983253812574
embedding_hidden_8,test,24.0,0.7501505609589261
embedding_hidden_8,test,25.0,0.7497060472978586
embedding_hidden_8,test,26.0,0.7492647309751466
embedding_hidden_8,test,27.0,0.7488280038483757
embedding_hidden_8,test,28.0,0.7483946864199648
embedding_hidden_8,test,29.0,0.7479643629286163
embedding_hidden_8,test,30.0,0.7475373941493182
embedding_hidden_8,test,31.0,0.7471148779149186
embedding_hidden_8,test,32.0,0.7466952461804055
embedding_hidden_8,test,33.0,0.7462802961554552
embedding_hidden_8,test,34.0,0.7458680933757751
embedding_hidden_8,test,35.0,0.745459997208376
embedding_hidden_8,test,36.0,0.7450551435142416
embedding_hidden_8,test,37.0,0.7446528428061023
embedding_hidden_8,test,38.0,0.7442537163766724
embedding_hidden_8,test,39.0,0.7438581543045807
embedding_hidden_8,test,40.0,0.7434658456896275
embedding_hidden_8,test,41.0,0.7430759851803912
embedding_hidden_8,test,42.0,0.742689566738979
embedding_hidden_8,test,43.0,0.7423058787922306
embedding_hidden_8,test,44.0,0.7419248993658784
embedding_hidden_8,test,45.0,0.7415467166530745
embedding_hidden_8,test,46.0,0.7411709798349757
embedding_hidden_8,test,47.0,0.7407992520281881
embedding_hidden_8,test,48.0,0.7404312693089901
embedding_hidden_8,test,49.0,0.7400663578295352
embedding_hidden_8,test,50.0,0.7397043229274631
embedding_hidden_8,test,51.0,0.7393470221940447
embedding_hidden_8,test,52.0,0.7389924575102578
embedding_hidden_8,test,53.0,0.7386416611353042
embedding_hidden_8,test,54.0,0.7382935407007066
embedding_hidden_8,test,55.0,0.7379485311043166
embedding_hidden_8,test,56.0,0.7376072957863755
embedding_hidden_8,test,57.0,0.7372689376926744
embedding_hidden_8,test,58.0,0.7369329720330797
embedding_hidden_8,test,59.0,0.7365998767702967
embedding_hidden_8,test,60.0,0.7362690879795187
embedding_hidden_8,test,61.0,0.735940199316231
embedding_hidden_8,test,62.0,0.7356142316296337
embedding_hidden_8,test,63.0,0.7352910509782999
embedding_hidden_8,test,64.0,0.7349703632259161
embedding_hidden_8,test,65.0,0.7346518262295186
embedding_hidden_8,test,66.0,0.7343353014076144
embedding_hidden_8,test,67.0,0.734021071248538
embedding_hidden_8,test,68.0,0.7337089834345807
embedding_hidden_8,test,69.0,0.7334002341677588
embedding_hidden_8,test,70.0,0.7330935661743192
embedding_hidden_8,test,71.0,0.7327895373003516
embedding_hidden_8,test,72.0,0.7324872571831097
embedding_hidden_8,test,73.0,0.7321870164202129
embedding_hidden_8,test,74.0,0.7318892554203412
embedding_hidden_8,test,75.0,0.7315931270735088
embedding_hidden_8,test,76.0,0.7312993752250185
embedding_hidden_8,test,77.0,0.7310085209958465
embedding_hidden_8,test,78.0,0.7307201048246177
embedding_hidden_8,test,79.0,0.7304338026780129
embedding_hidden_8,test,80.0,0.7301493002709343
embedding_hidden_8,test,81.0,0.7298670248997966
embedding_hidden_8,test,82.0,0.7295867212077417
embedding_hidden_8,test,83.0,0.7293086467589254
embedding_hidden_8,test,84.0,0.7290319154230841
embedding_hidden_8,test,85.0,0.7287573180332317
embedding_hidden_8,test,86.0,0.7284848312714347
embedding_hidden_8,test,87.0,0.7282143091403356
embedding_hidden_8,test,88.0,0.7279457296527565
embedding_hidden_8,test,89.0,0.7276781310239641
embedding_hidden_8,test,90.0,0.7274119059621835
embedding_hidden_8,test,91.0,0.7271473780874016
embedding_hidden_8,test,92.0,0.7268849688665221
embedding_hidden_8,test,93.0,0.72662454633202
embedding_hidden_8,test,94.0,0.7263659493405277
embedding_hidden_8,test,95.0,0.7261082698369192
embedding_hidden_8,test,96.0,0.7258519610927534
embedding_hidden_8,test,97.0,0.7255989906706631
embedding_hidden_8,test,98.0,0.7253474329080567
embedding_hidden_8,test,99.0,0.7250975574974634
embedding_hidden_8,test,100.0,0.7248502532291775
embedding_hidden_8,test,101.0,0.7246046298436394
embedding_hidden_8,test,102.0,0.7243604090920235
embedding_hidden_8,test,103.0,0.7241175334436268
embedding_hidden_8,test,104.0,0.7238765404891033
embedding_hidden_8,test,105.0,0.723637476160491
embedding_hidden_8,test,106.0,0.723400213044419
embedding_hidden_8,test,107.0,0.7231637319618982
embedding_hidden_8,test,108.0,0.7229292062768577
embedding_hidden_8,test,109.0,0.7226961984459443
embedding_hidden_8,test,110.0,0.7224651476653475
embedding_hidden_8,test,111.0,0.7222357146235361
embedding_hidden_8,test,112.0,0.722007365650846
embedding_hidden_8,test,113.0,0.7217814130605713
embedding_hidden_8,test,114.0,0.7215569338353984
embedding_hidden_8,test,115.0,0.7213338082803619
embedding_hidden_8,test,116.0,0.7211116734955424
embedding_hidden_8,test,117.0,0.7208913164172733
embedding_hidden_8,test,118.0,0.7206724157374149
embedding_hidden_8,test,119.0,0.7204546723088067
embedding_hidden_8,test,120.0,0.7202380737366232
embedding_hidden_8,test,121.0,0.7200226120504484
embedding_hidden_8,test,122.0,0.7198082847431402
embedding_hidden_8,test,123.0,0.7195952754120303
embedding_hidden_8,test,124.0,0.7193837740450093
embedding_hidden_8,test,125.0,0.7191738595726873
embedding_hidden_8,test,126.0,0.7189647830916012
embedding_hidden_8,test,127.0,0.7187570563713821
embedding_hidden_8,test,128.0,0.7185509699737043
embedding_hidden_8,test,129.0,0.7183465286335589
embedding_hidden_8,test,130.0,0.7181426983192899
embedding_hidden_8,test,131.0,0.7179396782712932
embedding_hidden_8,test,132.0,0.7177381090459891
embedding_hidden_8,test,133.0,0.7175377853553743
embedding_hidden_8,test,134.0,0.7173382900969971
embedding_hidden_8,test,135.0,0.7171397446470525
embedding_hidden_8,test,136.0,0.7169423827202147
embedding_hidden_8,test,137.0,0.7167460092629292
embedding_hidden_8,test,138.0,0.7165506813295056
embedding_hidden_8,test,139.0,0.716356472153959
embedding_hidden_8,test,140.0,0.7161634202603864
embedding_hidden_8,test,141.0,0.7159717292170831
embedding_hidden_8,test,142.0,0.7157811878500688
embedding_hidden_8,test,143.0,0.715591444296812
embedding_hidden_8,test,144.0,0.71540234276731
embedding_hidden_8,test,145.0,0.7152146902008663
embedding_hidden_8,test,146.0,0.7150274901394347
embedding_hidden_8,test,147.0,0.7148415592073809
embedding_hidden_8,test,148.0,0.7146565057044395
embedding_hidden_8,test,149.0,0.7144721787627313
embedding_hidden_8,test,150.0,0.7142896848959711
embedding_hidden_8,test,151.0,0.7141076144135177
embedding_hidden_8,test,152.0,0.713925741861933
embedding_hidden_8,test,153.0,0.7137448499830008
embedding_hidden_8,test,154.0,0.7135646760698351
embedding_hidden_8,test,155.0,0.7133850890716839
embedding_hidden_8,test,156.0,0.7132061679936232
embedding_hidden_8,test,157.0,0.7130286903673602
embedding_hidden_8,test,158.0,0.7128517812449413
embedding_hidden_8,test,159.0,0.7126752402076261
embedding_hidden_8,test,160.0,0.712499243864616
embedding_hidden_8,test,161.0,0.7123243474005567
embedding_hidden_8,test,162.0,0.712150837982106
embedding_hidden_8,test,163.0,0.7119782744025558
embedding_hidden_8,test,164.0,0.7118070842459905
embedding_hidden_8,test,165.0,0.7116367596409112
embedding_hidden_8,test,166.0,0.7114672671442961
embedding_hidden_8,test,167.0,0.7112991501620508
embedding_hidden_8,test,168.0,0.7111315167566244
embedding_hidden_8,test,169.0,0.7109649559188167
embedding_hidden_8,test,170.0,0.7107993374029797
embedding_hidden_8,test,171.0,0.7106338242888178
embedding_hidden_8,test,172.0,0.7104689151405615
embedding_hidden_8,test,173.0,0.7103045218694316
embedding_hidden_8,test,174.0,0.7101412679619254
embedding_hidden_8,test,175.0,0.7099786606729304
embedding_hidden_8,test,176.0,0.709815900242289
embedding_hidden_8,test,177.0,0.7096540209873342
embedding_hidden_8,test,178.0,0.709493297505895
embedding_hidden_8,test,179.0,0.7093342905135072
embedding_hidden_8,test,180.0,0.7091753539843884
embedding_hidden_8,test,181.0,0.7090173706858975
embedding_hidden_8,test,182.0,0.7088591658048485
embedding_hidden_8,test,183.0,0.7087025666014497
embedding_hidden_8,test,184.0,0.708546157694746
embedding_hidden_8,test,185.0,0.7083905083606636
embedding_hidden_8,test,186.0,0.7082354302566793
embedding_hidden_8,test,187.0,0.7080811903913822
embedding_hidden_8,test,188.0,0.7079272017263966
embedding_hidden_8,test,189.0,0.7077741364243467
embedding_hidden_8,test,190.0,0.7076210098484672
embedding_hidden_8,test,191.0,0.70746893476222
embedding_hidden_8,test,192.0,0.7073172581433118
embedding_hidden_8,test,193.0,0.707166642854892
embedding_hidden_8,test,194.0,0.707016557184321
embedding_hidden_8,test,195.0,0.7068679627606387
embedding_hidden_8,test,196.0,0.7067199442982278
embedding_hidden_8,test,197.0,0.7065724742685424
embedding_hidden_8,test,198.0,0.7064259746033518
embedding_hidden_8,test,199.0,0.706279919210961
embedding_hidden_8,test,200.0,0.7061341851576998
