ablation_name,split,epoch,mean_loss
weighted_bce,train,1.0,1.0702891581638379
weighted_bce,train,2.0,1.0673803988309387
weighted_bce,train,3.0,1.0645281858874833
weighted_bce,train,4.0,1.0617314393227077
weighted_bce,train,5.0,1.0589890879156834
weighted_bce,train,6.0,1.0563000698567133
weighted_bce,train,7.0,1.0536633333344014
weighted_bce,train,8.0,1.0510778370881786
weighted_bce,train,9.0,1.0485425509262298
weighted_bce,train,10.0,1.0460564562088854
weighted_bce,train,11.0,1.0436185462976848
weighted_bce,train,12.0,1.0412278269704422
weighted_bce,train,13.0,1.0388833168027443
weighted_bce,train,14.0,1.036584047516436
weighted_bce,train,15.0,1.0343290642957308
weighted_bce,train,16.0,1.0321174260716712
weighted_bce,train,17.0,1.029948205775744
weighted_bce,train,18.0,1.0278204905635164
weighted_bce,train,19.0,1.0257333820092147
weighted_bce,train,20.0,1.0236859962722171
weighted_bce,train,21.0,1.0216774642364674
weighted_bce,train,22.0,1.0197069316238383
weighted_bce,train,23.0,1.0177735590825114
weighted_bce,train,24.0,1.0158765222514337
weighted_bce,train,25.0,1.0140150118019364
weighted_bce,train,26.0,1.0121882334575902
weighted_bce,train,27.0,1.0103954079933772
weighted_bce,train,28.0,1.0086357712152474
weighted_bce,train,29.0,1.0069085739211179
weighted_bce,train,30.0,1.0052130818443596
weighted_bce,train,31.0,1.0035485755807967
weighted_bce,train,32.0,1.0019143505002248
weighted_bce,train,33.0,1.0003097166434398
weighted_bce,train,34.0,0.9987339986057341
weighted_bce,train,35.0,0.9971865354078032
weighted_bce,train,36.0,0.995666680354977
weighted_bce,train,37.0,0.9941738008856635
weighted_bce,train,38.0,0.9927072784098694
weighted_bce,train,39.0,0.9912665081386279
weighted_bce,train,40.0,0.9898508989051484
weighted_bce,train,41.0,0.9884598729784603
weighted_bce,train,42.0,0.9870928658703091
weighted_bce,train,43.0,0.9857493261360224
weighted_bce,train,44.0,0.9844287151700442
weighted_bce,train,45.0,0.9831305069968004
weighted_bce,train,46.0,0.981854188057534
weighted_bce,train,47.0,0.9805992569937171
weighted_bce,train,48.0,0.9793652244276195
weighted_bce,train,49.0,0.9781516127405832
weighted_bce,train,50.0,0.9769579558495266
weighted_bce,train,51.0,0.9757837989821704
weighted_bce,train,52.0,0.9746286984514514
weighted_bce,train,53.0,0.9734922214295642
weighted_bce,train,54.0,0.9723739457220388
weighted_bce,train,55.0,0.971273459542242
weighted_bce,train,56.0,0.9701903612866577
weighted_bce,train,57.0,0.9691242593112832
weighted_bce,train,58.0,0.9680747717094466
weighted_bce,train,59.0,0.9670415260913311
weighted_bce,train,60.0,0.9660241593654687
weighted_bce,train,61.0,0.9650223175224399
weighted_bce,train,62.0,0.9640356554209996
weighted_bce,train,63.0,0.9630638365768238
weighted_bce,train,64.0,0.9621065329540551
weighted_bce,train,65.0,0.9611634247598049
weighted_bce,train,66.0,0.9602342002417551
weighted_bce,train,67.0,0.9593185554889766
weighted_bce,train,68.0,0.9584161942360794
weighted_bce,train,69.0,0.9575268276707801
weighted_bce,train,70.0,0.9566501742449673
weighted_bce,train,71.0,0.9557859594893294
weighted_bce,train,72.0,0.9549339158315941
weighted_bce,train,73.0,0.9540937824184237
weighted_bce,train,74.0,0.9532653049409892
weighted_bce,train,75.0,0.952448235464248
weighted_bce,train,76.0,0.9516423322599312
weighted_bce,train,77.0,0.9508473596432424
weighted_bce,train,78.0,0.9500630878132597
weighted_bce,train,79.0,0.9492892926970296
weighted_bce,train,80.0,0.9485257557973268
weighted_bce,train,81.0,0.9477722640440595
weighted_bce,train,82.0,0.9470286096492794
weighted_bce,train,83.0,0.9462945899657683
weighted_bce,train,84.0,0.9455700073491504
weighted_bce,train,85.0,0.9448546690234922
weighted_bce,train,86.0,0.9441483869503356
weighted_bce,train,87.0,0.9434509777011149
weighted_bce,train,88.0,0.9427622623329007
weighted_bce,train,89.0,0.9420820662674163
weighted_bce,train,90.0,0.941410219173265
weighted_bce,train,91.0,0.9407465548513072
weighted_bce,train,92.0,0.9400909111231304
weighted_bce,train,93.0,0.9394431297225415
weighted_bce,train,94.0,0.938803056190023
weighted_bce,train,95.0,0.9381705397700868
weighted_bce,train,96.0,0.9375454333114617
weighted_bce,train,97.0,0.9369275931700475
weighted_bce,train,98.0,0.9363168791145737
weighted_bce,train,99.0,0.9357131542348958
weighted_bce,train,100.0,0.9351162848528649
weighted_bce,train,101.0,0.9345261404357087
weighted_bce,train,102.0,0.9339425935118568
weighted_bce,train,103.0,0.9333655195891509
weighted_bce,train,104.0,0.9327947970753756
weighted_bce,train,105.0,0.9322303072010485
weighted_bce,train,106.0,0.9316719339444106
weighted_bce,train,107.0,0.9311195639585573
weighted_bce,train,108.0,0.930573086500649
weighted_bce,train,109.0,0.9300323933631471
weighted_bce,train,110.0,0.9294973788070179
weighted_bce,train,111.0,0.9289679394968477
weighted_bce,train,112.0,0.9284439744378181
weighted_bce,train,113.0,0.9279253849144842
weighted_bce,train,114.0,0.9274120744313095
weighted_bce,train,115.0,0.9269039486549009
weighted_bce,train,116.0,0.9264009153578996
weighted_bce,train,117.0,0.9259028843644763
weighted_bce,train,118.0,0.9254097674973847
weighted_bce,train,119.0,0.9249214785265281
weighted_bce,train,120.0,0.9244379331189938
weighted_bce,train,121.0,0.9239590487905126
weighted_bce,train,122.0,0.9234847448582982
weighted_bce,train,123.0,0.9230149423952305
weighted_bce,train,124.0,0.922549564185337
weighted_bce,train,125.0,0.922088534680538
weighted_bce,train,126.0,0.9216317799586161
weighted_bce,train,127.0,0.9211792276823699
weighted_bce,train,128.0,0.9207308070599236
weighted_bce,train,129.0,0.9202864488061502
weighted_bce,train,130.0,0.9198460851051792
weighted_bce,train,131.0,0.9194096495739543
weighted_bce,train,132.0,0.9189770772268113
weighted_bce,train,133.0,0.9185483044410419
weighted_bce,train,134.0,0.918123268923417
weighted_bce,train,135.0,0.9177019096776394
weighted_bce,train,136.0,0.9172841669726971
weighted_bce,train,137.0,0.9168699823120908
weighted_bce,train,138.0,0.9164592984039096
weighted_bce,train,139.0,0.9160520591317282
weighted_bce,train,140.0,0.9156482095263015
weighted_bce,train,141.0,0.9152476957380331
weighted_bce,train,142.0,0.9148504650101941
weighted_bce,train,143.0,0.9144564656528675
weighted_bce,train,144.0,0.9140656470176024
weighted_bce,train,145.0,0.9136779594727488
weighted_bce,train,146.0,0.9132933543794595
weighted_bce,train,147.0,0.9129117840683347
weighted_bce,train,148.0,0.9125332018166938
weighted_bce,train,149.0,0.9121575618264519
weighted_bce,train,150.0,0.9117848192025859
weighted_bce,train,151.0,0.9114149299321728
weighted_bce,train,152.0,0.9110478508639804
weighted_bce,train,153.0,0.9106835396885986
weighted_bce,train,154.0,0.9103219549190907
weighted_bce,train,155.0,0.9099630558721529
weighted_bce,train,156.0,0.9096068026497658
weighted_bce,train,157.0,0.9092531561213241
weighted_bce,train,158.0,0.9089020779062282
weighted_bce,train,159.0,0.9085535303569297
weighted_bce,train,160.0,0.9082074765424105
weighted_bce,train,161.0,0.9078638802320895
weighted_bce,train,162.0,0.9075227058801403
weighted_bce,train,163.0,0.9071839186102102
weighted_bce,train,164.0,0.9068474842005274
weighted_bce,train,165.0,0.9065133690693891
weighted_bce,train,166.0,0.9061815402610118
weighted_bce,train,167.0,0.9058519654317447
weighted_bce,train,168.0,0.9055246128366246
weighted_bce,train,169.0,0.9051994513162709
weighted_bce,train,170.0,0.9048764502841069
weighted_bce,train,171.0,0.9045555797138999
weighted_bce,train,172.0,0.9042368101276106
weighted_bce,train,173.0,0.9039201125835424
weighted_bce,train,174.0,0.9036054586647854
weighted_bce,train,175.0,0.903292820467942
weighted_bce,train,176.0,0.9029821705921309
weighted_bce,train,177.0,0.9026734821282588
weighted_bce,train,178.0,0.9023667286485555
weighted_bce,train,179.0,0.9020618841963597
weighted_bce,train,180.0,0.901758923276156
weighted_bce,train,181.0,0.901457820843851
weighted_bce,train,182.0,0.9011585522972825
weighted_bce,train,183.0,0.900861093466958
weighted_bce,train,184.0,0.9005654206070146
weighted_bce,train,185.0,0.9002715103863934
weighted_bce,train,186.0,0.8999793398802257
weighted_bce,train,187.0,0.8996888865614225
weighted_bce,train,188.0,0.8994001282924617
weighted_bce,train,189.0,0.8991130433173715
weighted_bce,train,190.0,0.8988276102539006
weighted_bce,train,191.0,0.898543808085871
weighted_bce,train,192.0,0.8982616161557126
weighted_bce,train,193.0,0.8979810141571687
weighted_bce,train,194.0,0.8977019821281719
weighted_bce,train,195.0,0.8974245004438857
weighted_bce,train,196.0,0.8971485498099065
weighted_bce,train,197.0,0.8968741112556223
weighted_bce,train,198.0,0.8966011661277227
weighted_bce,train,199.0,0.896329696083859
weighted_bce,train,200.0,0.8960596830864496
weighted_bce,test,1.0,1.0718936750048416
weighted_bce,test,2.0,1.0697986763016152
weighted_bce,test,3.0,1.0677499244759774
weighted_bce,test,4.0,1.0657464602106546
weighted_bce,test,5.0,1.0637873343191608
weighted_bce,test,6.0,1.0618716082497754
weighted_bce,test,7.0,1.0599983545547023
weighted_bce,test,8.0,1.0581666573246042
weighted_bce,test,9.0,1.0563756125888286
weighted_bce,test,10.0,1.054624328681751
weighted_bce,test,11.0,1.0529119265757811
weighted_bce,test,12.0,1.0512375401816667
weighted_bce,test,13.0,1.0496003166168237
weighted_bce,test,14.0,1.0479994164425044
weighted_bce,test,15.0,1.0464340138706798
weighted_bce,test,16.0,1.0449032969415866
weighted_bce,test,17.0,1.0434064676729276
weighted_bce,test,18.0,1.0419427421817717
weighted_bce,test,19.0,1.040511350780229
weighted_bce,test,20.0,1.0391115380460083
weighted_bce,test,21.0,1.0377425628689796
weighted_bce,test,22.0,1.0364036984748872
weighted_bce,test,23.0,1.0350942324273542
weighted_bce,test,24.0,1.033813466609329
weighted_bce,test,25.0,1.032560717185121
weighted_bce,test,26.0,1.0313353145441506
weighted_bce,test,27.0,1.0301366032275463
weighted_bce,test,28.0,1.0289639418386796
weighted_bce,test,29.0,1.0278167029387313
weighted_bce,test,30.0,1.026694272928339
weighted_bce,test,31.0,1.025596051916363
weighted_bce,test,32.0,1.0245214535767733
weighted_bce,test,33.0,1.0234699049946305
weighted_bce,test,34.0,1.022440846502103
weighted_bce,test,35.0,1.0214337315054325
weighted_bce,test,36.0,1.0204480263037157
weighted_bce,test,37.0,1.0194832099003552
weighted_bce,test,38.0,1.0185387738079756
weighted_bce,test,39.0,1.0176142218475817
weighted_bce,test,40.0,1.0167090699426937
weighted_bce,test,41.0,1.0158228459091625
weighted_bce,test,42.0,1.014955089241327
weighted_bce,test,43.0,1.0141053508951514
weighted_bce,test,44.0,1.0132731930689345
weighted_bce,test,45.0,1.012458188982158
weighted_bce,test,46.0,1.0116599226530032
weighted_bce,test,47.0,1.0108779886750348
weighted_bce,test,48.0,1.0101119919935166
weighted_bce,test,49.0,1.0093615476817988
weighted_bce,test,50.0,1.008626280718175
weighted_bce,test,51.0,1.0079058257635938
weighted_bce,test,52.0,1.0071998269405635
weighted_bce,test,53.0,1.0065079376135784
weighted_bce,test,54.0,1.0058298201713558
weighted_bce,test,55.0,1.0051651458111555
weighted_bce,test,56.0,1.0045135943254213
weighted_bce,test,57.0,1.003874853890975
weighted_bce,test,58.0,1.0032486208609515
weighted_bce,test,59.0,1.0026345995596626
weighted_bce,test,60.0,1.00203250208054
weighted_bce,test,61.0,1.0014420480873025
weighted_bce,test,62.0,1.0008629646184661
weighted_bce,test,63.0,1.0002949858953003
weighted_bce,test,64.0,0.9997378531333234
weighted_bce,test,65.0,0.9991913143574058
weighted_bce,test,66.0,0.9986551242205444
weighted_bce,test,67.0,0.998129043826354
weighted_bce,test,68.0,0.9976128405553106
weighted_bce,test,69.0,0.9971062878947686
weighted_bce,test,70.0,0.9966091652727698
weighted_bce,test,71.0,0.9961212578956425
weighted_bce,test,72.0,0.9956423565893902
weighted_bce,test,73.0,0.9951722576448532
weighted_bce,test,74.0,0.994710762666627
weighted_bce,test,75.0,0.9942576784257063
weighted_bce,test,76.0,0.9938128167158263
weighted_bce,test,77.0,0.9933759942134573
weighted_bce,test,78.0,0.992947032341417
weighted_bce,test,79.0,0.9925257571360447
weighted_bce,test,80.0,0.9921119991178939
weighted_bce,test,81.0,0.9917055931658828
weighted_bce,test,82.0,0.9913063783948498
weighted_bce,test,83.0,0.9909141980364506
weighted_bce,test,84.0,0.9905288993233368
weighted_bce,test,85.0,0.9901503333765529
weighted_bce,test,86.0,0.9897783550960828
weighted_bce,test,87.0,0.989412823054485
weighted_bce,test,88.0,0.9890535993935432
weighted_bce,test,89.0,0.9887005497238708
weighted_bce,test,90.0,0.9883535430273938
weighted_bce,test,91.0,0.988012451562651
weighted_bce,test,92.0,0.987677150772838
weighted_bce,test,93.0,0.9873475191965276
weighted_bce,test,94.0,0.9870234383810018
weighted_bce,test,95.0,0.9867047927981238
weighted_bce,test,96.0,0.9863914697626855
weighted_bce,test,97.0,0.9860833593531643
weighted_bce,test,98.0,0.9857803543348233
weighted_bce,test,99.0,0.9854823500850911
weighted_bce,test,100.0,0.9851892445211572
weighted_bce,test,101.0,0.9849009380297206
weighted_bce,test,102.0,0.9846173333988322
weighted_bce,test,103.0,0.9843383357517672
weighted_bce,test,104.0,0.9840638524828724
weighted_bce,test,105.0,0.9837937931953288
weighted_bce,test,106.0,0.9835280696407714
weighted_bce,test,107.0,0.983266595660717
weighted_bce,test,108.0,0.9830092871297362
weighted_bce,test,109.0,0.9827560619003288
weighted_bce,test,110.0,0.98250683974944
weighted_bce,test,111.0,0.9822615423265761
weighted_bce,test,112.0,0.9820200931034654
weighted_bce,test,113.0,0.9817824173252194
weighted_bce,test,114.0,0.9815484419629475
weighted_bce,test,115.0,0.9813180956677805
weighted_bce,test,116.0,0.9810913087262584
weighted_bce,test,117.0,0.9808680130170409
weighted_bce,test,118.0,0.9806481419688996
weighted_bce,test,119.0,0.9804316305199501
weighted_bce,test,120.0,0.9802184150780879
weighted_bce,test,121.0,0.980008433482588
weighted_bce,test,122.0,0.979801624966832
weighted_bce,test,123.0,0.979597930122129
weighted_bce,test,124.0,0.9793972908625939
weighted_bce,test,125.0,0.9791996503910505
weighted_bce,test,126.0,0.9790049531659273
weighted_bce,test,127.0,0.978813144869114
weighted_bce,test,128.0,0.9786241723747505
weighted_bce,test,129.0,0.9784379837189154
weighted_bce,test,130.0,0.9782545280701894
weighted_bce,test,131.0,0.9780737557010626
weighted_bce,test,132.0,0.9778956179601634
weighted_bce,test,133.0,0.9777200672452786
weighted_bce,test,134.0,0.9775470569771422
weighted_bce,test,135.0,0.9773765415739695
weighted_bce,test,136.0,0.9772084764267112
weighted_bce,test,137.0,0.9770428178750065
weighted_bce,test,138.0,0.9768795231838121
weighted_bce,test,139.0,0.9767185505206873
weighted_bce,test,140.0,0.9765598589337138
weighted_bce,test,141.0,0.9764034083300306
weighted_bce,test,142.0,0.9762491594549658
weighted_bce,test,143.0,0.9760970738717457
weighted_bce,test,144.0,0.9759471139417635
weighted_bce,test,145.0,0.9757992428053907
weighted_bce,test,146.0,0.9756534243633151
weighted_bce,test,147.0,0.9755096232583886
weighted_bce,test,148.0,0.9753678048579675
weighted_bce,test,149.0,0.9752279352367339
weighted_bce,test,150.0,0.9750899811599816
weighted_bce,test,151.0,0.97495391006735
weighted_bce,test,152.0,0.9748196900569983
weighted_bce,test,153.0,0.9746872898702001
weighted_bce,test,154.0,0.9745566788763508
weighted_bce,test,155.0,0.974427827058373
weighted_bce,test,156.0,0.9743007049985085
weighted_bce,test,157.0,0.974175283864484
weighted_bce,test,158.0,0.9740515353960444
weighted_bce,test,159.0,0.9739294318918335
weighted_bce,test,160.0,0.9738089461966235
weighted_bce,test,161.0,0.9736900516888725
weighted_bce,test,162.0,0.9735727222686062
weighted_bce,test,163.0,0.9734569323456146
weighted_bce,test,164.0,0.9733426568279502
weighted_bce,test,165.0,0.9732298711107227
weighted_bce,test,166.0,0.9731185510651814
weighted_bce,test,167.0,0.9730086730280749
weighted_bce,test,168.0,0.9729002137912817
weighted_bce,test,169.0,0.9727931505917031
weighted_bce,test,170.0,0.972687461101412
weighted_bce,test,171.0,0.9725831234180496
weighted_bce,test,172.0,0.9724801160554625
weighted_bce,test,173.0,0.9723784179345738
weighted_bce,test,174.0,0.972278008374482
weighted_bce,test,175.0,0.9721788670837814
weighted_bce,test,176.0,0.9720809741520965
weighted_bce,test,177.0,0.9719843100418262
weighted_bce,test,178.0,0.9718888555800895
weighted_bce,test,179.0,0.9717945919508711
weighted_bce,test,180.0,0.9717015006873563
weighted_bce,test,181.0,0.971609563664455
weighted_bce,test,182.0,0.9715187630915054
weighted_bce,test,183.0,0.9714290815051554
weighted_bce,test,184.0,0.9713405017624153
weighted_bce,test,185.0,0.9712530070338781
weighted_bce,test,186.0,0.9711665807971018
weighted_bce,test,187.0,0.9710812068301505
weighted_bce,test,188.0,0.9709968692052888
weighted_bce,test,189.0,0.9709135522828266
weighted_bce,test,190.0,0.9708312407051098
weighted_bce,test,191.0,0.9707499193906525
weighted_bce,test,192.0,0.9706695735284077
weighted_bce,test,193.0,0.9705901885721719
weighted_bce,test,194.0,0.9705117502351222
weighted_bce,test,195.0,0.9704342444844792
weighted_bce,test,196.0,0.970357657536295
weighted_bce,test,197.0,0.9702819758503622
weighted_bce,test,198.0,0.9702071861252406
weighted_bce,test,199.0,0.9701332752933982
weighted_bce,test,200.0,0.9700602305164653
ad_embedding,train,1.0,0.8005780136452181
ad_embedding,train,2.0,0.799043906471073
ad_embedding,train,3.0,0.7975320995317308
ad_embedding,train,4.0,0.7960422566750049
ad_embedding,train,5.0,0.7945740442136344
ad_embedding,train,6.0,0.7931271310417773
ad_embedding,train,7.0,0.7917011887458056
ad_embedding,train,8.0,0.7902958917093654
ad_embedding,train,9.0,0.788910917212686
ad_embedding,train,10.0,0.7875459455261407
ad_embedding,train,11.0,0.786200659998076
ad_embedding,train,12.0,0.7848747471369404
ad_embedding,train,13.0,0.7835678966877644
ad_embedding,train,14.0,0.782279801703047
ad_embedding,train,15.0,0.781010158608131
ad_embedding,train,16.0,0.7797586672611467
ad_embedding,train,17.0,0.778525031007625
ad_embedding,train,18.0,0.7773089567298885
ad_embedding,train,19.0,0.7761101548913356
ad_embedding,train,20.0,0.7749283395757437
ad_embedding,train,21.0,0.7737632285217251
ad_embedding,train,22.0,0.7726145431524738
ad_embedding,train,23.0,0.771482008600948
ad_embedding,train,24.0,0.770365353730637
ad_embedding,train,25.0,0.7692643111520681
ad_embedding,train,26.0,0.7681786172352056
ad_embedding,train,27.0,0.767108012117905
ad_embedding,train,28.0,0.7660522397105778
ad_embedding,train,29.0,0.7650110476972312
ad_embedding,train,30.0,0.7639841875330429
ad_embedding,train,31.0,0.7629714144386305
ad_embedding,train,32.0,0.7619724873911771
ad_embedding,train,33.0,0.7609871691125711
ad_embedding,train,34.0,0.7600152260547166
ad_embedding,train,35.0,0.7590564283821688
ad_embedding,train,36.0,0.7581105499522478
ad_embedding,train,37.0,0.7571773682927782
ad_embedding,train,38.0,0.7562566645775999
ad_embedding,train,39.0,0.7553482235999959
ad_embedding,train,40.0,0.7544518337441707
ad_embedding,train,41.0,0.7535672869549185
ad_embedding,train,42.0,0.75269437870561
ad_embedding,train,43.0,0.7518329079646247
ad_embedding,train,44.0,0.7509826771603516
ad_embedding,train,45.0,0.7501434921448766
ad_embedding,train,46.0,0.7493151621564701
ad_embedding,train,47.0,0.7484974997809849
ad_embedding,train,48.0,0.7476903209122688
ad_embedding,train,49.0,0.7468934447116939
ad_embedding,train,50.0,0.7461066935668984
ad_embedding,train,51.0,0.7453298930498328
ad_embedding,train,52.0,0.7445628718741999
ad_embedding,train,53.0,0.7438054618523706
ad_embedding,train,54.0,0.7430574978518579
ad_embedding,train,55.0,0.7423188177514213
ad_embedding,train,56.0,0.741589262396877
ad_embedding,train,57.0,0.7408686755566801
ad_embedding,train,58.0,0.7401569038773435
ad_embedding,train,59.0,0.7394537968387533
ad_embedding,train,60.0,0.7387592067094411
ad_embedding,train,61.0,0.7380729885018615
ad_embedding,train,62.0,0.7373949999277322
ad_embedding,train,63.0,0.7367251013534774
ad_embedding,train,64.0,0.7360631557558233
ad_embedding,train,65.0,0.7354090286775854
ad_embedding,train,66.0,0.7347625881836868
ad_embedding,train,67.0,0.7341237048174412
ad_embedding,train,68.0,0.7334922515571373
ad_embedding,train,69.0,0.732868103772952
ad_embedding,train,70.0,0.7322511391842228
ad_embedding,train,71.0,0.7316412378171051
ad_embedding,train,72.0,0.7310382819626356
ad_embedding,train,73.0,0.7304421561352296
ad_embedding,train,74.0,0.729852747031624
ad_embedding,train,75.0,0.7292699434902911
ad_embedding,train,76.0,0.7286936364513349
ad_embedding,train,77.0,0.7281237189168861
ad_embedding,train,78.0,0.7275600859120075
ad_embedding,train,79.0,0.7270026344461227
ad_embedding,train,80.0,0.726451263474976
ad_embedding,train,81.0,0.7259058738631341
ad_embedding,train,82.0,0.7253663683470342
ad_embedding,train,83.0,0.7248326514985877
ad_embedding,train,84.0,0.7243046296893405
ad_embedding,train,85.0,0.7237822110551979
ad_embedding,train,86.0,0.723265305461714
ad_embedding,train,87.0,0.7227538244699467
ad_embedding,train,88.0,0.7222476813028841
ad_embedding,train,89.0,0.7217467908124366
ad_embedding,train,90.0,0.7212510694469977
ad_embedding,train,91.0,0.7207604352195707
ad_embedding,train,92.0,0.7202748076764615
ad_embedding,train,93.0,0.7197941078665313
ad_embedding,train,94.0,0.7193182583110092
ad_embedding,train,95.0,0.7188471829738609
ad_embedding,train,96.0,0.7183808072327059
ad_embedding,train,97.0,0.7179190578502844
ad_embedding,train,98.0,0.7174618629464637
ad_embedding,train,99.0,0.7170091519707817
ad_embedding,train,100.0,0.7165608556755207
ad_embedding,train,101.0,0.7161169060893069
ad_embedding,train,102.0,0.7156772364912276
ad_embedding,train,103.0,0.7152417813854606
ad_embedding,train,104.0,0.7148104764764094
ad_embedding,train,105.0,0.7143832586443375
ad_embedding,train,106.0,0.713960065921493
ad_embedding,train,107.0,0.7135408374687195
ad_embedding,train,108.0,0.7131255135525432
ad_embedding,train,109.0,0.7127140355227293
ad_embedding,train,110.0,0.7123063457903032
ad_embedding,train,111.0,0.7119023878060238
ad_embedding,train,112.0,0.7115021060393067
ad_embedding,train,113.0,0.7111054459575861
ad_embedding,train,114.0,0.7107123540061078
ad_embedding,train,115.0,0.7103227775881495
ad_embedding,train,116.0,0.7099366650456559
ad_embedding,train,117.0,0.7095539656402836
ad_embedding,train,118.0,0.7091746295348489
ad_embedding,train,119.0,0.7087986077751681
ad_embedding,train,120.0,0.708425852272286
ad_embedding,train,121.0,0.7080563157850829
ad_embedding,train,122.0,0.707689951903254
ad_embedding,train,123.0,0.7073267150306527
ad_embedding,train,124.0,0.7069665603689917
ad_embedding,train,125.0,0.7066094439018945
ad_embedding,train,126.0,0.7062553223792887
ad_embedding,train,127.0,0.7059041533021364
ad_embedding,train,128.0,0.7055558949074936
ad_embedding,train,129.0,0.7052105061538901
ad_embedding,train,130.0,0.7048679467070278
ad_embedding,train,131.0,0.7045281769257847
ad_embedding,train,132.0,0.7041911578485228
ad_embedding,train,133.0,0.7038568511796914
ad_embedding,train,134.0,0.7035252192767197
ad_embedding,train,135.0,0.7031962251371924
ad_embedding,train,136.0,0.7028698323863021
ad_embedding,train,137.0,0.7025460052645737
ad_embedding,train,138.0,0.7022247086158518
ad_embedding,train,139.0,0.7019059078755495
ad_embedding,train,140.0,0.7015895690591486
ad_embedding,train,141.0,0.7012756587509491
ad_embedding,train,142.0,0.7009641440930603
ad_embedding,train,143.0,0.7006549927746287
ad_embedding,train,144.0,0.700348173021298
ad_embedding,train,145.0,0.7000436535848951
ad_embedding,train,146.0,0.6997414037333372
ad_embedding,train,147.0,0.6994413932407558
ad_embedding,train,148.0,0.6991435923778322
ad_embedding,train,149.0,0.6988479719023384
ad_embedding,train,150.0,0.6985545030498819
ad_embedding,train,151.0,0.6982631575248462
ad_embedding,train,152.0,0.6979739074915253
ad_embedding,train,153.0,0.6976867255654458
ad_embedding,train,154.0,0.6974015848048744
ad_embedding,train,155.0,0.6971184587025043
ad_embedding,train,156.0,0.6968373211773183
ad_embedding,train,157.0,0.6965581465666235
ad_embedding,train,158.0,0.6962809096182536
ad_embedding,train,159.0,0.6960055854829366
ad_embedding,train,160.0,0.6957321497068212
ad_embedding,train,161.0,0.6954605782241616
ad_embedding,train,162.0,0.6951908473501545
ad_embedding,train,163.0,0.6949229337739254
ad_embedding,train,164.0,0.6946568145516628
ad_embedding,train,165.0,0.6943924670998937
ad_embedding,train,166.0,0.694129869188899
ad_embedding,train,167.0,0.6938689989362664
ad_embedding,train,168.0,0.6936098348005757
ad_embedding,train,169.0,0.6933523555752144
ad_embedding,train,170.0,0.6930965403823216
ad_embedding,train,171.0,0.6928423686668553
ad_embedding,train,172.0,0.692589820190782
ad_embedding,train,173.0,0.6923388750273847
ad_embedding,train,174.0,0.692089513555688
ad_embedding,train,175.0,0.6918417164549956
ad_embedding,train,176.0,0.6915954646995395
ad_embedding,train,177.0,0.6913507395532377
ad_embedding,train,178.0,0.6911075225645575
ad_embedding,train,179.0,0.6908657955614834
ad_embedding,train,180.0,0.6906255406465849
ad_embedding,train,181.0,0.690386740192184
ad_embedding,train,182.0,0.6901493768356215
ad_embedding,train,183.0,0.6899134334746133
ad_embedding,train,184.0,0.6896788932627047
ad_embedding,train,185.0,0.6894457396048107
ad_embedding,train,186.0,0.6892139561528481
ad_embedding,train,187.0,0.6889835268014518
ad_embedding,train,188.0,0.6887544356837766
ad_embedding,train,189.0,0.6885266671673822
ad_embedding,train,190.0,0.6883002058501979
ad_embedding,train,191.0,0.6880750365565682
ad_embedding,train,192.0,0.6878511443333732
ad_embedding,train,193.0,0.687628514446227
ad_embedding,train,194.0,0.6874071323757492
ad_embedding,train,195.0,0.6871869838139091
ad_embedding,train,196.0,0.6869680546604391
ad_embedding,train,197.0,0.6867503310193206
ad_embedding,train,198.0,0.6865337991953342
ad_embedding,train,199.0,0.6863184456906787
ad_embedding,train,200.0,0.6861042572016535
ad_embedding,test,1.0,0.8053264689036167
ad_embedding,test,2.0,0.804116747046908
ad_embedding,test,3.0,0.8029265333050528
ad_embedding,test,4.0,0.8017555112409503
ad_embedding,test,5.0,0.8006033674042856
ad_embedding,test,6.0,0.7994697914231306
ad_embedding,test,7.0,0.7983544760895622
ad_embedding,test,8.0,0.7972571174393452
ad_embedding,test,9.0,0.7961774148257497
ad_embedding,test,10.0,0.7951150709875776
ad_embedding,test,11.0,0.7940697921114933
ad_embedding,test,12.0,0.7930412878887596
ad_embedding,test,13.0,0.7920292715664944
ad_embedding,test,14.0,0.7910334599935711
ad_embedding,test,15.0,0.7900535736612951
ad_embedding,test,16.0,0.789089336738998
ad_embedding,test,17.0,0.788140477104694
ad_embedding,test,18.0,0.7872067263709559
ad_embedding,test,19.0,0.7862878199061634
ad_embedding,test,20.0,0.7853834968512894
ad_embedding,test,21.0,0.7844935001323896
ad_embedding,test,22.0,0.7836175764689608
ad_embedding,test,23.0,0.7827554763783401
ad_embedding,test,24.0,0.7819069541763138
ad_embedding,test,25.0,0.7810717679741083
ad_embedding,test,26.0,0.7802496796719313
ad_embedding,test,27.0,0.7794404549492362
ad_embedding,test,28.0,0.7786438632518754
ad_embedding,test,29.0,0.7778596777763094
ad_embedding,test,30.0,0.7770876754510357
ad_embedding,test,31.0,0.7763276369154014
ad_embedding,test,32.0,0.7755793464959517
ad_embedding,test,33.0,0.7748425921804758
ad_embedding,test,34.0,0.7741171655898965
ad_embedding,test,35.0,0.7734028619481532
ad_embedding,test,36.0,0.7726994800502194
ad_embedding,test,37.0,0.7720068222283957
ad_embedding,test,38.0,0.77132469431701
ad_embedding,test,39.0,0.770652905615657
ad_embedding,test,40.0,0.7699912688511008
ad_embedding,test,41.0,0.7693396001379601
ad_embedding,test,42.0,0.7686977189382951
ad_embedding,test,43.0,0.7680654480202026
ad_embedding,test,44.0,0.7674426134155303
ad_embedding,test,45.0,0.7668290443768074
ad_embedding,test,46.0,0.7662245733334921
ad_embedding,test,47.0,0.7656290358476269
ad_embedding,test,48.0,0.765042270568989
ad_embedding,test,49.0,0.7644641191898218
ad_embedding,test,50.0,0.7638944263992233
ad_embedding,test,51.0,0.763333039837269
ad_embedding,test,52.0,0.7627798100489389
ad_embedding,test,53.0,0.7622345904379175
ad_embedding,test,54.0,0.7616972372203247
ad_embedding,test,55.0,0.7611676093784435
ad_embedding,test,56.0,0.7606455686144955
ad_embedding,test,57.0,0.7601309793045165
ad_embedding,test,58.0,0.7596237084523828
ad_embedding,test,59.0,0.7591236256440332
ad_embedding,test,60.0,0.7586306030019256
ad_embedding,test,61.0,0.7581445151397728
ad_embedding,test,62.0,0.7576652391175885
ad_embedding,test,63.0,0.7571926543970824
ad_embedding,test,64.0,0.7567266427974282
ad_embedding,test,65.0,0.7562670884514411
ad_embedding,test,66.0,0.7558138777621842
ad_embedding,test,67.0,0.75536689936003
ad_embedding,test,68.0,0.7549260440601991
ad_embedding,test,69.0,0.7544912048207943
ad_embedding,test,70.0,0.7540622767013477
ad_embedding,test,71.0,0.7536391568218967
ad_embedding,test,72.0,0.7532217443226024
ad_embedding,test,73.0,0.7528099403239229
ad_embedding,test,74.0,0.7524036478873519
ad_embedding,test,75.0,0.7520027719767313
ad_embedding,test,76.0,0.7516072194201451
ad_embedding,test,77.0,0.7512168988724032
ad_embedding,test,78.0,0.7508317207781172
ad_embedding,test,79.0,0.7504515973353741
ad_embedding,test,80.0,0.7500764424600102
ad_embedding,test,81.0,0.7497061717504871
ad_embedding,test,82.0,0.7493407024533705
ad_embedding,test,83.0,0.7489799534294123
ad_embedding,test,84.0,0.7486238451202352
ad_embedding,test,85.0,0.748272299515617
ad_embedding,test,86.0,0.747925240121375
ad_embedding,test,87.0,0.7475825919278443
ad_embedding,test,88.0,0.7472442813789486
ad_embedding,test,89.0,0.7469102363418605
ad_embedding,test,90.0,0.7465803860772423
ad_embedding,test,91.0,0.7462546612100679
ad_embedding,test,92.0,0.7459329937010162
ad_embedding,test,93.0,0.7456153168184315
ad_embedding,test,94.0,0.7453015651108454
ad_embedding,test,95.0,0.7449916743800531
ad_embedding,test,96.0,0.7446855816547353
ad_embedding,test,97.0,0.7443832251646242
ad_embedding,test,98.0,0.7440845443151991
ad_embedding,test,99.0,0.7437894796629096
ad_embedding,test,100.0,0.7434979728909172
ad_embedding,test,101.0,0.7432099667853455
ad_embedding,test,102.0,0.7429254052120343
ad_embedding,test,103.0,0.7426442330937881
ad_embedding,test,104.0,0.7423663963881099
ad_embedding,test,105.0,0.742091842065413
ad_embedding,test,106.0,0.741820518087705
ad_embedding,test,107.0,0.7415523733877296
ad_embedding,test,108.0,0.7412873578485656
ad_embedding,test,109.0,0.7410254222836686
ad_embedding,test,110.0,0.7407665184173502
ad_embedding,test,111.0,0.7405105988656862
ad_embedding,test,112.0,0.7402576171178444
ad_embedding,test,113.0,0.740007527517826
ad_embedding,test,114.0,0.7397602852466088
ad_embedding,test,115.0,0.7395158463046888
ad_embedding,test,116.0,0.7392741674950092
ad_embedding,test,117.0,0.7390352064062677
ad_embedding,test,118.0,0.7387989213965992
ad_embedding,test,119.0,0.73856527157762
ad_embedding,test,120.0,0.7383342167988312
ad_embedding,test,121.0,0.7381057176323698
ad_embedding,test,122.0,0.7378797353581018
ad_embedding,test,123.0,0.7376562319490511
ad_embedding,test,124.0,0.7374351700571531
ad_embedding,test,125.0,0.7372165129993304
ad_embedding,test,126.0,0.7370002247438807
ad_embedding,test,127.0,0.7367862698971701
ad_embedding,test,128.0,0.736574613690626
ad_embedding,test,129.0,0.7363652219680229
ad_embedding,test,130.0,0.736158061173053
ad_embedding,test,131.0,0.7359530983371773
ad_embedding,test,132.0,0.7357503010677482
ad_embedding,test,133.0,0.7355496375364009
ad_embedding,test,134.0,0.7353510764677031
ad_embedding,test,135.0,0.7351545871280614
ad_embedding,test,136.0,0.7349601393148744
ad_embedding,test,137.0,0.734767703345931
ad_embedding,test,138.0,0.7345772500490442
ad_embedding,test,139.0,0.734388750751917
ad_embedding,test,140.0,0.7342021772722355
ad_embedding,test,141.0,0.734017501907982
ad_embedding,test,142.0,0.7338346974279644
ad_embedding,test,143.0,0.7336537370625564
ad_embedding,test,144.0,0.7334745944946433
ad_embedding,test,145.0,0.7332972438507681
ad_embedding,test,146.0,0.7331216596924756
ad_embedding,test,147.0,0.7329478170078456
ad_embedding,test,148.0,0.7327756912032146
ad_embedding,test,149.0,0.7326052580950801
ad_embedding,test,150.0,0.7324364939021812
ad_embedding,test,151.0,0.7322693752377558
ad_embedding,test,152.0,0.7321038791019658
ad_embedding,test,153.0,0.7319399828744879
ad_embedding,test,154.0,0.7317776643072677
ad_embedding,test,155.0,0.7316169015174295
ad_embedding,test,156.0,0.7314576729803433
ad_embedding,test,157.0,0.7312999575228383
ad_embedding,test,158.0,0.7311437343165677
ad_embedding,test,159.0,0.7309889828715125
ad_embedding,test,160.0,0.7308356830296295
ad_embedding,test,161.0,0.7306838149586325
ad_embedding,test,162.0,0.7305333591459086
ad_embedding,test,163.0,0.7303842963925645
ad_embedding,test,164.0,0.7302366078076002
ad_embedding,test,165.0,0.7300902748022055
ad_embedding,test,166.0,0.7299452790841792
ad_embedding,test,167.0,0.7298016026524661
ad_embedding,test,168.0,0.7296592277918089
ad_embedding,test,169.0,0.7295181370675132
ad_embedding,test,170.0,0.7293783133203234
ad_embedding,test,171.0,0.7292397396614047
ad_embedding,test,172.0,0.7291023994674306
ad_embedding,test,173.0,0.7289662763757738
ad_embedding,test,174.0,0.7288313542797958
ad_embedding,test,175.0,0.7286976173242348
ad_embedding,test,176.0,0.7285650499006893
ad_embedding,test,177.0,0.7284336366431947
ad_embedding,test,178.0,0.7283033624238909
ad_embedding,test,179.0,0.7281742123487789
ad_embedding,test,180.0,0.7280461717535637
ad_embedding,test,181.0,0.7279192261995837
ad_embedding,test,182.0,0.7277933614698204
ad_embedding,test,183.0,0.7276685635649918
ad_embedding,test,184.0,0.7275448186997227
ad_embedding,test,185.0,0.7274221132987935
ad_embedding,test,186.0,0.7273004339934638
ad_embedding,test,187.0,0.7271797676178711
ad_embedding,test,188.0,0.7270601012054992
ad_embedding,test,189.0,0.7269414219857199
ad_embedding,test,190.0,0.7268237173804005
ad_embedding,test,191.0,0.7267069750005818
ad_embedding,test,192.0,0.7265911826432191
ad_embedding,test,193.0,0.7264763282879889
ad_embedding,test,194.0,0.7263624000941582
ad_embedding,test,195.0,0.7262493863975152
ad_embedding,test,196.0,0.7261372757073599
ad_embedding,test,197.0,0.7260260567035527
ad_embedding,test,198.0,0.7259157182336227
ad_embedding,test,199.0,0.7258062493099289
ad_embedding,test,200.0,0.7256976391068789
embedding_hidden_16,train,1.0,0.750831708700831
embedding_hidden_16,train,2.0,0.7501595877103131
embedding_hidden_16,train,3.0,0.749491887837751
embedding_hidden_16,train,4.0,0.7488288041929666
embedding_hidden_16,train,5.0,0.7481702405572095
embedding_hidden_16,train,6.0,0.747516329312518
embedding_hidden_16,train,7.0,0.7468677473151726
embedding_hidden_16,train,8.0,0.7462231817988648
embedding_hidden_16,train,9.0,0.7455825225987477
embedding_hidden_16,train,10.0,0.7449459877512339
embedding_hidden_16,train,11.0,0.7443131052070939
embedding_hidden_16,train,12.0,0.7436836662450277
embedding_hidden_16,train,13.0,0.7430583488593836
embedding_hidden_16,train,14.0,0.7424366359671728
embedding_hidden_16,train,15.0,0.7418187709587807
embedding_hidden_16,train,16.0,0.7412046295074564
embedding_hidden_16,train,17.0,0.7405948531022168
embedding_hidden_16,train,18.0,0.7399892756044296
embedding_hidden_16,train,19.0,0.7393875905154278
embedding_hidden_16,train,20.0,0.7387898533506367
embedding_hidden_16,train,21.0,0.7381965908751351
embedding_hidden_16,train,22.0,0.7376070395936389
embedding_hidden_16,train,23.0,0.7370214651179858
embedding_hidden_16,train,24.0,0.7364390942493001
embedding_hidden_16,train,25.0,0.7358598130433875
embedding_hidden_16,train,26.0,0.7352839270772588
embedding_hidden_16,train,27.0,0.7347114454121078
embedding_hidden_16,train,28.0,0.7341425536440759
embedding_hidden_16,train,29.0,0.7335763503586132
embedding_hidden_16,train,30.0,0.7330129807727988
embedding_hidden_16,train,31.0,0.7324528997734379
embedding_hidden_16,train,32.0,0.7318958540319158
embedding_hidden_16,train,33.0,0.7313422909276921
embedding_hidden_16,train,34.0,0.7307923140883399
embedding_hidden_16,train,35.0,0.7302453678119645
embedding_hidden_16,train,36.0,0.7297017898262081
embedding_hidden_16,train,37.0,0.7291615959888863
embedding_hidden_16,train,38.0,0.7286247706511548
embedding_hidden_16,train,39.0,0.7280911959770822
embedding_hidden_16,train,40.0,0.7275607609418715
embedding_hidden_16,train,41.0,0.7270335733042718
embedding_hidden_16,train,42.0,0.7265096473398408
embedding_hidden_16,train,43.0,0.7259887879991824
embedding_hidden_16,train,44.0,0.725471052971046
embedding_hidden_16,train,45.0,0.7249561093544684
embedding_hidden_16,train,46.0,0.7244438657640118
embedding_hidden_16,train,47.0,0.7239345021604763
embedding_hidden_16,train,48.0,0.723427963839151
embedding_hidden_16,train,49.0,0.7229246433411902
embedding_hidden_16,train,50.0,0.7224252509331951
embedding_hidden_16,train,51.0,0.7219290268982127
embedding_hidden_16,train,52.0,0.7214358844704376
embedding_hidden_16,train,53.0,0.7209457104808379
embedding_hidden_16,train,54.0,0.7204583302596097
embedding_hidden_16,train,55.0,0.7199737071541377
embedding_hidden_16,train,56.0,0.7194918219497243
embedding_hidden_16,train,57.0,0.7190124442058936
embedding_hidden_16,train,58.0,0.7185359994172352
embedding_hidden_16,train,59.0,0.7180622269954868
embedding_hidden_16,train,60.0,0.7175912832003746
embedding_hidden_16,train,61.0,0.7171227894132657
embedding_hidden_16,train,62.0,0.7166567650552784
embedding_hidden_16,train,63.0,0.7161929104983992
embedding_hidden_16,train,64.0,0.7157314715573703
embedding_hidden_16,train,65.0,0.71527260355488
embedding_hidden_16,train,66.0,0.7148164857558421
embedding_hidden_16,train,67.0,0.7143629060175813
embedding_hidden_16,train,68.0,0.7139116090786088
embedding_hidden_16,train,69.0,0.7134625235017099
embedding_hidden_16,train,70.0,0.7130156108819848
embedding_hidden_16,train,71.0,0.7125710854203227
embedding_hidden_16,train,72.0,0.7121287375629664
embedding_hidden_16,train,73.0,0.7116883718567342
embedding_hidden_16,train,74.0,0.7112504431530331
embedding_hidden_16,train,75.0,0.7108148941257297
embedding_hidden_16,train,76.0,0.7103814316338707
embedding_hidden_16,train,77.0,0.7099501567612382
embedding_hidden_16,train,78.0,0.709521018693832
embedding_hidden_16,train,79.0,0.7090940251610267
embedding_hidden_16,train,80.0,0.7086691880863845
embedding_hidden_16,train,81.0,0.7082466977104211
embedding_hidden_16,train,82.0,0.7078263157278516
embedding_hidden_16,train,83.0,0.7074077631120187
embedding_hidden_16,train,84.0,0.7069912449617191
embedding_hidden_16,train,85.0,0.7065767432390703
embedding_hidden_16,train,86.0,0.7061638736990401
embedding_hidden_16,train,87.0,0.705753101654542
embedding_hidden_16,train,88.0,0.7053443944182655
embedding_hidden_16,train,89.0,0.7049374260192136
embedding_hidden_16,train,90.0,0.7045323216813622
embedding_hidden_16,train,91.0,0.7041293858266936
embedding_hidden_16,train,92.0,0.703728649877845
embedding_hidden_16,train,93.0,0.7033296782491172
embedding_hidden_16,train,94.0,0.7029324976058493
embedding_hidden_16,train,95.0,0.7025372670384102
embedding_hidden_16,train,96.0,0.702144337508481
embedding_hidden_16,train,97.0,0.7017534683309751
embedding_hidden_16,train,98.0,0.7013644873213714
embedding_hidden_16,train,99.0,0.7009771301294724
embedding_hidden_16,train,100.0,0.7005913446156141
embedding_hidden_16,train,101.0,0.7002075535153108
embedding_hidden_16,train,102.0,0.6998257646697288
embedding_hidden_16,train,103.0,0.6994456037251745
embedding_hidden_16,train,104.0,0.6990672597801644
embedding_hidden_16,train,105.0,0.6986908973158066
embedding_hidden_16,train,106.0,0.6983164221570111
embedding_hidden_16,train,107.0,0.697944009615511
embedding_hidden_16,train,108.0,0.6975735002962169
embedding_hidden_16,train,109.0,0.6972047155044125
embedding_hidden_16,train,110.0,0.6968377458491235
embedding_hidden_16,train,111.0,0.6964727862045847
embedding_hidden_16,train,112.0,0.6961097054371616
embedding_hidden_16,train,113.0,0.6957481599152177
embedding_hidden_16,train,114.0,0.695388157160002
embedding_hidden_16,train,115.0,0.6950298275249223
embedding_hidden_16,train,116.0,0.6946730685017156
embedding_hidden_16,train,117.0,0.694317953035194
embedding_hidden_16,train,118.0,0.693964616263447
embedding_hidden_16,train,119.0,0.693612879753387
embedding_hidden_16,train,120.0,0.6932627919086823
embedding_hidden_16,train,121.0,0.6929141265442755
embedding_hidden_16,train,122.0,0.6925667879597786
embedding_hidden_16,train,123.0,0.6922210375648707
embedding_hidden_16,train,124.0,0.6918770716151756
embedding_hidden_16,train,125.0,0.6915347222532822
embedding_hidden_16,train,126.0,0.6911939718418599
embedding_hidden_16,train,127.0,0.6908548779153085
embedding_hidden_16,train,128.0,0.6905173848639261
embedding_hidden_16,train,129.0,0.6901810234479584
embedding_hidden_16,train,130.0,0.6898459549396458
embedding_hidden_16,train,131.0,0.6895121191328835
embedding_hidden_16,train,132.0,0.6891794217230445
embedding_hidden_16,train,133.0,0.6888480065956445
embedding_hidden_16,train,134.0,0.6885181903244613
embedding_hidden_16,train,135.0,0.6881895359851409
embedding_hidden_16,train,136.0,0.6878621308893947
embedding_hidden_16,train,137.0,0.6875361233856425
embedding_hidden_16,train,138.0,0.6872116721419241
embedding_hidden_16,train,139.0,0.6868886588679888
embedding_hidden_16,train,140.0,0.6865671011103249
embedding_hidden_16,train,141.0,0.6862468642219908
embedding_hidden_16,train,142.0,0.6859278003251742
embedding_hidden_16,train,143.0,0.6856100369039578
embedding_hidden_16,train,144.0,0.685293829985442
embedding_hidden_16,train,145.0,0.6849790371785575
embedding_hidden_16,train,146.0,0.684665583693322
embedding_hidden_16,train,147.0,0.6843535873802727
embedding_hidden_16,train,148.0,0.6840428513943223
embedding_hidden_16,train,149.0,0.6837334686163774
embedding_hidden_16,train,150.0,0.6834252656798337
embedding_hidden_16,train,151.0,0.6831181495584767
embedding_hidden_16,train,152.0,0.682812118038352
embedding_hidden_16,train,153.0,0.682507356743544
embedding_hidden_16,train,154.0,0.6822038294700447
embedding_hidden_16,train,155.0,0.6819015468573385
embedding_hidden_16,train,156.0,0.681600429684445
embedding_hidden_16,train,157.0,0.6813005141918013
embedding_hidden_16,train,158.0,0.6810018877726983
embedding_hidden_16,train,159.0,0.680704543972704
embedding_hidden_16,train,160.0,0.6804083845652603
embedding_hidden_16,train,161.0,0.6801135068845696
embedding_hidden_16,train,162.0,0.6798199591594343
embedding_hidden_16,train,163.0,0.6795276034657769
embedding_hidden_16,train,164.0,0.6792365726559586
embedding_hidden_16,train,165.0,0.6789467867623579
embedding_hidden_16,train,166.0,0.6786581625258272
embedding_hidden_16,train,167.0,0.6783707103544565
embedding_hidden_16,train,168.0,0.6780843630666794
embedding_hidden_16,train,169.0,0.6777990085421284
embedding_hidden_16,train,170.0,0.6775145787263326
embedding_hidden_16,train,171.0,0.6772311542007774
embedding_hidden_16,train,172.0,0.6769488985603948
embedding_hidden_16,train,173.0,0.6766677889673984
embedding_hidden_16,train,174.0,0.6763876477859945
embedding_hidden_16,train,175.0,0.6761085415187447
embedding_hidden_16,train,176.0,0.6758305573216719
embedding_hidden_16,train,177.0,0.6755536037555189
embedding_hidden_16,train,178.0,0.6752776455200931
embedding_hidden_16,train,179.0,0.6750026687729888
embedding_hidden_16,train,180.0,0.6747287721698678
embedding_hidden_16,train,181.0,0.674455865302155
embedding_hidden_16,train,182.0,0.6741841974409025
embedding_hidden_16,train,183.0,0.6739136538599192
embedding_hidden_16,train,184.0,0.6736442595842262
embedding_hidden_16,train,185.0,0.6733759182970993
embedding_hidden_16,train,186.0,0.673108503239278
embedding_hidden_16,train,187.0,0.6728420116183148
embedding_hidden_16,train,188.0,0.672576548082717
embedding_hidden_16,train,189.0,0.6723121811818216
embedding_hidden_16,train,190.0,0.6720487796550936
embedding_hidden_16,train,191.0,0.6717862527273462
embedding_hidden_16,train,192.0,0.6715246808496327
embedding_hidden_16,train,193.0,0.6712639510129306
embedding_hidden_16,train,194.0,0.6710040616946986
embedding_hidden_16,train,195.0,0.6707451809837041
embedding_hidden_16,train,196.0,0.6704873237427538
embedding_hidden_16,train,197.0,0.6702303259154858
embedding_hidden_16,train,198.0,0.66997415400544
embedding_hidden_16,train,199.0,0.6697188384644053
embedding_hidden_16,train,200.0,0.6694645009705777
embedding_hidden_16,test,1.0,0.7517079454170412
embedding_hidden_16,test,2.0,0.7512063357144706
embedding_hidden_16,test,3.0,0.7507089419626923
embedding_hidden_16,test,4.0,0.7502148880941755
embedding_hidden_16,test,5.0,0.7497240948049124
embedding_hidden_16,test,6.0,0.7492371951562481
embedding_hidden_16,test,7.0,0.7487536398148922
embedding_hidden_16,test,8.0,0.7482731468638094
embedding_hidden_16,test,9.0,0.7477970778487284
embedding_hidden_16,test,10.0,0.747324667889486
embedding_hidden_16,test,11.0,0.7468555063228625
embedding_hidden_16,test,12.0,0.746389679644059
embedding_hidden_16,test,13.0,0.745926621674328
embedding_hidden_16,test,14.0,0.7454672050130251
embedding_hidden_16,test,15.0,0.7450105484377789
embedding_hidden_16,test,16.0,0.7445567400162088
embedding_hidden_16,test,17.0,0.744106018768123
embedding_hidden_16,test,18.0,0.7436583490116503
embedding_hidden_16,test,19.0,0.7432136878528812
embedding_hidden_16,test,20.0,0.7427727609539938
embedding_hidden_16,test,21.0,0.7423350276578715
embedding_hidden_16,test,22.0,0.7419010793397925
embedding_hidden_16,test,23.0,0.7414705115907252
embedding_hidden_16,test,24.0,0.741042537324575
embedding_hidden_16,test,25.0,0.7406171294336451
embedding_hidden_16,test,26.0,0.7401944666418943
embedding_hidden_16,test,27.0,0.7397740126267679
embedding_hidden_16,test,28.0,0.7393559275270335
embedding_hidden_16,test,29.0,0.738940436619486
embedding_hidden_16,test,30.0,0.7385275609689131
embedding_hidden_16,test,31.0,0.738117495789088
embedding_hidden_16,test,32.0,0.7377101919660349
embedding_hidden_16,test,33.0,0.7373055385303491
embedding_hidden_16,test,34.0,0.7369032844266139
embedding_hidden_16,test,35.0,0.7365039451770106
embedding_hidden_16,test,36.0,0.7361074895413444
embedding_hidden_16,test,37.0,0.7357142545149296
embedding_hidden_16,test,38.0,0.7353240575929076
embedding_hidden_16,test,39.0,0.7349363252094886
embedding_hidden_16,test,40.0,0.734551430239835
embedding_hidden_16,test,41.0,0.7341688225614185
embedding_hidden_16,test,42.0,0.7337889495830539
embedding_hidden_16,test,43.0,0.7334110902158721
embedding_hidden_16,test,44.0,0.7330356741483489
embedding_hidden_16,test,45.0,0.7326619491414276
embedding_hidden_16,test,46.0,0.7322900425745587
embedding_hidden_16,test,47.0,0.7319206639019229
embedding_hidden_16,test,48.0,0.7315538020462793
embedding_hidden_16,test,49.0,0.7311897181412028
embedding_hidden_16,test,50.0,0.7308278477971809
embedding_hidden_16,test,51.0,0.7304681765577108
embedding_hidden_16,test,52.0,0.7301106869277828
embedding_hidden_16,test,53.0,0.7297553328253017
embedding_hidden_16,test,54.0,0.7294021878041799
embedding_hidden_16,test,55.0,0.7290516966635048
embedding_hidden_16,test,56.0,0.7287031050498507
embedding_hidden_16,test,57.0,0.7283567778104529
embedding_hidden_16,test,58.0,0.7280126901751615
embedding_hidden_16,test,59.0,0.7276708305357216
embedding_hidden_16,test,60.0,0.7273310487544951
embedding_hidden_16,test,61.0,0.7269931397461263
embedding_hidden_16,test,62.0,0.7266572747265158
embedding_hidden_16,test,63.0,0.7263230280284797
embedding_hidden_16,test,64.0,0.7259908653157797
embedding_hidden_16,test,65.0,0.7256610418252597
embedding_hidden_16,test,66.0,0.7253334101317856
embedding_hidden_16,test,67.0,0.7250079251873871
embedding_hidden_16,test,68.0,0.7246842395930806
embedding_hidden_16,test,69.0,0.7243622858953722
embedding_hidden_16,test,70.0,0.7240419367418186
embedding_hidden_16,test,71.0,0.7237239982523778
embedding_hidden_16,test,72.0,0.7234077801239451
embedding_hidden_16,test,73.0,0.7230938155400658
embedding_hidden_16,test,74.0,0.7227817043977882
embedding_hidden_16,test,75.0,0.7224715937529604
embedding_hidden_16,test,76.0,0.7221635824756947
embedding_hidden_16,test,77.0,0.7218574697191461
embedding_hidden_16,test,78.0,0.7215530660367022
embedding_hidden_16,test,79.0,0.7212504531628159
embedding_hidden_16,test,80.0,0.7209496223593963
embedding_hidden_16,test,81.0,0.7206504727048297
embedding_hidden_16,test,82.0,0.7203530962436663
embedding_hidden_16,test,83.0,0.7200570890844878
embedding_hidden_16,test,84.0,0.7197625275487368
embedding_hidden_16,test,85.0,0.7194696370677909
embedding_hidden_16,test,86.0,0.719178328235162
embedding_hidden_16,test,87.0,0.7188887104740267
embedding_hidden_16,test,88.0,0.7186006670305776
embedding_hidden_16,test,89.0,0.7183140194504202
embedding_hidden_16,test,90.0,0.7180288187763144
embedding_hidden_16,test,91.0,0.7177453289688966
embedding_hidden_16,test,92.0,0.7174635196969557
embedding_hidden_16,test,93.0,0.7171829693730709
embedding_hidden_16,test,94.0,0.7169042751308322
embedding_hidden_16,test,95.0,0.7166275687027194
embedding_hidden_16,test,96.0,0.7163529478356696
embedding_hidden_16,test,97.0,0.7160798830570883
embedding_hidden_16,test,98.0,0.7158087074817527
embedding_hidden_16,test,99.0,0.7155387025358099
embedding_hidden_16,test,100.0,0.7152701823925708
embedding_hidden_16,test,101.0,0.7150030553844463
embedding_hidden_16,test,102.0,0.7147374618057183
embedding_hidden_16,test,103.0,0.7144735262272546
embedding_hidden_16,test,104.0,0.7142111535139449
embedding_hidden_16,test,105.0,0.7139505370603951
embedding_hidden_16,test,106.0,0.7136918416282189
embedding_hidden_16,test,107.0,0.7134348009132655
embedding_hidden_16,test,108.0,0.7131795970937579
embedding_hidden_16,test,109.0,0.7129254447397495
embedding_hidden_16,test,110.0,0.7126727629531029
embedding_hidden_16,test,111.0,0.7124218077127618
embedding_hidden_16,test,112.0,0.7121720867091079
embedding_hidden_16,test,113.0,0.7119233694806921
embedding_hidden_16,test,114.0,0.7116763933746366
embedding_hidden_16,test,115.0,0.711430739640033
embedding_hidden_16,test,116.0,0.7111862863697154
embedding_hidden_16,test,117.0,0.7109430340558965
embedding_hidden_16,test,118.0,0.7107008642509816
embedding_hidden_16,test,119.0,0.7104601423079191
embedding_hidden_16,test,120.0,0.7102205641411182
embedding_hidden_16,test,121.0,0.7099822769969673
embedding_hidden_16,test,122.0,0.709745155642337
embedding_hidden_16,test,123.0,0.7095093731684162
embedding_hidden_16,test,124.0,0.7092748998218416
embedding_hidden_16,test,125.0,0.7090417324787878
embedding_hidden_16,test,126.0,0.7088099426470145
embedding_hidden_16,test,127.0,0.7085795260980537
embedding_hidden_16,test,128.0,0.7083503359899389
embedding_hidden_16,test,129.0,0.7081219467700786
embedding_hidden_16,test,130.0,0.707894781951708
embedding_hidden_16,test,131.0,0.7076688981784528
embedding_hidden_16,test,132.0,0.7074440965506013
embedding_hidden_16,test,133.0,0.7072207350370713
embedding_hidden_16,test,134.0,0.7069981953687393
embedding_hidden_16,test,135.0,0.7067768306101838
embedding_hidden_16,test,136.0,0.7065566322707529
embedding_hidden_16,test,137.0,0.7063378565734598
embedding_hidden_16,test,138.0,0.7061205981579177
embedding_hidden_16,test,139.0,0.7059042137665116
embedding_hidden_16,test,140.0,0.7056888403705389
embedding_hidden_16,test,141.0,0.7054745160135332
embedding_hidden_16,test,142.0,0.7052613206070539
embedding_hidden_16,test,143.0,0.7050495700380998
embedding_hidden_16,test,144.0,0.7048386642884868
embedding_hidden_16,test,145.0,0.7046287717850508
embedding_hidden_16,test,146.0,0.7044195728177367
embedding_hidden_16,test,147.0,0.7042113340465528
embedding_hidden_16,test,148.0,0.7040043600320345
embedding_hidden_16,test,149.0,0.7037981522906624
embedding_hidden_16,test,150.0,0.7035931622156099
embedding_hidden_16,test,151.0,0.7033890339533888
embedding_hidden_16,test,152.0,0.7031859604066687
embedding_hidden_16,test,153.0,0.7029835196774572
embedding_hidden_16,test,154.0,0.7027823077194102
embedding_hidden_16,test,155.0,0.7025821192040259
embedding_hidden_16,test,156.0,0.7023829639190311
embedding_hidden_16,test,157.0,0.7021848805247729
embedding_hidden_16,test,158.0,0.7019879275335239
embedding_hidden_16,test,159.0,0.7017915319219881
embedding_hidden_16,test,160.0,0.7015964342919616
embedding_hidden_16,test,161.0,0.7014021517531678
embedding_hidden_16,test,162.0,0.7012089529172731
embedding_hidden_16,test,163.0,0.7010164530460106
embedding_hidden_16,test,164.0,0.7008252584998769
embedding_hidden_16,test,165.0,0.7006354650135961
embedding_hidden_16,test,166.0,0.7004462842771563
embedding_hidden_16,test,167.0,0.7002581748221856
embedding_hidden_16,test,168.0,0.700070816646049
embedding_hidden_16,test,169.0,0.6998844571623165
embedding_hidden_16,test,170.0,0.6996989723314243
embedding_hidden_16,test,171.0,0.6995145650007685
embedding_hidden_16,test,172.0,0.6993310970998289
embedding_hidden_16,test,173.0,0.6991482487139647
embedding_hidden_16,test,174.0,0.6989661615921747
embedding_hidden_16,test,175.0,0.6987850285778413
embedding_hidden_16,test,176.0,0.6986046599902451
embedding_hidden_16,test,177.0,0.6984251423292938
embedding_hidden_16,test,178.0,0.6982465029719861
embedding_hidden_16,test,179.0,0.6980684404966128
embedding_hidden_16,test,180.0,0.6978908292125474
embedding_hidden_16,test,181.0,0.6977144153774741
embedding_hidden_16,test,182.0,0.6975385599353656
embedding_hidden_16,test,183.0,0.6973636069349294
embedding_hidden_16,test,184.0,0.6971894432969712
embedding_hidden_16,test,185.0,0.6970160463225855
embedding_hidden_16,test,186.0,0.6968430948369073
embedding_hidden_16,test,187.0,0.6966717069075546
embedding_hidden_16,test,188.0,0.696500664997927
embedding_hidden_16,test,189.0,0.6963305509830511
embedding_hidden_16,test,190.0,0.6961613762037572
embedding_hidden_16,test,191.0,0.6959929490261368
embedding_hidden_16,test,192.0,0.6958253041647333
embedding_hidden_16,test,193.0,0.6956584605689269
embedding_hidden_16,test,194.0,0.6954922891345724
embedding_hidden_16,test,195.0,0.6953269540996352
embedding_hidden_16,test,196.0,0.6951621900207271
embedding_hidden_16,test,197.0,0.6949986114831325
embedding_hidden_16,test,198.0,0.6948357254180882
embedding_hidden_16,test,199.0,0.6946737608322663
embedding_hidden_16,test,200.0,0.6945129586745764
embedding_hidden_32,train,1.0,0.7349482510613454
embedding_hidden_32,train,2.0,0.734342136491329
embedding_hidden_32,train,3.0,0.7337393044667245
embedding_hidden_32,train,4.0,0.7331394660732524
embedding_hidden_32,train,5.0,0.7325428043422896
embedding_hidden_32,train,6.0,0.7319492868029754
embedding_hidden_32,train,7.0,0.7313587965601894
embedding_hidden_32,train,8.0,0.7307714314947213
embedding_hidden_32,train,9.0,0.7301870830686478
embedding_hidden_32,train,10.0,0.7296057470160953
embedding_hidden_32,train,11.0,0.7290273905720787
embedding_hidden_32,train,12.0,0.7284519117887173
embedding_hidden_32,train,13.0,0.7278793356292017
embedding_hidden_32,train,14.0,0.7273097759692269
embedding_hidden_32,train,15.0,0.7267431251821233
embedding_hidden_32,train,16.0,0.726179534742158
embedding_hidden_32,train,17.0,0.7256185951133733
embedding_hidden_32,train,18.0,0.7250606136135868
embedding_hidden_32,train,19.0,0.7245056680409744
embedding_hidden_32,train,20.0,0.7239536347898683
embedding_hidden_32,train,21.0,0.7234042085864243
embedding_hidden_32,train,22.0,0.722857672446551
embedding_hidden_32,train,23.0,0.722314094703427
embedding_hidden_32,train,24.0,0.7217734915534781
embedding_hidden_32,train,25.0,0.721235463306148
embedding_hidden_32,train,26.0,0.7207000115691139
embedding_hidden_32,train,27.0,0.7201671279505084
embedding_hidden_32,train,28.0,0.7196370563163954
embedding_hidden_32,train,29.0,0.7191096629611665
embedding_hidden_32,train,30.0,0.718584910665754
embedding_hidden_32,train,31.0,0.7180627397522378
embedding_hidden_32,train,32.0,0.7175431979214467
embedding_hidden_32,train,33.0,0.7170263940861239
embedding_hidden_32,train,34.0,0.7165118577221165
embedding_hidden_32,train,35.0,0.7159996980351547
embedding_hidden_32,train,36.0,0.7154901550525764
embedding_hidden_32,train,37.0,0.7149831469720223
embedding_hidden_32,train,38.0,0.7144783865571783
embedding_hidden_32,train,39.0,0.7139761007614912
embedding_hidden_32,train,40.0,0.713476475168428
embedding_hidden_32,train,41.0,0.7129791846227848
embedding_hidden_32,train,42.0,0.7124843977453124
embedding_hidden_32,train,43.0,0.7119920928964991
embedding_hidden_32,train,44.0,0.7115022311484992
embedding_hidden_32,train,45.0,0.7110149335757233
embedding_hidden_32,train,46.0,0.7105299727318638
embedding_hidden_32,train,47.0,0.7100473464190775
embedding_hidden_32,train,48.0,0.7095671586771494
embedding_hidden_32,train,49.0,0.7090894294859988
embedding_hidden_32,train,50.0,0.7086140296513488
embedding_hidden_32,train,51.0,0.7081412138094885
embedding_hidden_32,train,52.0,0.7076705161841395
embedding_hidden_32,train,53.0,0.7072022290450434
embedding_hidden_32,train,54.0,0.7067362642948716
embedding_hidden_32,train,55.0,0.706272473712133
embedding_hidden_32,train,56.0,0.70581118095642
embedding_hidden_32,train,57.0,0.705352196149758
embedding_hidden_32,train,58.0,0.7048956740649798
embedding_hidden_32,train,59.0,0.7044416512986995
embedding_hidden_32,train,60.0,0.7039897413831675
embedding_hidden_32,train,61.0,0.7035398544947338
embedding_hidden_32,train,62.0,0.7030920769318956
embedding_hidden_32,train,63.0,0.702646513423593
embedding_hidden_32,train,64.0,0.7022030586016605
embedding_hidden_32,train,65.0,0.7017616876763237
embedding_hidden_32,train,66.0,0.7013222996551999
embedding_hidden_32,train,67.0,0.7008850522176152
embedding_hidden_32,train,68.0,0.700449870648802
embedding_hidden_32,train,69.0,0.7000166986440982
embedding_hidden_32,train,70.0,0.6995856307138018
embedding_hidden_32,train,71.0,0.6991567918425329
embedding_hidden_32,train,72.0,0.6987301601873775
embedding_hidden_32,train,73.0,0.6983054591024586
embedding_hidden_32,train,74.0,0.6978828422234309
embedding_hidden_32,train,75.0,0.6974619517019436
embedding_hidden_32,train,76.0,0.6970430205642579
embedding_hidden_32,train,77.0,0.6966260551088053
embedding_hidden_32,train,78.0,0.6962112083331886
embedding_hidden_32,train,79.0,0.695798322702399
embedding_hidden_32,train,80.0,0.6953871901386338
embedding_hidden_32,train,81.0,0.6949779683270315
embedding_hidden_32,train,82.0,0.6945706024831738
embedding_hidden_32,train,83.0,0.6941652262676274
embedding_hidden_32,train,84.0,0.6937615820457395
embedding_hidden_32,train,85.0,0.6933598088197517
embedding_hidden_32,train,86.0,0.6929599393753536
embedding_hidden_32,train,87.0,0.6925619601983966
embedding_hidden_32,train,88.0,0.6921658770766292
embedding_hidden_32,train,89.0,0.6917716546304463
embedding_hidden_32,train,90.0,0.6913792265826901
embedding_hidden_32,train,91.0,0.6909886421284354
embedding_hidden_32,train,92.0,0.6905998697050094
embedding_hidden_32,train,93.0,0.6902128333542121
embedding_hidden_32,train,94.0,0.6898274673284006
embedding_hidden_32,train,95.0,0.6894438199315098
embedding_hidden_32,train,96.0,0.6890618038719583
embedding_hidden_32,train,97.0,0.6886814814137209
embedding_hidden_32,train,98.0,0.688303061454764
embedding_hidden_32,train,99.0,0.6879264063522699
embedding_hidden_32,train,100.0,0.6875512356001343
embedding_hidden_32,train,101.0,0.6871777662560838
embedding_hidden_32,train,102.0,0.6868058283624326
embedding_hidden_32,train,103.0,0.6864355483580236
embedding_hidden_32,train,104.0,0.6860668798501335
embedding_hidden_32,train,105.0,0.6856997329509601
embedding_hidden_32,train,106.0,0.6853342945344278
embedding_hidden_32,train,107.0,0.6849703848229624
embedding_hidden_32,train,108.0,0.6846081169558855
embedding_hidden_32,train,109.0,0.6842475145464494
embedding_hidden_32,train,110.0,0.6838884595134987
embedding_hidden_32,train,111.0,0.6835309811481407
embedding_hidden_32,train,112.0,0.6831750319134838
embedding_hidden_32,train,113.0,0.6828207542258052
embedding_hidden_32,train,114.0,0.6824680079012897
embedding_hidden_32,train,115.0,0.682116757677928
embedding_hidden_32,train,116.0,0.6817668512535965
embedding_hidden_32,train,117.0,0.6814185286008444
embedding_hidden_32,train,118.0,0.6810716859018626
embedding_hidden_32,train,119.0,0.6807264700291755
embedding_hidden_32,train,120.0,0.6803828058909225
embedding_hidden_32,train,121.0,0.6800407468069246
embedding_hidden_32,train,122.0,0.6797001393629845
embedding_hidden_32,train,123.0,0.6793610377376431
embedding_hidden_32,train,124.0,0.6790233683990783
embedding_hidden_32,train,125.0,0.6786871161175074
embedding_hidden_32,train,126.0,0.6783522953160641
embedding_hidden_32,train,127.0,0.6780187629431016
embedding_hidden_32,train,128.0,0.6776865586839766
embedding_hidden_32,train,129.0,0.6773555906032337
embedding_hidden_32,train,130.0,0.6770258981661135
embedding_hidden_32,train,131.0,0.676697642639734
embedding_hidden_32,train,132.0,0.6763708683388738
embedding_hidden_32,train,133.0,0.6760454849904829
embedding_hidden_32,train,134.0,0.6757216111986011
embedding_hidden_32,train,135.0,0.6753990955864642
embedding_hidden_32,train,136.0,0.6750778952729365
embedding_hidden_32,train,137.0,0.6747580122387027
embedding_hidden_32,train,138.0,0.6744392930457
embedding_hidden_32,train,139.0,0.6741218708351935
embedding_hidden_32,train,140.0,0.673805748966018
embedding_hidden_32,train,141.0,0.6734909326997373
embedding_hidden_32,train,142.0,0.6731774923147265
embedding_hidden_32,train,143.0,0.6728653620398212
embedding_hidden_32,train,144.0,0.6725544844782944
embedding_hidden_32,train,145.0,0.6722449513158975
embedding_hidden_32,train,146.0,0.6719366458037331
embedding_hidden_32,train,147.0,0.6716295870680338
embedding_hidden_32,train,148.0,0.6713237605147147
embedding_hidden_32,train,149.0,0.6710192413650061
embedding_hidden_32,train,150.0,0.6707159729888696
embedding_hidden_32,train,151.0,0.6704138900898318
embedding_hidden_32,train,152.0,0.6701129705806083
embedding_hidden_32,train,153.0,0.6698132613130999
embedding_hidden_32,train,154.0,0.6695147038171407
embedding_hidden_32,train,155.0,0.669217223902036
embedding_hidden_32,train,156.0,0.6689209123406155
embedding_hidden_32,train,157.0,0.6686258096210083
embedding_hidden_32,train,158.0,0.6683318943696606
embedding_hidden_32,train,159.0,0.6680391160345267
embedding_hidden_32,train,160.0,0.6677475551922892
embedding_hidden_32,train,161.0,0.6674570117874788
embedding_hidden_32,train,162.0,0.667167664718011
embedding_hidden_32,train,163.0,0.6668795477086541
embedding_hidden_32,train,164.0,0.6665925191446931
embedding_hidden_32,train,165.0,0.6663065441423688
embedding_hidden_32,train,166.0,0.6660216426674278
embedding_hidden_32,train,167.0,0.6657378957219074
embedding_hidden_32,train,168.0,0.6654552512511633
embedding_hidden_32,train,169.0,0.6651736545042972
embedding_hidden_32,train,170.0,0.664893029835002
embedding_hidden_32,train,171.0,0.6646134264527022
embedding_hidden_32,train,172.0,0.6643349616125085
embedding_hidden_32,train,173.0,0.664057669871098
embedding_hidden_32,train,174.0,0.6637815904431491
embedding_hidden_32,train,175.0,0.6635065830658269
embedding_hidden_32,train,176.0,0.6632326277844338
embedding_hidden_32,train,177.0,0.6629598109302935
embedding_hidden_32,train,178.0,0.6626880919750519
embedding_hidden_32,train,179.0,0.6624173893337291
embedding_hidden_32,train,180.0,0.6621478062964835
embedding_hidden_32,train,181.0,0.6618794164715338
embedding_hidden_32,train,182.0,0.6616120755791461
embedding_hidden_32,train,183.0,0.661345828240851
embedding_hidden_32,train,184.0,0.6610807509510912
embedding_hidden_32,train,185.0,0.6608167259247794
embedding_hidden_32,train,186.0,0.6605536975186028
embedding_hidden_32,train,187.0,0.6602917214033793
embedding_hidden_32,train,188.0,0.6600308476744683
embedding_hidden_32,train,189.0,0.6597709507695472
embedding_hidden_32,train,190.0,0.6595119067698999
embedding_hidden_32,train,191.0,0.6592538262681998
embedding_hidden_32,train,192.0,0.6589966955997364
embedding_hidden_32,train,193.0,0.6587405493963567
embedding_hidden_32,train,194.0,0.658485167281407
embedding_hidden_32,train,195.0,0.6582307811725701
embedding_hidden_32,train,196.0,0.6579773069222775
embedding_hidden_32,train,197.0,0.657724828584413
embedding_hidden_32,train,198.0,0.6574733507415301
embedding_hidden_32,train,199.0,0.6572228764345208
embedding_hidden_32,train,200.0,0.6569733350310165
embedding_hidden_32,test,1.0,0.7383232270729266
embedding_hidden_32,test,2.0,0.7378727215736519
embedding_hidden_32,test,3.0,0.7374250712128051
embedding_hidden_32,test,4.0,0.7369800832023323
embedding_hidden_32,test,5.0,0.7365378567224097
embedding_hidden_32,test,6.0,0.7360985092989234
embedding_hidden_32,test,7.0,0.7356619104593907
embedding_hidden_32,test,8.0,0.7352279907951182
embedding_hidden_32,test,9.0,0.7347967357200811
embedding_hidden_32,test,10.0,0.7343681738926506
embedding_hidden_32,test,11.0,0.7339419847997772
embedding_hidden_32,test,12.0,0.7335186287221388
embedding_hidden_32,test,13.0,0.7330977584478093
embedding_hidden_32,test,14.0,0.7326799858578873
embedding_hidden_32,test,15.0,0.7322650032004658
embedding_hidden_32,test,16.0,0.7318525443167709
embedding_hidden_32,test,17.0,0.7314427176437671
embedding_hidden_32,test,18.0,0.7310356645989637
embedding_hidden_32,test,19.0,0.7306313882250907
embedding_hidden_32,test,20.0,0.7302294578551014
embedding_hidden_32,test,21.0,0.7298299971027734
embedding_hidden_32,test,22.0,0.7294332698975732
embedding_hidden_32,test,23.0,0.7290391059831454
embedding_hidden_32,test,24.0,0.7286471604487399
embedding_hidden_32,test,25.0,0.7282574719496318
embedding_hidden_32,test,26.0,0.7278698004237892
embedding_hidden_32,test,27.0,0.7274846496764699
embedding_hidden_32,test,28.0,0.7271019234616258
embedding_hidden_32,test,29.0,0.726721474774007
embedding_hidden_32,test,30.0,0.7263434968063687
embedding_hidden_32,test,31.0,0.7259678344785025
embedding_hidden_32,test,32.0,0.7255944023566301
embedding_hidden_32,test,33.0,0.7252230719400139
embedding_hidden_32,test,34.0,0.7248536981821626
embedding_hidden_32,test,35.0,0.7244867690945759
embedding_hidden_32,test,36.0,0.7241221588717365
embedding_hidden_32,test,37.0,0.7237595903892969
embedding_hidden_32,test,38.0,0.7233991096362371
embedding_hidden_32,test,39.0,0.7230407055189437
embedding_hidden_32,test,40.0,0.7226839742971214
embedding_hidden_32,test,41.0,0.7223294787716915
embedding_hidden_32,test,42.0,0.7219769017232862
embedding_hidden_32,test,43.0,0.7216264817340973
embedding_hidden_32,test,44.0,0.7212782238831454
embedding_hidden_32,test,45.0,0.7209319605108718
embedding_hidden_32,test,46.0,0.7205877541199257
embedding_hidden_32,test,47.0,0.7202455974474435
embedding_hidden_32,test,48.0,0.7199056874496141
embedding_hidden_32,test,49.0,0.7195680039711047
embedding_hidden_32,test,50.0,0.7192324921812527
embedding_hidden_32,test,51.0,0.7188989746366267
embedding_hidden_32,test,52.0,0.7185675064829515
embedding_hidden_32,test,53.0,0.7182379193350213
embedding_hidden_32,test,54.0,0.7179103386482835
embedding_hidden_32,test,55.0,0.7175849368499663
embedding_hidden_32,test,56.0,0.7172612382568433
embedding_hidden_32,test,57.0,0.7169392393284667
embedding_hidden_32,test,58.0,0.71661925985824
embedding_hidden_32,test,59.0,0.7163012353038575
embedding_hidden_32,test,60.0,0.7159851237903656
embedding_hidden_32,test,61.0,0.7156708757079536
embedding_hidden_32,test,62.0,0.7153585235894393
embedding_hidden_32,test,63.0,0.7150482505407872
embedding_hidden_32,test,64.0,0.7147399576484369
embedding_hidden_32,test,65.0,0.7144337855486613
embedding_hidden_32,test,66.0,0.7141295590841471
embedding_hidden_32,test,67.0,0.7138270804379478
embedding_hidden_32,test,68.0,0.7135262858079565
embedding_hidden_32,test,69.0,0.7132270792733785
embedding_hidden_32,test,70.0,0.7129296501386422
embedding_hidden_32,test,71.0,0.712633991973177
embedding_hidden_32,test,72.0,0.7123399721868935
embedding_hidden_32,test,73.0,0.7120480105081303
embedding_hidden_32,test,74.0,0.711757800056085
embedding_hidden_32,test,75.0,0.7114688068382907
embedding_hidden_32,test,76.0,0.7111813108035319
embedding_hidden_32,test,77.0,0.7108955231148972
embedding_hidden_32,test,78.0,0.7106113888340099
embedding_hidden_32,test,79.0,0.7103289786972159
embedding_hidden_32,test,80.0,0.7100479322486254
embedding_hidden_32,test,81.0,0.7097684512489333
embedding_hidden_32,test,82.0,0.7094905078083038
embedding_hidden_32,test,83.0,0.7092140338088969
embedding_hidden_32,test,84.0,0.7089388355277398
embedding_hidden_32,test,85.0,0.708665367747481
embedding_hidden_32,test,86.0,0.7083934816062424
embedding_hidden_32,test,87.0,0.7081234147364129
embedding_hidden_32,test,88.0,0.7078550494154808
embedding_hidden_32,test,89.0,0.7075882151285751
embedding_hidden_32,test,90.0,0.7073230115502291
embedding_hidden_32,test,91.0,0.7070594566219643
embedding_hidden_32,test,92.0,0.7067974570683508
embedding_hidden_32,test,93.0,0.7065370155311261
embedding_hidden_32,test,94.0,0.7062779924821998
embedding_hidden_32,test,95.0,0.7060204968253962
embedding_hidden_32,test,96.0,0.705764671079795
embedding_hidden_32,test,97.0,0.7055105268018651
embedding_hidden_32,test,98.0,0.7052576028396557
embedding_hidden_32,test,99.0,0.7050060602527071
embedding_hidden_32,test,100.0,0.7047559354265287
embedding_hidden_32,test,101.0,0.7045067828836262
embedding_hidden_32,test,102.0,0.7042591126994879
embedding_hidden_32,test,103.0,0.7040130283066315
embedding_hidden_32,test,104.0,0.7037681268817798
embedding_hidden_32,test,105.0,0.7035247579079484
embedding_hidden_32,test,106.0,0.7032825127533877
embedding_hidden_32,test,107.0,0.7030415776852724
embedding_hidden_32,test,108.0,0.7028021878528473
embedding_hidden_32,test,109.0,0.7025641270604845
embedding_hidden_32,test,110.0,0.7023273970979116
embedding_hidden_32,test,111.0,0.7020921340859542
embedding_hidden_32,test,112.0,0.7018580143223778
embedding_hidden_32,test,113.0,0.7016250540557316
embedding_hidden_32,test,114.0,0.7013933712767438
embedding_hidden_32,test,115.0,0.701163037685345
embedding_hidden_32,test,116.0,0.700933929027237
embedding_hidden_32,test,117.0,0.7007059411181702
embedding_hidden_32,test,118.0,0.7004793645715035
embedding_hidden_32,test,119.0,0.7002541005926458
embedding_hidden_32,test,120.0,0.7000300919522513
embedding_hidden_32,test,121.0,0.6998072645079056
embedding_hidden_32,test,122.0,0.6995858031347242
embedding_hidden_32,test,123.0,0.6993656731468698
embedding_hidden_32,test,124.0,0.6991468130396312
embedding_hidden_32,test,125.0,0.6989291767382645
embedding_hidden_32,test,126.0,0.6987128359302885
embedding_hidden_32,test,127.0,0.6984973623498234
embedding_hidden_32,test,128.0,0.6982828944387416
embedding_hidden_32,test,129.0,0.698069949711756
embedding_hidden_32,test,130.0,0.6978582679354188
embedding_hidden_32,test,131.0,0.6976477114118477
embedding_hidden_32,test,132.0,0.6974383143075978
embedding_hidden_32,test,133.0,0.6972301706350519
embedding_hidden_32,test,134.0,0.6970232807877684
embedding_hidden_32,test,135.0,0.6968174819596278
embedding_hidden_32,test,136.0,0.6966128895768264
embedding_hidden_32,test,137.0,0.6964096093462039
embedding_hidden_32,test,138.0,0.6962077160537083
embedding_hidden_32,test,139.0,0.6960069219742964
embedding_hidden_32,test,140.0,0.6958070764576111
embedding_hidden_32,test,141.0,0.6956081920431534
embedding_hidden_32,test,142.0,0.6954102050547548
embedding_hidden_32,test,143.0,0.695213178278609
embedding_hidden_32,test,144.0,0.6950174805543818
embedding_hidden_32,test,145.0,0.6948227699656193
embedding_hidden_32,test,146.0,0.694629267904995
embedding_hidden_32,test,147.0,0.6944366138567647
embedding_hidden_32,test,148.0,0.6942450343266181
embedding_hidden_32,test,149.0,0.6940545729907587
embedding_hidden_32,test,150.0,0.6938650980125186
embedding_hidden_32,test,151.0,0.6936766471132815
embedding_hidden_32,test,152.0,0.693489178347741
embedding_hidden_32,test,153.0,0.6933026329948133
embedding_hidden_32,test,154.0,0.6931171941275007
embedding_hidden_32,test,155.0,0.6929326063558396
embedding_hidden_32,test,156.0,0.6927490095214275
embedding_hidden_32,test,157.0,0.6925661546849883
embedding_hidden_32,test,158.0,0.692384408047287
embedding_hidden_32,test,159.0,0.6922035890618083
embedding_hidden_32,test,160.0,0.6920237351961805
embedding_hidden_32,test,161.0,0.6918450834647853
embedding_hidden_32,test,162.0,0.691667410099466
embedding_hidden_32,test,163.0,0.6914906374623709
embedding_hidden_32,test,164.0,0.6913147102597377
embedding_hidden_32,test,165.0,0.6911397318571739
embedding_hidden_32,test,166.0,0.6909655289217185
embedding_hidden_32,test,167.0,0.6907922164760514
embedding_hidden_32,test,168.0,0.6906197729946759
embedding_hidden_32,test,169.0,0.6904481960806115
embedding_hidden_32,test,170.0,0.6902775675849788
embedding_hidden_32,test,171.0,0.6901080080783738
embedding_hidden_32,test,172.0,0.68993930288615
embedding_hidden_32,test,173.0,0.6897716142452055
embedding_hidden_32,test,174.0,0.6896047762734665
embedding_hidden_32,test,175.0,0.6894385862211799
embedding_hidden_32,test,176.0,0.6892732808998578
embedding_hidden_32,test,177.0,0.6891087721474015
embedding_hidden_32,test,178.0,0.6889452259399285
embedding_hidden_32,test,179.0,0.6887825214902816
embedding_hidden_32,test,180.0,0.6886207000627755
embedding_hidden_32,test,181.0,0.6884598443081231
embedding_hidden_32,test,182.0,0.6882997579647101
embedding_hidden_32,test,183.0,0.6881404191914167
embedding_hidden_32,test,184.0,0.6879818653758887
embedding_hidden_32,test,185.0,0.6878240939868574
embedding_hidden_32,test,186.0,0.6876669889149465
embedding_hidden_32,test,187.0,0.6875108779360184
embedding_hidden_32,test,188.0,0.6873556129478272
embedding_hidden_32,test,189.0,0.6872012385543654
embedding_hidden_32,test,190.0,0.687047887216303
embedding_hidden_32,test,191.0,0.6868953433687851
embedding_hidden_32,test,192.0,0.6867435501320485
embedding_hidden_32,test,193.0,0.6865921894427991
embedding_hidden_32,test,194.0,0.686441641173316
embedding_hidden_32,test,195.0,0.6862918877418012
embedding_hidden_32,test,196.0,0.6861429227137461
embedding_hidden_32,test,197.0,0.6859947560427964
embedding_hidden_32,test,198.0,0.6858473527107355
embedding_hidden_32,test,199.0,0.6857006864156383
embedding_hidden_32,test,200.0,0.6855548318024457
embedding_hidden_64,train,1.0,0.7642825692268309
embedding_hidden_64,train,2.0,0.7633118602969181
embedding_hidden_64,train,3.0,0.7623476433504305
embedding_hidden_64,train,4.0,0.7613898017745775
embedding_hidden_64,train,5.0,0.7604383030000508
embedding_hidden_64,train,6.0,0.7594931639672956
embedding_hidden_64,train,7.0,0.7585541388271715
embedding_hidden_64,train,8.0,0.7576214692656869
embedding_hidden_64,train,9.0,0.7566950084643612
embedding_hidden_64,train,10.0,0.7557747109707396
embedding_hidden_64,train,11.0,0.7548604770674899
embedding_hidden_64,train,12.0,0.7539521082414058
embedding_hidden_64,train,13.0,0.7530496548005029
embedding_hidden_64,train,14.0,0.7521529142511507
embedding_hidden_64,train,15.0,0.7512620252956493
embedding_hidden_64,train,16.0,0.7503770216491036
embedding_hidden_64,train,17.0,0.7494979321148381
embedding_hidden_64,train,18.0,0.7486245989476104
embedding_hidden_64,train,19.0,0.7477570791531828
embedding_hidden_64,train,20.0,0.7468951980062458
embedding_hidden_64,train,21.0,0.746038922183233
embedding_hidden_64,train,22.0,0.7451882511589887
embedding_hidden_64,train,23.0,0.7443431296992628
embedding_hidden_64,train,24.0,0.7435036122946835
embedding_hidden_64,train,25.0,0.7426695694134676
embedding_hidden_64,train,26.0,0.7418408739229492
embedding_hidden_64,train,27.0,0.7410175460397284
embedding_hidden_64,train,28.0,0.7401995877146319
embedding_hidden_64,train,29.0,0.739386817602933
embedding_hidden_64,train,30.0,0.7385792802539386
embedding_hidden_64,train,31.0,0.7377770363625089
embedding_hidden_64,train,32.0,0.7369800460028448
embedding_hidden_64,train,33.0,0.7361882141296331
embedding_hidden_64,train,34.0,0.7354016984287582
embedding_hidden_64,train,35.0,0.7346203478404041
embedding_hidden_64,train,36.0,0.7338440737978271
embedding_hidden_64,train,37.0,0.7330727221592583
embedding_hidden_64,train,38.0,0.7323062401405374
embedding_hidden_64,train,39.0,0.7315447642850497
embedding_hidden_64,train,40.0,0.7307882722687191
embedding_hidden_64,train,41.0,0.7300366384843915
embedding_hidden_64,train,42.0,0.7292898690009264
embedding_hidden_64,train,43.0,0.7285478737408946
embedding_hidden_64,train,44.0,0.7278107598186745
embedding_hidden_64,train,45.0,0.7270784205919572
embedding_hidden_64,train,46.0,0.7263507051376034
embedding_hidden_64,train,47.0,0.7256276286940928
embedding_hidden_64,train,48.0,0.7249091885155426
embedding_hidden_64,train,49.0,0.7241953818542614
embedding_hidden_64,train,50.0,0.7234863118326749
embedding_hidden_64,train,51.0,0.7227818335588864
embedding_hidden_64,train,52.0,0.7220818427811486
embedding_hidden_64,train,53.0,0.7213863186939857
embedding_hidden_64,train,54.0,0.7206951020926999
embedding_hidden_64,train,55.0,0.7200083541690278
embedding_hidden_64,train,56.0,0.7193260184130241
embedding_hidden_64,train,57.0,0.7186479353858469
embedding_hidden_64,train,58.0,0.7179740844144786
embedding_hidden_64,train,59.0,0.7173045856690013
embedding_hidden_64,train,60.0,0.7166393224865354
embedding_hidden_64,train,61.0,0.7159782838158989
embedding_hidden_64,train,62.0,0.7153214414003685
embedding_hidden_64,train,63.0,0.7146686691496549
embedding_hidden_64,train,64.0,0.7140199002741351
embedding_hidden_64,train,65.0,0.7133752245148475
embedding_hidden_64,train,66.0,0.7127347102926109
embedding_hidden_64,train,67.0,0.7120981908421176
embedding_hidden_64,train,68.0,0.7114656364491957
embedding_hidden_64,train,69.0,0.7108371172329877
embedding_hidden_64,train,70.0,0.7102126335807313
embedding_hidden_64,train,71.0,0.7095922459598875
embedding_hidden_64,train,72.0,0.7089757820069661
embedding_hidden_64,train,73.0,0.7083631927085295
embedding_hidden_64,train,74.0,0.7077544294838034
embedding_hidden_64,train,75.0,0.7071494245194839
embedding_hidden_64,train,76.0,0.7065481849099908
embedding_hidden_64,train,77.0,0.70595075865108
embedding_hidden_64,train,78.0,0.7053572654934748
embedding_hidden_64,train,79.0,0.7047675043305901
embedding_hidden_64,train,80.0,0.7041813989042638
embedding_hidden_64,train,81.0,0.7035989192202692
embedding_hidden_64,train,82.0,0.7030200725543635
embedding_hidden_64,train,83.0,0.7024447398770006
embedding_hidden_64,train,84.0,0.7018729049610768
embedding_hidden_64,train,85.0,0.7013046301021966
embedding_hidden_64,train,86.0,0.7007400213625274
embedding_hidden_64,train,87.0,0.7001789190777745
embedding_hidden_64,train,88.0,0.6996212705967177
embedding_hidden_64,train,89.0,0.6990670451548195
embedding_hidden_64,train,90.0,0.6985161972656319
embedding_hidden_64,train,91.0,0.6979687482800266
embedding_hidden_64,train,92.0,0.6974247432120457
embedding_hidden_64,train,93.0,0.6968841179291606
embedding_hidden_64,train,94.0,0.6963467635137863
embedding_hidden_64,train,95.0,0.6958126922405296
embedding_hidden_64,train,96.0,0.6952817441020555
embedding_hidden_64,train,97.0,0.6947539664403926
embedding_hidden_64,train,98.0,0.6942293688177689
embedding_hidden_64,train,99.0,0.6937079029442664
embedding_hidden_64,train,100.0,0.6931896309363631
embedding_hidden_64,train,101.0,0.6926744383277854
embedding_hidden_64,train,102.0,0.6921622689957501
embedding_hidden_64,train,103.0,0.6916530251899821
embedding_hidden_64,train,104.0,0.6911468635120709
embedding_hidden_64,train,105.0,0.6906437286611036
embedding_hidden_64,train,106.0,0.6901435852232195
embedding_hidden_64,train,107.0,0.6896463202304033
embedding_hidden_64,train,108.0,0.6891520257556176
embedding_hidden_64,train,109.0,0.6886605940837346
embedding_hidden_64,train,110.0,0.6881721796555046
embedding_hidden_64,train,111.0,0.6876867051309415
embedding_hidden_64,train,112.0,0.6872040611268215
embedding_hidden_64,train,113.0,0.6867242317427642
embedding_hidden_64,train,114.0,0.6862473388245952
embedding_hidden_64,train,115.0,0.6857732897849521
embedding_hidden_64,train,116.0,0.6853019726370151
embedding_hidden_64,train,117.0,0.6848333861632332
embedding_hidden_64,train,118.0,0.6843674682460511
embedding_hidden_64,train,119.0,0.6839042525355334
embedding_hidden_64,train,120.0,0.6834437292804478
embedding_hidden_64,train,121.0,0.682985833561492
embedding_hidden_64,train,122.0,0.6825306554805183
embedding_hidden_64,train,123.0,0.6820780738497959
embedding_hidden_64,train,124.0,0.6816280725435605
embedding_hidden_64,train,125.0,0.6811806713923237
embedding_hidden_64,train,126.0,0.6807358263567228
embedding_hidden_64,train,127.0,0.6802935659971493
embedding_hidden_64,train,128.0,0.6798538706558358
embedding_hidden_64,train,129.0,0.6794167154727464
embedding_hidden_64,train,130.0,0.6789820479221556
embedding_hidden_64,train,131.0,0.6785498779391784
embedding_hidden_64,train,132.0,0.6781201884473936
embedding_hidden_64,train,133.0,0.6776929114784906
embedding_hidden_64,train,134.0,0.677268030562397
embedding_hidden_64,train,135.0,0.6768455098063685
embedding_hidden_64,train,136.0,0.6764253936030153
embedding_hidden_64,train,137.0,0.6760076526409827
embedding_hidden_64,train,138.0,0.6755922968113982
embedding_hidden_64,train,139.0,0.675179300778457
embedding_hidden_64,train,140.0,0.6747685906717409
embedding_hidden_64,train,141.0,0.6743602079723939
embedding_hidden_64,train,142.0,0.6739540426085766
embedding_hidden_64,train,143.0,0.67355009344456
embedding_hidden_64,train,144.0,0.6731483428133005
embedding_hidden_64,train,145.0,0.6727487678608755
embedding_hidden_64,train,146.0,0.6723513898575971
embedding_hidden_64,train,147.0,0.671956199583667
embedding_hidden_64,train,148.0,0.6715631903350409
embedding_hidden_64,train,149.0,0.6711722288946775
embedding_hidden_64,train,150.0,0.6707833938300298
embedding_hidden_64,train,151.0,0.6703966623532128
embedding_hidden_64,train,152.0,0.6700120846892782
embedding_hidden_64,train,153.0,0.6696296708490759
embedding_hidden_64,train,154.0,0.6692493006275406
embedding_hidden_64,train,155.0,0.6688709465507529
embedding_hidden_64,train,156.0,0.6684945837879976
embedding_hidden_64,train,157.0,0.6681201993916763
embedding_hidden_64,train,158.0,0.6677478376573583
embedding_hidden_64,train,159.0,0.6673774632954206
embedding_hidden_64,train,160.0,0.6670090462815118
embedding_hidden_64,train,161.0,0.6666425525510993
embedding_hidden_64,train,162.0,0.6662780206247663
embedding_hidden_64,train,163.0,0.6659154260588449
embedding_hidden_64,train,164.0,0.6655547619912594
embedding_hidden_64,train,165.0,0.665196056942623
embedding_hidden_64,train,166.0,0.66483928317426
embedding_hidden_64,train,167.0,0.6644844308959422
embedding_hidden_64,train,168.0,0.6641314393855969
embedding_hidden_64,train,169.0,0.6637802543814418
embedding_hidden_64,train,170.0,0.6634308413697596
embedding_hidden_64,train,171.0,0.6630832441891534
embedding_hidden_64,train,172.0,0.6627374587888619
embedding_hidden_64,train,173.0,0.6623934870778742
embedding_hidden_64,train,174.0,0.6620512909655644
embedding_hidden_64,train,175.0,0.6617109157451775
embedding_hidden_64,train,176.0,0.661372254804116
embedding_hidden_64,train,177.0,0.6610353107469135
embedding_hidden_64,train,178.0,0.6607001022829669
embedding_hidden_64,train,179.0,0.6603666308961946
embedding_hidden_64,train,180.0,0.6600348771868784
embedding_hidden_64,train,181.0,0.6597048606504281
embedding_hidden_64,train,182.0,0.6593766193881712
embedding_hidden_64,train,183.0,0.6590500286732217
embedding_hidden_64,train,184.0,0.6587251137238765
embedding_hidden_64,train,185.0,0.6584019109153786
embedding_hidden_64,train,186.0,0.6580803234918423
embedding_hidden_64,train,187.0,0.6577603493615322
embedding_hidden_64,train,188.0,0.6574418808233314
embedding_hidden_64,train,189.0,0.657124934942092
embedding_hidden_64,train,190.0,0.6568095133506853
embedding_hidden_64,train,191.0,0.6564956828930851
embedding_hidden_64,train,192.0,0.6561834446388922
embedding_hidden_64,train,193.0,0.65587279254188
embedding_hidden_64,train,194.0,0.6555636719471564
embedding_hidden_64,train,195.0,0.65525610044995
embedding_hidden_64,train,196.0,0.65495003458135
embedding_hidden_64,train,197.0,0.6546454941097978
embedding_hidden_64,train,198.0,0.6543424580716553
embedding_hidden_64,train,199.0,0.6540409089265384
embedding_hidden_64,train,200.0,0.6537408968200819
embedding_hidden_64,test,1.0,0.763935271200933
embedding_hidden_64,test,2.0,0.7631321482144904
embedding_hidden_64,test,3.0,0.7623348964708047
embedding_hidden_64,test,4.0,0.7615437196731077
embedding_hidden_64,test,5.0,0.7607582785724307
embedding_hidden_64,test,6.0,0.7599785377508956
embedding_hidden_64,test,7.0,0.759204599710229
embedding_hidden_64,test,8.0,0.7584363115571169
embedding_hidden_64,test,9.0,0.7576736829994483
embedding_hidden_64,test,10.0,0.756916817374444
embedding_hidden_64,test,11.0,0.7561654215762962
embedding_hidden_64,test,12.0,0.7554194241368861
embedding_hidden_64,test,13.0,0.7546789077010805
embedding_hidden_64,test,14.0,0.7539438124642344
embedding_hidden_64,test,15.0,0.7532142881885187
embedding_hidden_64,test,16.0,0.7524904464493363
embedding_hidden_64,test,17.0,0.7517721240959927
embedding_hidden_64,test,18.0,0.7510591843019537
embedding_hidden_64,test,19.0,0.7503515285219686
embedding_hidden_64,test,20.0,0.7496491352237469
embedding_hidden_64,test,21.0,0.7489521173742288
embedding_hidden_64,test,22.0,0.7482601396499875
embedding_hidden_64,test,23.0,0.7475734673883849
embedding_hidden_64,test,24.0,0.7468918342697345
embedding_hidden_64,test,25.0,0.7462152759957698
embedding_hidden_64,test,26.0,0.7455437196135541
embedding_hidden_64,test,27.0,0.7448771895407156
embedding_hidden_64,test,28.0,0.7442158128177471
embedding_hidden_64,test,29.0,0.7435593264510434
embedding_hidden_64,test,30.0,0.7429077296416071
embedding_hidden_64,test,31.0,0.7422609135989502
embedding_hidden_64,test,32.0,0.7416189089700018
embedding_hidden_64,test,33.0,0.7409817497095188
embedding_hidden_64,test,34.0,0.7403493323410648
embedding_hidden_64,test,35.0,0.7397216588751796
embedding_hidden_64,test,36.0,0.7390985267706591
embedding_hidden_64,test,37.0,0.7384798987284709
embedding_hidden_64,test,38.0,0.7378658045659312
embedding_hidden_64,test,39.0,0.7372562576261634
embedding_hidden_64,test,40.0,0.7366512837506682
embedding_hidden_64,test,41.0,0.7360507589664607
embedding_hidden_64,test,42.0,0.7354547805500558
embedding_hidden_64,test,43.0,0.7348632338379394
embedding_hidden_64,test,44.0,0.7342761534009352
embedding_hidden_64,test,45.0,0.7336934726537662
embedding_hidden_64,test,46.0,0.7331150774619457
embedding_hidden_64,test,47.0,0.7325407961776301
embedding_hidden_64,test,48.0,0.7319708967639488
embedding_hidden_64,test,49.0,0.7314053490763801
embedding_hidden_64,test,50.0,0.730843981109393
embedding_hidden_64,test,51.0,0.7302868707996996
embedding_hidden_64,test,52.0,0.729733999574816
embedding_hidden_64,test,53.0,0.7291849506131969
embedding_hidden_64,test,54.0,0.7286401068095254
embedding_hidden_64,test,55.0,0.7280994097537661
embedding_hidden_64,test,56.0,0.727562578397084
embedding_hidden_64,test,57.0,0.7270298180497067
embedding_hidden_64,test,58.0,0.7265010073275533
embedding_hidden_64,test,59.0,0.7259759471230216
embedding_hidden_64,test,60.0,0.7254547421605074
embedding_hidden_64,test,61.0,0.724937497367973
embedding_hidden_64,test,62.0,0.7244240019040868
embedding_hidden_64,test,63.0,0.7239142362536484
embedding_hidden_64,test,64.0,0.7234083346748886
embedding_hidden_64,test,65.0,0.7229064946675401
embedding_hidden_64,test,66.0,0.7224083303026563
embedding_hidden_64,test,67.0,0.7219136513631785
embedding_hidden_64,test,68.0,0.7214226846008361
embedding_hidden_64,test,69.0,0.7209355320005753
embedding_hidden_64,test,70.0,0.7204520719826444
embedding_hidden_64,test,71.0,0.719972173905164
embedding_hidden_64,test,72.0,0.7194958809541185
embedding_hidden_64,test,73.0,0.7190230018578622
embedding_hidden_64,test,74.0,0.7185536503707712
embedding_hidden_64,test,75.0,0.7180877080606056
embedding_hidden_64,test,76.0,0.7176253484411015
embedding_hidden_64,test,77.0,0.7171666143642532
embedding_hidden_64,test,78.0,0.7167112883176527
embedding_hidden_64,test,79.0,0.7162593945865929
embedding_hidden_64,test,80.0,0.7158110012012585
embedding_hidden_64,test,81.0,0.715365957011523
embedding_hidden_64,test,82.0,0.7149242738604931
embedding_hidden_64,test,83.0,0.7144858492083106
embedding_hidden_64,test,84.0,0.7140505990511994
embedding_hidden_64,test,85.0,0.7136187372401637
embedding_hidden_64,test,86.0,0.7131900770508734
embedding_hidden_64,test,87.0,0.712764760925879
embedding_hidden_64,test,88.0,0.7123424812277415
embedding_hidden_64,test,89.0,0.7119231833129892
embedding_hidden_64,test,90.0,0.7115070242177021
embedding_hidden_64,test,91.0,0.7110939056227489
embedding_hidden_64,test,92.0,0.7106839551620252
embedding_hidden_64,test,93.0,0.7102771669592218
embedding_hidden_64,test,94.0,0.7098734316339945
embedding_hidden_64,test,95.0,0.7094725735351058
embedding_hidden_64,test,96.0,0.7090747967558969
embedding_hidden_64,test,97.0,0.7086800215121108
embedding_hidden_64,test,98.0,0.7082880830614047
embedding_hidden_64,test,99.0,0.7078989098315533
embedding_hidden_64,test,100.0,0.7075124794256114
embedding_hidden_64,test,101.0,0.7071290083500876
embedding_hidden_64,test,102.0,0.7067484057700841
embedding_hidden_64,test,103.0,0.7063707115664737
embedding_hidden_64,test,104.0,0.7059957584297146
embedding_hidden_64,test,105.0,0.7056234963183431
embedding_hidden_64,test,106.0,0.7052538639957134
embedding_hidden_64,test,107.0,0.7048869465713432
embedding_hidden_64,test,108.0,0.7045224193074182
embedding_hidden_64,test,109.0,0.704160551709607
embedding_hidden_64,test,110.0,0.7038012087982629
embedding_hidden_64,test,111.0,0.7034445276396616
embedding_hidden_64,test,112.0,0.7030903750362059
embedding_hidden_64,test,113.0,0.702738840727807
embedding_hidden_64,test,114.0,0.7023898755232628
embedding_hidden_64,test,115.0,0.7020434608950268
embedding_hidden_64,test,116.0,0.7016996024240314
embedding_hidden_64,test,117.0,0.701358118456385
embedding_hidden_64,test,118.0,0.7010192172429993
embedding_hidden_64,test,119.0,0.7006825971426395
embedding_hidden_64,test,120.0,0.7003484873670466
embedding_hidden_64,test,121.0,0.7000167453227718
embedding_hidden_64,test,122.0,0.6996873380063161
embedding_hidden_64,test,123.0,0.6993603057788742
embedding_hidden_64,test,124.0,0.6990355375333095
embedding_hidden_64,test,125.0,0.6987133652511683
embedding_hidden_64,test,126.0,0.6983935704274987
embedding_hidden_64,test,127.0,0.6980761849599003
embedding_hidden_64,test,128.0,0.6977611145121398
embedding_hidden_64,test,129.0,0.697448295304255
embedding_hidden_64,test,130.0,0.6971377343699163
embedding_hidden_64,test,131.0,0.6968295669162012
embedding_hidden_64,test,132.0,0.6965235158435649
embedding_hidden_64,test,133.0,0.6962195970223684
embedding_hidden_64,test,134.0,0.695917807794886
embedding_hidden_64,test,135.0,0.695618169125336
embedding_hidden_64,test,136.0,0.6953206947402746
embedding_hidden_64,test,137.0,0.6950254962262166
embedding_hidden_64,test,138.0,0.6947325006780941
embedding_hidden_64,test,139.0,0.6944414428458833
embedding_hidden_64,test,140.0,0.6941524599362756
embedding_hidden_64,test,141.0,0.6938654978388387
embedding_hidden_64,test,142.0,0.693580645066127
embedding_hidden_64,test,143.0,0.6932978477602659
embedding_hidden_64,test,144.0,0.6930171453737888
embedding_hidden_64,test,145.0,0.6927383462592258
embedding_hidden_64,test,146.0,0.6924615902278467
embedding_hidden_64,test,147.0,0.6921868743074816
embedding_hidden_64,test,148.0,0.6919141484974178
embedding_hidden_64,test,149.0,0.6916434043389617
embedding_hidden_64,test,150.0,0.6913743319588772
embedding_hidden_64,test,151.0,0.6911072225266449
embedding_hidden_64,test,152.0,0.6908420158094225
embedding_hidden_64,test,153.0,0.6905786479471395
embedding_hidden_64,test,154.0,0.6903169991986611
embedding_hidden_64,test,155.0,0.6900573209423121
embedding_hidden_64,test,156.0,0.6897996044641075
embedding_hidden_64,test,157.0,0.6895436861349944
embedding_hidden_64,test,158.0,0.6892895799152173
embedding_hidden_64,test,159.0,0.6890372793705972
embedding_hidden_64,test,160.0,0.6887867561322364
embedding_hidden_64,test,161.0,0.6885379367102812
embedding_hidden_64,test,162.0,0.6882908937510591
embedding_hidden_64,test,163.0,0.6880455162109105
embedding_hidden_64,test,164.0,0.6878017713612923
embedding_hidden_64,test,165.0,0.6875597094768272
embedding_hidden_64,test,166.0,0.6873193673083369
embedding_hidden_64,test,167.0,0.6870806718611064
embedding_hidden_64,test,168.0,0.6868436577592253
embedding_hidden_64,test,169.0,0.6866082321503695
embedding_hidden_64,test,170.0,0.6863743957340678
embedding_hidden_64,test,171.0,0.6861421816903448
embedding_hidden_64,test,172.0,0.6859116733134535
embedding_hidden_64,test,173.0,0.685682736591426
embedding_hidden_64,test,174.0,0.6854554223652667
embedding_hidden_64,test,175.0,0.685229688118562
embedding_hidden_64,test,176.0,0.6850055563984152
embedding_hidden_64,test,177.0,0.6847828986153303
embedding_hidden_64,test,178.0,0.6845618398676819
embedding_hidden_64,test,179.0,0.684342285333002
embedding_hidden_64,test,180.0,0.6841243465727904
embedding_hidden_64,test,181.0,0.6839079234135398
embedding_hidden_64,test,182.0,0.6836930639620774
embedding_hidden_64,test,183.0,0.6834796993977562
embedding_hidden_64,test,184.0,0.6832678952377209
embedding_hidden_64,test,185.0,0.6830576370263399
embedding_hidden_64,test,186.0,0.682848854697679
embedding_hidden_64,test,187.0,0.6826414317910234
embedding_hidden_64,test,188.0,0.6824354298181241
embedding_hidden_64,test,189.0,0.6822307446310084
embedding_hidden_64,test,190.0,0.6820275881471056
embedding_hidden_64,test,191.0,0.6818257928350219
embedding_hidden_64,test,192.0,0.6816254617528051
embedding_hidden_64,test,193.0,0.6814264892433626
embedding_hidden_64,test,194.0,0.6812289944687789
embedding_hidden_64,test,195.0,0.6810329146843807
embedding_hidden_64,test,196.0,0.6808381649947138
embedding_hidden_64,test,197.0,0.6806447620160316
embedding_hidden_64,test,198.0,0.6804526482138236
embedding_hidden_64,test,199.0,0.6802619269031102
embedding_hidden_64,test,200.0,0.6800724882928819
embedding_hidden_4,train,1.0,0.7498216552840153
embedding_hidden_4,train,2.0,0.7492149147814613
embedding_hidden_4,train,3.0,0.7486141014726106
embedding_hidden_4,train,4.0,0.7480183824939793
embedding_hidden_4,train,5.0,0.7474290440918939
embedding_hidden_4,train,6.0,0.7468462148994227
embedding_hidden_4,train,7.0,0.7462684664607088
embedding_hidden_4,train,8.0,0.7456955361379372
embedding_hidden_4,train,9.0,0.7451278064690895
embedding_hidden_4,train,10.0,0.7445629720971128
embedding_hidden_4,train,11.0,0.7440022690549397
embedding_hidden_4,train,12.0,0.7434466090534857
embedding_hidden_4,train,13.0,0.7428955201268284
embedding_hidden_4,train,14.0,0.7423495002453773
embedding_hidden_4,train,15.0,0.7418083919104214
embedding_hidden_4,train,16.0,0.7412714386534478
embedding_hidden_4,train,17.0,0.7407395654863727
embedding_hidden_4,train,18.0,0.7402122262786321
embedding_hidden_4,train,19.0,0.7396893114553562
embedding_hidden_4,train,20.0,0.7391702286060847
embedding_hidden_4,train,21.0,0.7386553209904276
embedding_hidden_4,train,22.0,0.7381445859708535
embedding_hidden_4,train,23.0,0.7376371928395942
embedding_hidden_4,train,24.0,0.7371342544324249
embedding_hidden_4,train,25.0,0.7366351275033717
embedding_hidden_4,train,26.0,0.7361394457736472
embedding_hidden_4,train,27.0,0.7356467018059588
embedding_hidden_4,train,28.0,0.7351573320480665
embedding_hidden_4,train,29.0,0.7346719808340538
embedding_hidden_4,train,30.0,0.7341915028023697
embedding_hidden_4,train,31.0,0.7337156245751533
embedding_hidden_4,train,32.0,0.733244065114318
embedding_hidden_4,train,33.0,0.732775939884003
embedding_hidden_4,train,34.0,0.7323102229648208
embedding_hidden_4,train,35.0,0.7318484797050029
embedding_hidden_4,train,36.0,0.7313910243356774
embedding_hidden_4,train,37.0,0.7309372117210382
embedding_hidden_4,train,38.0,0.7304864750610393
embedding_hidden_4,train,39.0,0.7300392907333072
embedding_hidden_4,train,40.0,0.729595307289099
embedding_hidden_4,train,41.0,0.7291547660108039
embedding_hidden_4,train,42.0,0.7287175693326016
embedding_hidden_4,train,43.0,0.7282836158577324
embedding_hidden_4,train,44.0,0.7278532781062845
embedding_hidden_4,train,45.0,0.7274265829805503
embedding_hidden_4,train,46.0,0.7270040600987725
embedding_hidden_4,train,47.0,0.7265859172196518
embedding_hidden_4,train,48.0,0.7261714864130162
embedding_hidden_4,train,49.0,0.7257603119541993
embedding_hidden_4,train,50.0,0.7253512412067198
embedding_hidden_4,train,51.0,0.7249451243974492
embedding_hidden_4,train,52.0,0.7245417223606372
embedding_hidden_4,train,53.0,0.7241408481293253
embedding_hidden_4,train,54.0,0.7237433282069557
embedding_hidden_4,train,55.0,0.7233484007243446
embedding_hidden_4,train,56.0,0.7229562699997171
embedding_hidden_4,train,57.0,0.7225661400519862
embedding_hidden_4,train,58.0,0.7221787154227057
embedding_hidden_4,train,59.0,0.7217938035350818
embedding_hidden_4,train,60.0,0.7214119450999907
embedding_hidden_4,train,61.0,0.7210335251519825
embedding_hidden_4,train,62.0,0.7206572810684662
embedding_hidden_4,train,63.0,0.7202843879726435
embedding_hidden_4,train,64.0,0.719914557450294
embedding_hidden_4,train,65.0,0.7195482152855827
embedding_hidden_4,train,66.0,0.7191847871028928
embedding_hidden_4,train,67.0,0.7188239309777834
embedding_hidden_4,train,68.0,0.7184655738629971
embedding_hidden_4,train,69.0,0.718109503859172
embedding_hidden_4,train,70.0,0.7177555091969777
embedding_hidden_4,train,71.0,0.717403495871413
embedding_hidden_4,train,72.0,0.717053879048254
embedding_hidden_4,train,73.0,0.7167071974488616
embedding_hidden_4,train,74.0,0.7163626938115846
embedding_hidden_4,train,75.0,0.7160209093796693
embedding_hidden_4,train,76.0,0.7156814797249023
embedding_hidden_4,train,77.0,0.7153437112563645
embedding_hidden_4,train,78.0,0.7150086608521291
embedding_hidden_4,train,79.0,0.7146760482104239
embedding_hidden_4,train,80.0,0.7143454974787854
embedding_hidden_4,train,81.0,0.7140169803511702
embedding_hidden_4,train,82.0,0.7136906598522071
embedding_hidden_4,train,83.0,0.7133674871558771
embedding_hidden_4,train,84.0,0.7130469229842042
embedding_hidden_4,train,85.0,0.7127285495538372
embedding_hidden_4,train,86.0,0.7124117641266757
embedding_hidden_4,train,87.0,0.7120965676090482
embedding_hidden_4,train,88.0,0.711783281540008
embedding_hidden_4,train,89.0,0.7114720429490425
embedding_hidden_4,train,90.0,0.7111620704004238
embedding_hidden_4,train,91.0,0.7108535998064325
embedding_hidden_4,train,92.0,0.7105469619189326
embedding_hidden_4,train,93.0,0.7102422538742142
embedding_hidden_4,train,94.0,0.7099394315379447
embedding_hidden_4,train,95.0,0.7096391281557779
embedding_hidden_4,train,96.0,0.7093412078827441
embedding_hidden_4,train,97.0,0.7090452206342251
embedding_hidden_4,train,98.0,0.7087510190756963
embedding_hidden_4,train,99.0,0.7084586468834241
embedding_hidden_4,train,100.0,0.7081683061442405
embedding_hidden_4,train,101.0,0.7078799224966332
embedding_hidden_4,train,102.0,0.7075931316181252
embedding_hidden_4,train,103.0,0.707307462750252
embedding_hidden_4,train,104.0,0.7070234186438962
embedding_hidden_4,train,105.0,0.7067413890513603
embedding_hidden_4,train,106.0,0.7064614335484853
embedding_hidden_4,train,107.0,0.706182552583256
embedding_hidden_4,train,108.0,0.7059053647351842
embedding_hidden_4,train,109.0,0.7056301127444858
embedding_hidden_4,train,110.0,0.7053566955908797
embedding_hidden_4,train,111.0,0.7050847490610521
embedding_hidden_4,train,112.0,0.7048146252719689
embedding_hidden_4,train,113.0,0.7045461732577027
embedding_hidden_4,train,114.0,0.7042795462196674
embedding_hidden_4,train,115.0,0.7040143896435541
embedding_hidden_4,train,116.0,0.7037505387681953
embedding_hidden_4,train,117.0,0.7034885218216922
embedding_hidden_4,train,118.0,0.7032283149220843
embedding_hidden_4,train,119.0,0.7029696732849404
embedding_hidden_4,train,120.0,0.7027126870221349
embedding_hidden_4,train,121.0,0.7024567884770103
embedding_hidden_4,train,122.0,0.7022021005934025
embedding_hidden_4,train,123.0,0.7019482315413572
embedding_hidden_4,train,124.0,0.7016956371711769
embedding_hidden_4,train,125.0,0.7014445333869669
embedding_hidden_4,train,126.0,0.7011948082207892
embedding_hidden_4,train,127.0,0.7009467111406165
embedding_hidden_4,train,128.0,0.7006996136616388
embedding_hidden_4,train,129.0,0.7004541652073526
embedding_hidden_4,train,130.0,0.7002103730465643
embedding_hidden_4,train,131.0,0.6999679397198106
embedding_hidden_4,train,132.0,0.6997264247227731
embedding_hidden_4,train,133.0,0.6994861941803382
embedding_hidden_4,train,134.0,0.6992472822624245
embedding_hidden_4,train,135.0,0.6990096465852071
embedding_hidden_4,train,136.0,0.6987726533234614
embedding_hidden_4,train,137.0,0.6985367993106223
embedding_hidden_4,train,138.0,0.6983020998215937
embedding_hidden_4,train,139.0,0.6980685992760154
embedding_hidden_4,train,140.0,0.6978363210299976
embedding_hidden_4,train,141.0,0.6976053033296601
embedding_hidden_4,train,142.0,0.6973753864443564
embedding_hidden_4,train,143.0,0.6971468286234807
embedding_hidden_4,train,144.0,0.6969194841660036
embedding_hidden_4,train,145.0,0.6966933411146914
embedding_hidden_4,train,146.0,0.6964681583131515
embedding_hidden_4,train,147.0,0.6962446820613046
embedding_hidden_4,train,148.0,0.6960224478817735
embedding_hidden_4,train,149.0,0.6958012054974771
embedding_hidden_4,train,150.0,0.6955813447503874
embedding_hidden_4,train,151.0,0.6953625250059952
embedding_hidden_4,train,152.0,0.6951446093755489
embedding_hidden_4,train,153.0,0.6949277605731861
embedding_hidden_4,train,154.0,0.6947123348710184
embedding_hidden_4,train,155.0,0.6944979436203375
embedding_hidden_4,train,156.0,0.6942842065872891
embedding_hidden_4,train,157.0,0.6940716385411467
embedding_hidden_4,train,158.0,0.693860255598403
embedding_hidden_4,train,159.0,0.6936497905712206
embedding_hidden_4,train,160.0,0.6934403375091913
embedding_hidden_4,train,161.0,0.6932317482063178
embedding_hidden_4,train,162.0,0.6930240460753183
embedding_hidden_4,train,163.0,0.6928174126414033
embedding_hidden_4,train,164.0,0.6926114920452967
embedding_hidden_4,train,165.0,0.692406635017329
embedding_hidden_4,train,166.0,0.6922019267397646
embedding_hidden_4,train,167.0,0.6919984233955004
embedding_hidden_4,train,168.0,0.69179540643249
embedding_hidden_4,train,169.0,0.6915929839030432
embedding_hidden_4,train,170.0,0.6913913304430538
embedding_hidden_4,train,171.0,0.6911904948198054
embedding_hidden_4,train,172.0,0.6909906840433422
embedding_hidden_4,train,173.0,0.6907919746132082
embedding_hidden_4,train,174.0,0.6905942819948019
embedding_hidden_4,train,175.0,0.6903975138066143
embedding_hidden_4,train,176.0,0.6902016121813116
embedding_hidden_4,train,177.0,0.6900065420987787
embedding_hidden_4,train,178.0,0.6898123935851397
embedding_hidden_4,train,179.0,0.6896192889334708
embedding_hidden_4,train,180.0,0.6894270941526185
embedding_hidden_4,train,181.0,0.6892356259124968
embedding_hidden_4,train,182.0,0.6890450747313354
embedding_hidden_4,train,183.0,0.6888550516034873
embedding_hidden_4,train,184.0,0.688665339705952
embedding_hidden_4,train,185.0,0.6884765004072284
embedding_hidden_4,train,186.0,0.6882885636624934
embedding_hidden_4,train,187.0,0.6881012871531688
embedding_hidden_4,train,188.0,0.687914613992792
embedding_hidden_4,train,189.0,0.6877288185305087
embedding_hidden_4,train,190.0,0.6875437150351276
embedding_hidden_4,train,191.0,0.6873594541028173
embedding_hidden_4,train,192.0,0.6871759478507016
embedding_hidden_4,train,193.0,0.6869931397831277
embedding_hidden_4,train,194.0,0.6868112654896289
embedding_hidden_4,train,195.0,0.6866303123035075
embedding_hidden_4,train,196.0,0.6864500103901692
embedding_hidden_4,train,197.0,0.686270247562695
embedding_hidden_4,train,198.0,0.6860911502054432
embedding_hidden_4,train,199.0,0.6859127440999677
embedding_hidden_4,train,200.0,0.6857352439521722
embedding_hidden_4,test,1.0,0.7478184377539971
embedding_hidden_4,test,2.0,0.747387355285875
embedding_hidden_4,test,3.0,0.7469596729680036
embedding_hidden_4,test,4.0,0.746536965398902
embedding_hidden_4,test,5.0,0.7461182173884268
embedding_hidden_4,test,6.0,0.7457045954961129
embedding_hidden_4,test,7.0,0.7452945838505702
embedding_hidden_4,test,8.0,0.7448873754104137
embedding_hidden_4,test,9.0,0.7444823253435795
embedding_hidden_4,test,10.0,0.7440806068041199
embedding_hidden_4,test,11.0,0.7436831498417458
embedding_hidden_4,test,12.0,0.7432898175491396
embedding_hidden_4,test,13.0,0.7428996392771735
embedding_hidden_4,test,14.0,0.7425141445168846
embedding_hidden_4,test,15.0,0.7421326015408444
embedding_hidden_4,test,16.0,0.7417537232564909
embedding_hidden_4,test,17.0,0.741379118771949
embedding_hidden_4,test,18.0,0.7410082374780509
embedding_hidden_4,test,19.0,0.7406418095649752
embedding_hidden_4,test,20.0,0.7402785102621763
embedding_hidden_4,test,21.0,0.7399183556322072
embedding_hidden_4,test,22.0,0.7395606570716277
embedding_hidden_4,test,23.0,0.7392075868812065
embedding_hidden_4,test,24.0,0.7388587861139005
embedding_hidden_4,test,25.0,0.7385127644528809
embedding_hidden_4,test,26.0,0.7381698194262107
embedding_hidden_4,test,27.0,0.7378306252477576
embedding_hidden_4,test,28.0,0.7374950037804477
embedding_hidden_4,test,29.0,0.7371629834557983
embedding_hidden_4,test,30.0,0.7368335200754439
embedding_hidden_4,test,31.0,0.7365064255056021
embedding_hidden_4,test,32.0,0.736181680284981
embedding_hidden_4,test,33.0,0.7358597450790081
embedding_hidden_4,test,34.0,0.7355418748379889
embedding_hidden_4,test,35.0,0.7352279007344716
embedding_hidden_4,test,36.0,0.734916865831247
embedding_hidden_4,test,37.0,0.7346089589864303
embedding_hidden_4,test,38.0,0.7343045729936268
embedding_hidden_4,test,39.0,0.7340039220061773
embedding_hidden_4,test,40.0,0.7337061773192368
embedding_hidden_4,test,41.0,0.7334108518928051
embedding_hidden_4,test,42.0,0.7331180943543609
embedding_hidden_4,test,43.0,0.7328273630508975
embedding_hidden_4,test,44.0,0.7325390810784327
embedding_hidden_4,test,45.0,0.7322539271169927
embedding_hidden_4,test,46.0,0.7319709472581172
embedding_hidden_4,test,47.0,0.7316913768331348
embedding_hidden_4,test,48.0,0.7314144986377122
embedding_hidden_4,test,49.0,0.7311396294899165
embedding_hidden_4,test,50.0,0.7308672485318207
embedding_hidden_4,test,51.0,0.7305961844914444
embedding_hidden_4,test,52.0,0.7303268905932143
embedding_hidden_4,test,53.0,0.7300600765917487
embedding_hidden_4,test,54.0,0.7297951679109291
embedding_hidden_4,test,55.0,0.7295323734382404
embedding_hidden_4,test,56.0,0.7292717470483489
embedding_hidden_4,test,57.0,0.7290130155026444
embedding_hidden_4,test,58.0,0.7287546095441056
embedding_hidden_4,test,59.0,0.7284993913561676
embedding_hidden_4,test,60.0,0.7282486135065053
embedding_hidden_4,test,61.0,0.7280015241282152
embedding_hidden_4,test,62.0,0.7277565862375696
embedding_hidden_4,test,63.0,0.7275133318881901
embedding_hidden_4,test,64.0,0.7272724177497762
embedding_hidden_4,test,65.0,0.7270339219783302
embedding_hidden_4,test,66.0,0.7267966133274346
embedding_hidden_4,test,67.0,0.7265617265300002
embedding_hidden_4,test,68.0,0.7263296921474067
embedding_hidden_4,test,69.0,0.7260998850604805
embedding_hidden_4,test,70.0,0.7258728651837131
embedding_hidden_4,test,71.0,0.7256474809473706
embedding_hidden_4,test,72.0,0.7254245729946224
embedding_hidden_4,test,73.0,0.7252046531978135
embedding_hidden_4,test,74.0,0.7249866665797964
embedding_hidden_4,test,75.0,0.7247692666988534
embedding_hidden_4,test,76.0,0.7245538180696541
embedding_hidden_4,test,77.0,0.7243401752030545
embedding_hidden_4,test,78.0,0.7241285815039881
embedding_hidden_4,test,79.0,0.723918406334939
embedding_hidden_4,test,80.0,0.723708499633403
embedding_hidden_4,test,81.0,0.7235001160946304
embedding_hidden_4,test,82.0,0.7232934495400926
embedding_hidden_4,test,83.0,0.7230877308465006
embedding_hidden_4,test,84.0,0.7228847996007852
embedding_hidden_4,test,85.0,0.7226832895264769
embedding_hidden_4,test,86.0,0.7224840295286784
embedding_hidden_4,test,87.0,0.7222864337660833
embedding_hidden_4,test,88.0,0.722090752989727
embedding_hidden_4,test,89.0,0.7218961421511986
embedding_hidden_4,test,90.0,0.7217036839738522
embedding_hidden_4,test,91.0,0.7215126189857719
embedding_hidden_4,test,92.0,0.7213234706922456
embedding_hidden_4,test,93.0,0.7211345226505783
embedding_hidden_4,test,94.0,0.720947402651154
embedding_hidden_4,test,95.0,0.7207617286179856
embedding_hidden_4,test,96.0,0.7205766456721245
embedding_hidden_4,test,97.0,0.7203925156072832
embedding_hidden_4,test,98.0,0.7202091662487623
embedding_hidden_4,test,99.0,0.7200269740966844
embedding_hidden_4,test,100.0,0.7198462818209163
embedding_hidden_4,test,101.0,0.7196671682081887
embedding_hidden_4,test,102.0,0.7194880332443374
embedding_hidden_4,test,103.0,0.7193103332412656
embedding_hidden_4,test,104.0,0.7191335461484507
embedding_hidden_4,test,105.0,0.7189583790629479
embedding_hidden_4,test,106.0,0.7187838449896512
embedding_hidden_4,test,107.0,0.7186109845143078
embedding_hidden_4,test,108.0,0.7184399214217306
embedding_hidden_4,test,109.0,0.7182707270243539
embedding_hidden_4,test,110.0,0.7181022119198275
embedding_hidden_4,test,111.0,0.7179344501912228
embedding_hidden_4,test,112.0,0.7177695473750987
embedding_hidden_4,test,113.0,0.7176056512055088
embedding_hidden_4,test,114.0,0.7174432829481772
embedding_hidden_4,test,115.0,0.7172823009226076
embedding_hidden_4,test,116.0,0.7171221898467972
embedding_hidden_4,test,117.0,0.7169637514492093
embedding_hidden_4,test,118.0,0.7168068759723366
embedding_hidden_4,test,119.0,0.7166506760797382
embedding_hidden_4,test,120.0,0.716495274521194
embedding_hidden_4,test,121.0,0.716340219248027
embedding_hidden_4,test,122.0,0.7161855368001394
embedding_hidden_4,test,123.0,0.716031615897988
embedding_hidden_4,test,124.0,0.715878531854595
embedding_hidden_4,test,125.0,0.7157256319532821
embedding_hidden_4,test,126.0,0.7155732300771281
embedding_hidden_4,test,127.0,0.7154217739471186
embedding_hidden_4,test,128.0,0.7152710130755888
embedding_hidden_4,test,129.0,0.7151210554601788
embedding_hidden_4,test,130.0,0.7149725113614205
embedding_hidden_4,test,131.0,0.7148245914070961
embedding_hidden_4,test,132.0,0.7146773688063076
embedding_hidden_4,test,133.0,0.7145313740647219
embedding_hidden_4,test,134.0,0.7143854543289785
embedding_hidden_4,test,135.0,0.7142405975922903
embedding_hidden_4,test,136.0,0.7140974453830491
embedding_hidden_4,test,137.0,0.7139545101029798
embedding_hidden_4,test,138.0,0.7138123855484615
embedding_hidden_4,test,139.0,0.7136702869551074
embedding_hidden_4,test,140.0,0.7135296060922487
embedding_hidden_4,test,141.0,0.7133894739401299
embedding_hidden_4,test,142.0,0.713250732538732
embedding_hidden_4,test,143.0,0.7131129778172933
embedding_hidden_4,test,144.0,0.7129758748950472
embedding_hidden_4,test,145.0,0.7128388634952214
embedding_hidden_4,test,146.0,0.7127028826170533
embedding_hidden_4,test,147.0,0.7125680612505538
embedding_hidden_4,test,148.0,0.7124348290744102
embedding_hidden_4,test,149.0,0.7123019363789269
embedding_hidden_4,test,150.0,0.7121693996926748
embedding_hidden_4,test,151.0,0.7120380753747934
embedding_hidden_4,test,152.0,0.7119072384286945
embedding_hidden_4,test,153.0,0.711776981464706
embedding_hidden_4,test,154.0,0.7116489209518833
embedding_hidden_4,test,155.0,0.7115210930785719
embedding_hidden_4,test,156.0,0.7113936695135921
embedding_hidden_4,test,157.0,0.7112676323807083
embedding_hidden_4,test,158.0,0.7111417247269559
embedding_hidden_4,test,159.0,0.7110167124977809
embedding_hidden_4,test,160.0,0.7108930501650821
embedding_hidden_4,test,161.0,0.7107691551253535
embedding_hidden_4,test,162.0,0.7106464379308031
embedding_hidden_4,test,163.0,0.7105236378281237
embedding_hidden_4,test,164.0,0.7104013158756436
embedding_hidden_4,test,165.0,0.7102801152072031
embedding_hidden_4,test,166.0,0.7101578910783394
embedding_hidden_4,test,167.0,0.7100365579943132
embedding_hidden_4,test,168.0,0.7099164200224932
embedding_hidden_4,test,169.0,0.7097960515766802
embedding_hidden_4,test,170.0,0.7096770410061473
embedding_hidden_4,test,171.0,0.7095581123624691
embedding_hidden_4,test,172.0,0.7094399083162777
embedding_hidden_4,test,173.0,0.7093219233702206
embedding_hidden_4,test,174.0,0.7092056696326684
embedding_hidden_4,test,175.0,0.7090890508580245
embedding_hidden_4,test,176.0,0.7089730219513652
embedding_hidden_4,test,177.0,0.7088580062808598
embedding_hidden_4,test,178.0,0.7087428147273809
embedding_hidden_4,test,179.0,0.708628289798664
embedding_hidden_4,test,180.0,0.708514703415527
embedding_hidden_4,test,181.0,0.7084011071410031
embedding_hidden_4,test,182.0,0.7082881130754402
embedding_hidden_4,test,183.0,0.7081755634954295
embedding_hidden_4,test,184.0,0.7080640511667058
embedding_hidden_4,test,185.0,0.7079530658866724
embedding_hidden_4,test,186.0,0.707842784607113
embedding_hidden_4,test,187.0,0.7077320108232344
embedding_hidden_4,test,188.0,0.7076220201799216
embedding_hidden_4,test,189.0,0.7075135240815129
embedding_hidden_4,test,190.0,0.7074049450339126
embedding_hidden_4,test,191.0,0.7072969718239547
embedding_hidden_4,test,192.0,0.7071896003650245
embedding_hidden_4,test,193.0,0.7070825525480897
embedding_hidden_4,test,194.0,0.7069760973149535
embedding_hidden_4,test,195.0,0.7068703351884359
embedding_hidden_4,test,196.0,0.7067656238595864
embedding_hidden_4,test,197.0,0.7066607029287449
embedding_hidden_4,test,198.0,0.7065567709556514
embedding_hidden_4,test,199.0,0.70645308949741
embedding_hidden_4,test,200.0,0.7063507598133039
embedding_hidden_8,train,1.0,0.7637231559586253
embedding_hidden_8,train,2.0,0.7630219644681756
embedding_hidden_8,train,3.0,0.7623260824845348
embedding_hidden_8,train,4.0,0.7616353035364481
embedding_hidden_8,train,5.0,0.7609488991826046
embedding_hidden_8,train,6.0,0.7602670769486596
embedding_hidden_8,train,7.0,0.759589927657671
embedding_hidden_8,train,8.0,0.7589174451231517
embedding_hidden_8,train,9.0,0.758250627775664
embedding_hidden_8,train,10.0,0.7575889582548648
embedding_hidden_8,train,11.0,0.7569321678878691
embedding_hidden_8,train,12.0,0.7562797808116597
embedding_hidden_8,train,13.0,0.7556323231966472
embedding_hidden_8,train,14.0,0.7549907479227416
embedding_hidden_8,train,15.0,0.7543539329957143
embedding_hidden_8,train,16.0,0.7537199152437214
embedding_hidden_8,train,17.0,0.7530908213571351
embedding_hidden_8,train,18.0,0.7524661848099667
embedding_hidden_8,train,19.0,0.7518459063181337
embedding_hidden_8,train,20.0,0.7512299368543726
embedding_hidden_8,train,21.0,0.750618638056863
embedding_hidden_8,train,22.0,0.7500115089338396
embedding_hidden_8,train,23.0,0.7494081174441107
embedding_hidden_8,train,24.0,0.7488099838389414
embedding_hidden_8,train,25.0,0.7482169564146895
embedding_hidden_8,train,26.0,0.7476279983388767
embedding_hidden_8,train,27.0,0.7470432449698203
embedding_hidden_8,train,28.0,0.7464616679443201
embedding_hidden_8,train,29.0,0.74588403665963
embedding_hidden_8,train,30.0,0.745309987292271
embedding_hidden_8,train,31.0,0.7447400013608007
embedding_hidden_8,train,32.0,0.744173697660746
embedding_hidden_8,train,33.0,0.74361002818115
embedding_hidden_8,train,34.0,0.7430499105172583
embedding_hidden_8,train,35.0,0.7424934002858119
embedding_hidden_8,train,36.0,0.7419409544681946
embedding_hidden_8,train,37.0,0.7413920194606411
embedding_hidden_8,train,38.0,0.7408465535528463
embedding_hidden_8,train,39.0,0.7403048986051938
embedding_hidden_8,train,40.0,0.7397668151184245
embedding_hidden_8,train,41.0,0.7392323464402191
embedding_hidden_8,train,42.0,0.7387007041750372
embedding_hidden_8,train,43.0,0.7381732762416053
embedding_hidden_8,train,44.0,0.737649614409248
embedding_hidden_8,train,45.0,0.7371294778418289
embedding_hidden_8,train,46.0,0.7366130748666716
embedding_hidden_8,train,47.0,0.7361002120532536
embedding_hidden_8,train,48.0,0.7355909134667564
embedding_hidden_8,train,49.0,0.7350858572380712
embedding_hidden_8,train,50.0,0.734584514163874
embedding_hidden_8,train,51.0,0.73408636906417
embedding_hidden_8,train,52.0,0.7335909602012969
embedding_hidden_8,train,53.0,0.7330988006233239
embedding_hidden_8,train,54.0,0.7326110480910791
embedding_hidden_8,train,55.0,0.7321267129753901
embedding_hidden_8,train,56.0,0.7316458069719165
embedding_hidden_8,train,57.0,0.7311673780806245
embedding_hidden_8,train,58.0,0.7306917828332098
embedding_hidden_8,train,59.0,0.7302184539970394
embedding_hidden_8,train,60.0,0.7297487137767021
embedding_hidden_8,train,61.0,0.7292825497850072
embedding_hidden_8,train,62.0,0.7288192591257834
embedding_hidden_8,train,63.0,0.7283590329403765
embedding_hidden_8,train,64.0,0.7279025206664442
embedding_hidden_8,train,65.0,0.7274489118390608
embedding_hidden_8,train,66.0,0.7269983836026059
embedding_hidden_8,train,67.0,0.7265510146656772
embedding_hidden_8,train,68.0,0.7261067768223729
embedding_hidden_8,train,69.0,0.7256660123381324
embedding_hidden_8,train,70.0,0.7252291511248163
embedding_hidden_8,train,71.0,0.7247957565558176
embedding_hidden_8,train,72.0,0.7243651363190823
embedding_hidden_8,train,73.0,0.7239375981254353
embedding_hidden_8,train,74.0,0.7235122283118101
embedding_hidden_8,train,75.0,0.7230891879988974
embedding_hidden_8,train,76.0,0.722668685384948
embedding_hidden_8,train,77.0,0.7222507871834436
embedding_hidden_8,train,78.0,0.7218356907325677
embedding_hidden_8,train,79.0,0.7214233051724295
embedding_hidden_8,train,80.0,0.7210134333743659
embedding_hidden_8,train,81.0,0.7206060569097335
embedding_hidden_8,train,82.0,0.7202011115705017
embedding_hidden_8,train,83.0,0.7197984057011027
embedding_hidden_8,train,84.0,0.7193977758325012
embedding_hidden_8,train,85.0,0.7189994825338416
embedding_hidden_8,train,86.0,0.7186037219012767
embedding_hidden_8,train,87.0,0.7182108536656095
embedding_hidden_8,train,88.0,0.7178203961540234
embedding_hidden_8,train,89.0,0.7174324870840121
embedding_hidden_8,train,90.0,0.7170470891501048
embedding_hidden_8,train,91.0,0.7166646766371503
embedding_hidden_8,train,92.0,0.7162845239556525
embedding_hidden_8,train,93.0,0.7159063815417798
embedding_hidden_8,train,94.0,0.715530760274685
embedding_hidden_8,train,95.0,0.7151575644583192
embedding_hidden_8,train,96.0,0.7147860230954645
embedding_hidden_8,train,97.0,0.7144162664336784
embedding_hidden_8,train,98.0,0.7140483352712786
embedding_hidden_8,train,99.0,0.7136823011611402
embedding_hidden_8,train,100.0,0.7133178643650439
embedding_hidden_8,train,101.0,0.7129551609573767
embedding_hidden_8,train,102.0,0.7125945394043931
embedding_hidden_8,train,103.0,0.7122359904463217
embedding_hidden_8,train,104.0,0.7118799653943715
embedding_hidden_8,train,105.0,0.7115258486992853
embedding_hidden_8,train,106.0,0.7111734407712766
embedding_hidden_8,train,107.0,0.7108231116557977
embedding_hidden_8,train,108.0,0.7104743832663155
embedding_hidden_8,train,109.0,0.7101268963246923
embedding_hidden_8,train,110.0,0.7097814971733303
embedding_hidden_8,train,111.0,0.7094384903235922
embedding_hidden_8,train,112.0,0.7090978781805655
embedding_hidden_8,train,113.0,0.7087593182586545
embedding_hidden_8,train,114.0,0.7084228455985703
embedding_hidden_8,train,115.0,0.7080885360317056
embedding_hidden_8,train,116.0,0.7077560468526586
embedding_hidden_8,train,117.0,0.7074253555900339
embedding_hidden_8,train,118.0,0.7070962445785334
embedding_hidden_8,train,119.0,0.7067690339684717
embedding_hidden_8,train,120.0,0.7064434970396943
embedding_hidden_8,train,121.0,0.7061194690665301
embedding_hidden_8,train,122.0,0.7057968409161871
embedding_hidden_8,train,123.0,0.7054757627089607
embedding_hidden_8,train,124.0,0.7051563365421859
embedding_hidden_8,train,125.0,0.7048383792484605
embedding_hidden_8,train,126.0,0.704521702205333
embedding_hidden_8,train,127.0,0.7042064158527762
embedding_hidden_8,train,128.0,0.7038928536798468
embedding_hidden_8,train,129.0,0.703580790941756
embedding_hidden_8,train,130.0,0.7032704289806115
embedding_hidden_8,train,131.0,0.7029618556659806
embedding_hidden_8,train,132.0,0.702654778286684
embedding_hidden_8,train,133.0,0.7023492669970579
embedding_hidden_8,train,134.0,0.7020448488559458
embedding_hidden_8,train,135.0,0.7017419018829754
embedding_hidden_8,train,136.0,0.7014407736928179
embedding_hidden_8,train,137.0,0.7011410664781756
embedding_hidden_8,train,138.0,0.700842799837457
embedding_hidden_8,train,139.0,0.7005454021268063
embedding_hidden_8,train,140.0,0.7002494724398824
embedding_hidden_8,train,141.0,0.6999549807886456
embedding_hidden_8,train,142.0,0.6996619208918706
embedding_hidden_8,train,143.0,0.6993703693134415
embedding_hidden_8,train,144.0,0.6990798301972683
embedding_hidden_8,train,145.0,0.6987904975823558
embedding_hidden_8,train,146.0,0.6985028127074168
embedding_hidden_8,train,147.0,0.6982163303226201
embedding_hidden_8,train,148.0,0.697931178217886
embedding_hidden_8,train,149.0,0.6976472253961019
embedding_hidden_8,train,150.0,0.6973643472164242
embedding_hidden_8,train,151.0,0.697082675168029
embedding_hidden_8,train,152.0,0.6968019580176303
embedding_hidden_8,train,153.0,0.6965221185913525
embedding_hidden_8,train,154.0,0.6962440057295197
embedding_hidden_8,train,155.0,0.6959669803120254
embedding_hidden_8,train,156.0,0.6956911824730225
embedding_hidden_8,train,157.0,0.6954167530356106
embedding_hidden_8,train,158.0,0.6951437397817153
embedding_hidden_8,train,159.0,0.6948718880078096
embedding_hidden_8,train,160.0,0.6946010514699746
embedding_hidden_8,train,161.0,0.6943313423923689
embedding_hidden_8,train,162.0,0.6940628111489507
embedding_hidden_8,train,163.0,0.6937952699215938
embedding_hidden_8,train,164.0,0.6935287068551995
embedding_hidden_8,train,165.0,0.6932635480177917
embedding_hidden_8,train,166.0,0.6929995561970239
embedding_hidden_8,train,167.0,0.692736974668814
embedding_hidden_8,train,168.0,0.6924754516443501
embedding_hidden_8,train,169.0,0.6922153840236893
embedding_hidden_8,train,170.0,0.691956203746545
embedding_hidden_8,train,171.0,0.6916978635974464
embedding_hidden_8,train,172.0,0.6914401158828499
embedding_hidden_8,train,173.0,0.6911833327871059
embedding_hidden_8,train,174.0,0.6909275491445547
embedding_hidden_8,train,175.0,0.6906727316521971
embedding_hidden_8,train,176.0,0.690418765550285
embedding_hidden_8,train,177.0,0.690166054282494
embedding_hidden_8,train,178.0,0.6899147477303955
embedding_hidden_8,train,179.0,0.6896645611446679
embedding_hidden_8,train,180.0,0.689415680263948
embedding_hidden_8,train,181.0,0.689167897043445
embedding_hidden_8,train,182.0,0.688921074806562
embedding_hidden_8,train,183.0,0.6886751692057516
embedding_hidden_8,train,184.0,0.6884303125190658
embedding_hidden_8,train,185.0,0.6881863555278831
embedding_hidden_8,train,186.0,0.6879434540057726
embedding_hidden_8,train,187.0,0.6877014743701305
embedding_hidden_8,train,188.0,0.6874602338641582
embedding_hidden_8,train,189.0,0.6872197676552372
embedding_hidden_8,train,190.0,0.6869802566086085
embedding_hidden_8,train,191.0,0.6867415214022601
embedding_hidden_8,train,192.0,0.6865038253423743
embedding_hidden_8,train,193.0,0.6862671539237686
embedding_hidden_8,train,194.0,0.6860314359237139
embedding_hidden_8,train,195.0,0.6857968779823136
embedding_hidden_8,train,196.0,0.6855631900041536
embedding_hidden_8,train,197.0,0.6853302416164478
embedding_hidden_8,train,198.0,0.6850979193550071
embedding_hidden_8,train,199.0,0.6848665029218133
embedding_hidden_8,train,200.0,0.6846361039178847
embedding_hidden_8,test,1.0,0.7614821506013599
embedding_hidden_8,test,2.0,0.7609434411540204
embedding_hidden_8,test,3.0,0.7604075902600833
embedding_hidden_8,test,4.0,0.7598761754108442
embedding_hidden_8,test,5.0,0.75934846413964
embedding_hidden_8,test,6.0,0.7588258864706228
embedding_hidden_8,test,7.0,0.7583074390422653
embedding_hidden_8,test,8.0,0.7577931668538069
embedding_hidden_8,test,9.0,0.7572834881821476
embedding_hidden_8,test,10.0,0.7567784280819212
embedding_hidden_8,test,11.0,0.7562788679876381
embedding_hidden_8,test,12.0,0.7557837889588178
embedding_hidden_8,test,13.0,0.7552935254085577
embedding_hidden_8,test,14.0,0.7548064398831735
embedding_hidden_8,test,15.0,0.7543217060535665
embedding_hidden_8,test,16.0,0.7538419841936541
embedding_hidden_8,test,17.0,0.7533664386504284
embedding_hidden_8,test,18.0,0.7528938000039515
embedding_hidden_8,test,19.0,0.7524265095487249
embedding_hidden_8,test,20.0,0.7519634906119618
embedding_hidden_8,test,21.0,0.7515048489912765
embedding_hidden_8,test,22.0,0.7510494289466716
embedding_hidden_8,test,23.0,0.7505983253812574
embedding_hidden_8,test,24.0,0.7501505609589261
embedding_hidden_8,test,25.0,0.7497060472978586
embedding_hidden_8,test,26.0,0.7492647309751466
embedding_hidden_8,test,27.0,0.7488280038483757
embedding_hidden_8,test,28.0,0.7483946864199648
embedding_hidden_8,test,29.0,0.7479643629286163
embedding_hidden_8,test,30.0,0.7475373941493182
embedding_hidden_8,test,31.0,0.7471148779149186
embedding_hidden_8,test,32.0,0.7466952461804055
embedding_hidden_8,test,33.0,0.7462802961554552
embedding_hidden_8,test,34.0,0.7458680933757751
embedding_hidden_8,test,35.0,0.745459997208376
embedding_hidden_8,test,36.0,0.7450551435142416
embedding_hidden_8,test,37.0,0.7446528428061023
embedding_hidden_8,test,38.0,0.7442537163766724
embedding_hidden_8,test,39.0,0.7438581543045807
embedding_hidden_8,test,40.0,0.7434658456896275
embedding_hidden_8,test,41.0,0.7430759851803912
embedding_hidden_8,test,42.0,0.742689566738979
embedding_hidden_8,test,43.0,0.7423058787922306
embedding_hidden_8,test,44.0,0.7419248993658784
embedding_hidden_8,test,45.0,0.7415467166530745
embedding_hidden_8,test,46.0,0.7411709798349757
embedding_hidden_8,test,47.0,0.7407992520281881
embedding_hidden_8,test,48.0,0.7404312693089901
embedding_hidden_8,test,49.0,0.7400663578295352
embedding_hidden_8,test,50.0,0.7397043229274631
embedding_hidden_8,test,51.0,0.7393470221940447
embedding_hidden_8,test,52.0,0.7389924575102578
embedding_hidden_8,test,53.0,0.7386416611353042
embedding_hidden_8,test,54.0,0.7382935407007066
embedding_hidden_8,test,55.0,0.7379485311043166
embedding_hidden_8,test,56.0,0.7376072957863755
embedding_hidden_8,test,57.0,0.7372689376926744
embedding_hidden_8,test,58.0,0.7369329720330797
embedding_hidden_8,test,59.0,0.7365998767702967
embedding_hidden_8,test,60.0,0.7362690879795187
embedding_hidden_8,test,61.0,0.735940199316231
embedding_hidden_8,test,62.0,0.7356142316296337
embedding_hidden_8,test,63.0,0.7352910509782999
embedding_hidden_8,test,64.0,0.7349703632259161
embedding_hidden_8,test,65.0,0.7346518262295186
embedding_hidden_8,test,66.0,0.7343353014076144
embedding_hidden_8,test,67.0,0.734021071248538
embedding_hidden_8,test,68.0,0.7337089834345807
embedding_hidden_8,test,69.0,0.7334002341677588
embedding_hidden_8,test,70.0,0.7330935661743192
embedding_hidden_8,test,71.0,0.7327895373003516
embedding_hidden_8,test,72.0,0.7324872571831097
embedding_hidden_8,test,73.0,0.7321870164202129
embedding_hidden_8,test,74.0,0.7318892554203412
embedding_hidden_8,test,75.0,0.7315931270735088
embedding_hidden_8,test,76.0,0.7312993752250185
embedding_hidden_8,test,77.0,0.7310085209958465
embedding_hidden_8,test,78.0,0.7307201048246177
embedding_hidden_8,test,79.0,0.7304338026780129
embedding_hidden_8,test,80.0,0.7301493002709343
embedding_hidden_8,test,81.0,0.7298670248997966
embedding_hidden_8,test,82.0,0.7295867212077417
embedding_hidden_8,test,83.0,0.7293086467589254
embedding_hidden_8,test,84.0,0.7290319154230841
embedding_hidden_8,test,85.0,0.7287573180332317
embedding_hidden_8,test,86.0,0.7284848312714347
embedding_hidden_8,test,87.0,0.7282143091403356
embedding_hidden_8,test,88.0,0.7279457296527565
embedding_hidden_8,test,89.0,0.7276781310239641
embedding_hidden_8,test,90.0,0.7274119059621835
embedding_hidden_8,test,91.0,0.7271473780874016
embedding_hidden_8,test,92.0,0.7268849688665221
embedding_hidden_8,test,93.0,0.72662454633202
embedding_hidden_8,test,94.0,0.7263659493405277
embedding_hidden_8,test,95.0,0.7261082698369192
embedding_hidden_8,test,96.0,0.7258519610927534
embedding_hidden_8,test,97.0,0.7255989906706631
embedding_hidden_8,test,98.0,0.7253474329080567
embedding_hidden_8,test,99.0,0.7250975574974634
embedding_hidden_8,test,100.0,0.7248502532291775
embedding_hidden_8,test,101.0,0.7246046298436394
embedding_hidden_8,test,102.0,0.7243604090920235
embedding_hidden_8,test,103.0,0.7241175334436268
embedding_hidden_8,test,104.0,0.7238765404891033
embedding_hidden_8,test,105.0,0.723637476160491
embedding_hidden_8,test,106.0,0.723400213044419
embedding_hidden_8,test,107.0,0.7231637319618982
embedding_hidden_8,test,108.0,0.7229292062768577
embedding_hidden_8,test,109.0,0.7226961984459443
embedding_hidden_8,test,110.0,0.7224651476653475
embedding_hidden_8,test,111.0,0.7222357146235361
embedding_hidden_8,test,112.0,0.722007365650846
embedding_hidden_8,test,113.0,0.7217814130605713
embedding_hidden_8,test,114.0,0.7215569338353984
embedding_hidden_8,test,115.0,0.7213338082803619
embedding_hidden_8,test,116.0,0.7211116734955424
embedding_hidden_8,test,117.0,0.7208913164172733
embedding_hidden_8,test,118.0,0.7206724157374149
embedding_hidden_8,test,119.0,0.7204546723088067
embedding_hidden_8,test,120.0,0.7202380737366232
embedding_hidden_8,test,121.0,0.7200226120504484
embedding_hidden_8,test,122.0,0.7198082847431402
embedding_hidden_8,test,123.0,0.7195952754120303
embedding_hidden_8,test,124.0,0.7193837740450093
embedding_hidden_8,test,125.0,0.7191738595726873
embedding_hidden_8,test,126.0,0.7189647830916012
embedding_hidden_8,test,127.0,0.7187570563713821
embedding_hidden_8,test,128.0,0.7185509699737043
embedding_hidden_8,test,129.0,0.7183465286335589
embedding_hidden_8,test,130.0,0.7181426983192899
embedding_hidden_8,test,131.0,0.7179396782712932
embedding_hidden_8,test,132.0,0.7177381090459891
embedding_hidden_8,test,133.0,0.7175377853553743
embedding_hidden_8,test,134.0,0.7173382900969971
embedding_hidden_8,test,135.0,0.7171397446470525
embedding_hidden_8,test,136.0,0.7169423827202147
embedding_hidden_8,test,137.0,0.7167460092629292
embedding_hidden_8,test,138.0,0.7165506813295056
embedding_hidden_8,test,139.0,0.716356472153959
embedding_hidden_8,test,140.0,0.7161634202603864
embedding_hidden_8,test,141.0,0.7159717292170831
embedding_hidden_8,test,142.0,0.7157811878500688
embedding_hidden_8,test,143.0,0.715591444296812
embedding_hidden_8,test,144.0,0.71540234276731
embedding_hidden_8,test,145.0,0.7152146902008663
embedding_hidden_8,test,146.0,0.7150274901394347
embedding_hidden_8,test,147.0,0.7148415592073809
embedding_hidden_8,test,148.0,0.7146565057044395
embedding_hidden_8,test,149.0,0.7144721787627313
embedding_hidden_8,test,150.0,0.7142896848959711
embedding_hidden_8,test,151.0,0.7141076144135177
embedding_hidden_8,test,152.0,0.713925741861933
embedding_hidden_8,test,153.0,0.7137448499830008
embedding_hidden_8,test,154.0,0.7135646760698351
embedding_hidden_8,test,155.0,0.7133850890716839
embedding_hidden_8,test,156.0,0.7132061679936232
embedding_hidden_8,test,157.0,0.7130286903673602
embedding_hidden_8,test,158.0,0.7128517812449413
embedding_hidden_8,test,159.0,0.7126752402076261
embedding_hidden_8,test,160.0,0.712499243864616
embedding_hidden_8,test,161.0,0.7123243474005567
embedding_hidden_8,test,162.0,0.712150837982106
embedding_hidden_8,test,163.0,0.7119782744025558
embedding_hidden_8,test,164.0,0.7118070842459905
embedding_hidden_8,test,165.0,0.7116367596409112
embedding_hidden_8,test,166.0,0.7114672671442961
embedding_hidden_8,test,167.0,0.7112991501620508
embedding_hidden_8,test,168.0,0.7111315167566244
embedding_hidden_8,test,169.0,0.7109649559188167
embedding_hidden_8,test,170.0,0.7107993374029797
embedding_hidden_8,test,171.0,0.7106338242888178
embedding_hidden_8,test,172.0,0.7104689151405615
embedding_hidden_8,test,173.0,0.7103045218694316
embedding_hidden_8,test,174.0,0.7101412679619254
embedding_hidden_8,test,175.0,0.7099786606729304
embedding_hidden_8,test,176.0,0.709815900242289
embedding_hidden_8,test,177.0,0.7096540209873342
embedding_hidden_8,test,178.0,0.709493297505895
embedding_hidden_8,test,179.0,0.7093342905135072
embedding_hidden_8,test,180.0,0.7091753539843884
embedding_hidden_8,test,181.0,0.7090173706858975
embedding_hidden_8,test,182.0,0.7088591658048485
embedding_hidden_8,test,183.0,0.7087025666014497
embedding_hidden_8,test,184.0,0.708546157694746
embedding_hidden_8,test,185.0,0.7083905083606636
embedding_hidden_8,test,186.0,0.7082354302566793
embedding_hidden_8,test,187.0,0.7080811903913822
embedding_hidden_8,test,188.0,0.7079272017263966
embedding_hidden_8,test,189.0,0.7077741364243467
embedding_hidden_8,test,190.0,0.7076210098484672
embedding_hidden_8,test,191.0,0.70746893476222
embedding_hidden_8,test,192.0,0.7073172581433118
embedding_hidden_8,test,193.0,0.707166642854892
embedding_hidden_8,test,194.0,0.707016557184321
embedding_hidden_8,test,195.0,0.7068679627606387
embedding_hidden_8,test,196.0,0.7067199442982278
embedding_hidden_8,test,197.0,0.7065724742685424
embedding_hidden_8,test,198.0,0.7064259746033518
embedding_hidden_8,test,199.0,0.706279919210961
embedding_hidden_8,test,200.0,0.7061341851576998
label_shuffle,train,1.0,0.8009596308936529
label_shuffle,train,2.0,0.7994779894459809
label_shuffle,train,3.0,0.7980183244076036
label_shuffle,train,4.0,0.7965803075489004
label_shuffle,train,5.0,0.7951636127375565
label_shuffle,train,6.0,0.79376791605963
label_shuffle,train,7.0,0.7923928959357324
label_shuffle,train,8.0,0.7910382332322238
label_shuffle,train,9.0,0.7897036113673522
label_shuffle,train,10.0,0.7883887164122695
label_shuffle,train,11.0,0.7870932371868831
label_shuffle,train,12.0,0.7858168653505178
label_shuffle,train,13.0,0.7845592954873706
label_shuffle,train,14.0,0.7833202251867678
label_shuffle,train,15.0,0.7820993551182372
label_shuffle,train,16.0,0.7808963891014323
label_shuffle,train,17.0,0.779711034170949
label_shuffle,train,18.0,0.778543000636096
label_shuffle,train,19.0,0.7773920021356873
label_shuffle,train,20.0,0.7762577556879349
label_shuffle,train,21.0,0.7751399817355347
label_shuffle,train,22.0,0.7740384041860435
label_shuffle,train,23.0,0.7729527504476528
label_shuffle,train,24.0,0.7718827514604768
label_shuffle,train,25.0,0.7708281417234736
label_shuffle,train,26.0,0.7697886593171285
label_shuffle,train,27.0,0.7687640459220286
label_shuffle,train,28.0,0.7677540468334673
label_shuffle,train,29.0,0.7667584109722165
label_shuffle,train,30.0,0.7657768908916085
label_shuffle,train,31.0,0.7648092427810723
label_shuffle,train,32.0,0.7638552264662695
label_shuffle,train,33.0,0.7629146054059754
label_shuffle,train,34.0,0.7619871466858527
label_shuffle,train,35.0,0.7610726210092625
label_shuffle,train,36.0,0.7601708026852602
label_shuffle,train,37.0,0.7592814696139174
label_shuffle,train,38.0,0.7584044032691151
label_shuffle,train,39.0,0.7575393886789472
label_shuffle,train,40.0,0.7566862144038728
label_shuffle,train,41.0,0.7558446725127531
label_shuffle,train,42.0,0.7550145585569054
label_shuffle,train,43.0,0.7541956715423042
label_shuffle,train,44.0,0.7533878139000562
label_shuffle,train,45.0,0.7525907914552703
label_shuffle,train,46.0,0.7518044133944449
label_shuffle,train,47.0,0.7510284922314848
label_shuffle,train,48.0,0.7502628437724626
label_shuffle,train,49.0,0.7495072870792305
label_shuffle,train,50.0,0.7487616444319884
label_shuffle,train,51.0,0.7480257412909053
label_shuffle,train,52.0,0.7472994062568943
label_shuffle,train,53.0,0.7465824710316303
label_shuffle,train,54.0,0.7458747703769
label_shuffle,train,55.0,0.7451761420733678
label_shuffle,train,56.0,0.7444864268788394
label_shuffle,train,57.0,0.7438054684860982
label_shuffle,train,58.0,0.7431331134803884
label_shuffle,train,59.0,0.7424692112966145
label_shuffle,train,60.0,0.7418136141763213
label_shuffle,train,61.0,0.7411661771245177
label_shuffle,train,62.0,0.7405267578664033
label_shuffle,train,63.0,0.7398952168040519
label_shuffle,train,64.0,0.7392714169731047
label_shuffle,train,65.0,0.7386552239995239
label_shuffle,train,66.0,0.7380465060564473
label_shuffle,train,67.0,0.7374451338211947
label_shuffle,train,68.0,0.7368509804324593
label_shuffle,train,69.0,0.7362639214477248
label_shuffle,train,70.0,0.7356838348009428
label_shuffle,train,71.0,0.7351106007605026
label_shuffle,train,72.0,0.7345441018875217
label_shuffle,train,73.0,0.733984222994488
label_shuffle,train,74.0,0.7334308511042742
label_shuffle,train,75.0,0.7328838754095525
label_shuffle,train,76.0,0.7323431872326268
label_shuffle,train,77.0,0.7318086799857043
label_shuffle,train,78.0,0.7312802491316217
label_shuffle,train,79.0,0.7307577921450441
label_shuffle,train,80.0,0.7302412084741481
label_shuffle,train,81.0,0.7297303995028026
label_shuffle,train,82.0,0.7292252685132599
label_shuffle,train,83.0,0.7287257206493629
label_shuffle,train,84.0,0.7282316628802799
label_shuffle,train,85.0,0.7277430039647722
label_shuffle,train,86.0,0.7272596544160022
label_shuffle,train,87.0,0.7267815264668829
label_shuffle,train,88.0,0.7263085340359773
label_shuffle,train,89.0,0.7258405926939462
label_shuffle,train,90.0,0.7253776196305491
label_shuffle,train,91.0,0.7249195336221969
label_shuffle,train,92.0,0.7244662550000581
label_shuffle,train,93.0,0.724017705618717
label_shuffle,train,94.0,0.7235738088253831
label_shuffle,train,95.0,0.7231344894296492
label_shuffle,train,96.0,0.722699673673796
label_shuffle,train,97.0,0.7222692892036401
label_shuffle,train,98.0,0.7218432650399224
label_shuffle,train,99.0,0.7214215315502308
label_shuffle,train,100.0,0.7210040204214561
label_shuffle,train,101.0,0.7205906646327718
label_shuffle,train,102.0,0.7201813984291382
label_shuffle,train,103.0,0.7197761572953196
label_shuffle,train,104.0,0.7193748779304123
label_shuffle,train,105.0,0.7189774982228772
label_shuffle,train,106.0,0.7185839572260679
label_shuffle,train,107.0,0.7181941951342529
label_shuffle,train,108.0,0.7178081532591186
label_shuffle,train,109.0,0.7174257740067527
label_shuffle,train,110.0,0.7170470008550962
label_shuffle,train,111.0,0.7166717783318607
label_shuffle,train,112.0,0.7163000519928998
label_shuffle,train,113.0,0.7159317684010311
label_shuffle,train,114.0,0.7155668751052996
label_shuffle,train,115.0,0.7152053206206749
label_shuffle,train,116.0,0.7148470544081758
label_shuffle,train,117.0,0.714492026855414
label_shuffle,train,118.0,0.7141401892575507
label_shuffle,train,119.0,0.7137914937986565
label_shuffle,train,120.0,0.7134458935334695
label_shuffle,train,121.0,0.7131033423695434
label_shuffle,train,122.0,0.7127637950497776
label_shuffle,train,123.0,0.7124272071353218
label_shuffle,train,124.0,0.7120935349888505
label_shuffle,train,125.0,0.7117627357581965
label_shuffle,train,126.0,0.7114347673603383
label_shuffle,train,127.0,0.7111095884657351
label_shuffle,train,128.0,0.7107871584829996
label_shuffle,train,129.0,0.7104674375439044
label_shuffle,train,130.0,0.710150386488715
label_shuffle,train,131.0,0.7098359668518391
label_shuffle,train,132.0,0.7095241408477919
label_shuffle,train,133.0,0.7092148713574635
label_shuffle,train,134.0,0.7089081219146885
label_shuffle,train,135.0,0.7086038566931068
label_shuffle,train,136.0,0.7083020404933114
label_shuffle,train,137.0,0.7080026387302767
label_shuffle,train,138.0,0.7077056174210622
label_shuffle,train,139.0,0.7074109431727819
label_shuffle,train,140.0,0.7071185831708391
label_shuffle,train,141.0,0.7068285051674164
label_shuffle,train,142.0,0.7065406774702165
label_shuffle,train,143.0,0.7062550689314495
label_shuffle,train,144.0,0.7059716489370598
label_shuffle,train,145.0,0.7056903873961866
label_shuffle,train,146.0,0.7054112547308564
label_shuffle,train,147.0,0.7051342218658961
label_shuffle,train,148.0,0.7048592602190691
label_shuffle,train,149.0,0.7045863416914226
label_shuffle,train,150.0,0.7043154386578463
label_shuffle,train,151.0,0.7040465239578342
label_shuffle,train,152.0,0.703779570886448
label_shuffle,train,153.0,0.7035145531854745
label_shuffle,train,154.0,0.7032514450347753
label_shuffle,train,155.0,0.7029902210438216
label_shuffle,train,156.0,0.702730856243413
label_shuffle,train,157.0,0.7024733260775733
label_shuffle,train,158.0,0.7022176063956207
label_shuffle,train,159.0,0.7019636734444091
label_shuffle,train,160.0,0.701711503860734
label_shuffle,train,161.0,0.7014610746639016
label_shuffle,train,162.0,0.7012123632484573
label_shuffle,train,163.0,0.7009653473770677
label_shuffle,train,164.0,0.7007200051735556
label_shuffle,train,165.0,0.7004763151160821
label_shuffle,train,166.0,0.7002342560304731
label_shuffle,train,167.0,0.6999938070836882
label_shuffle,train,168.0,0.6997549477774262
label_shuffle,train,169.0,0.6995176579418673
label_shuffle,train,170.0,0.6992819177295446
label_shuffle,train,171.0,0.6990477076093466
label_shuffle,train,172.0,0.6988150083606448
label_shuffle,train,173.0,0.698583801067543
label_shuffle,train,174.0,0.6983540671132491
label_shuffle,train,175.0,0.6981257881745618
label_shuffle,train,176.0,0.6978989462164737
label_shuffle,train,177.0,0.6976735234868856
label_shuffle,train,178.0,0.6974495025114308
label_shuffle,train,179.0,0.6972268660884058
label_shuffle,train,180.0,0.6970055972838062
label_shuffle,train,181.0,0.6967856794264644
label_shuffle,train,182.0,0.6965670961032873
label_shuffle,train,183.0,0.6963498311545915
label_shuffle,train,184.0,0.6961338686695347
label_shuffle,train,185.0,0.6959191929816385
label_shuffle,train,186.0,0.6957057886644045
label_shuffle,train,187.0,0.695493640527018
label_shuffle,train,188.0,0.6952827336101393
label_shuffle,train,189.0,0.6950730531817801
label_shuffle,train,190.0,0.6948645847332635
label_shuffle,train,191.0,0.6946573139752643
label_shuffle,train,192.0,0.69445122683393
label_shuffle,train,193.0,0.6942463094470784
label_shuffle,train,194.0,0.6940425481604731
label_shuffle,train,195.0,0.6938399295241704
label_shuffle,train,196.0,0.6936384402889422
label_shuffle,train,197.0,0.6934380674027671
label_shuffle,train,198.0,0.6932387980073934
label_shuffle,train,199.0,0.6930406194349678
label_shuffle,train,200.0,0.6928435192047322
label_shuffle,test,1.0,0.8097309528751534
label_shuffle,test,2.0,0.8085874371497503
label_shuffle,test,3.0,0.8074629389662888
label_shuffle,test,4.0,0.8063571541615581
label_shuffle,test,5.0,0.805269781006867
label_shuffle,test,6.0,0.8042005203092316
label_shuffle,test,7.0,0.8031490755075987
label_shuffle,test,8.0,0.8021151527640507
label_shuffle,test,9.0,0.8010984610499516
label_shuffle,test,10.0,0.8000987122270147
label_shuffle,test,11.0,0.7991156211232849
label_shuffle,test,12.0,0.7981489056040492
label_shuffle,test,13.0,0.7971982866376977
label_shuffle,test,14.0,0.7962634883565791
label_shuffle,test,15.0,0.7953442381129019
label_shuffle,test,16.0,0.7944402665297484
label_shuffle,test,17.0,0.7935513075472804
label_shuffle,test,18.0,0.7926770984642235
label_shuffle,test,19.0,0.7918173799747298
label_shuffle,test,20.0,0.7909718962007262
label_shuffle,test,21.0,0.7901403947198617
label_shuffle,test,22.0,0.7893226265891797
label_shuffle,test,23.0,0.7885183463646377
label_shuffle,test,24.0,0.7877273121166122
label_shuffle,test,25.0,0.7869492854415254
label_shuffle,test,26.0,0.7861840314697328
label_shuffle,test,27.0,0.7854313188698174
label_shuffle,test,28.0,0.7846909198494356
label_shuffle,test,29.0,0.7839626101528614
label_shuffle,test,30.0,0.783246169055378
label_shuffle,test,31.0,0.7825413793546623
label_shuffle,test,32.0,0.7818480273593125
label_shuffle,test,33.0,0.7811659028746625
label_shuffle,test,34.0,0.7804947991860309
label_shuffle,test,35.0,0.7798345130395434
label_shuffle,test,36.0,0.7791848446206756
label_shuffle,test,37.0,0.7785455975306483
label_shuffle,test,38.0,0.7779165787608159
label_shuffle,test,39.0,0.7772975986651762
label_shuffle,test,40.0,0.776688470931135
label_shuffle,test,41.0,0.7760890125486457
label_shuffle,test,42.0,0.7754990437778521
label_shuffle,test,43.0,0.7749183881153463
label_shuffle,test,44.0,0.774346872259162
label_shuffle,test,45.0,0.7737843260726069
label_shuffle,test,46.0,0.7732305825470467
label_shuffle,test,47.0,0.7726854777637376
label_shuffle,test,48.0,0.7721488508548103
label_shuffle,test,49.0,0.7716205439634938
label_shuffle,test,50.0,0.7711004022036738
label_shuffle,test,51.0,0.7705882736188694
label_shuffle,test,52.0,0.770084009140709
label_shuffle,test,53.0,0.7695874625469854
label_shuffle,test,54.0,0.7690984904193634
label_shuffle,test,55.0,0.7686169521008079
label_shuffle,test,56.0,0.768142709652804
label_shuffle,test,57.0,0.7676756278124255
label_shuffle,test,58.0,0.7672155739493179
label_shuffle,test,59.0,0.766762418022646
label_shuffle,test,60.0,0.7663160325380621
label_shuffle,test,61.0,0.7658762925047438
label_shuffle,test,62.0,0.7654430753925455
label_shuffle,test,63.0,0.7650162610893108
label_shuffle,test,64.0,0.764595731858381
label_shuffle,test,65.0,0.7641813722963416
label_shuffle,test,66.0,0.7637730692910396
label_shuffle,test,67.0,0.7633707119799039
label_shuffle,test,68.0,0.7629741917085989
label_shuffle,test,69.0,0.7625834019900394
label_shuffle,test,70.0,0.7621982384637895
label_shuffle,test,71.0,0.7618185988558729
label_shuffle,test,72.0,0.7614443829390103
label_shuffle,test,73.0,0.7610754924933071
label_shuffle,test,74.0,0.7607118312674062
label_shuffle,test,75.0,0.760353304940123
label_shuffle,test,76.0,0.7599998210825738
label_shuffle,test,77.0,0.7596512891208131
label_shuffle,test,78.0,0.7593076202989866
label_shuffle,test,79.0,0.7589687276430132
label_shuffle,test,80.0,0.7586345259248002
label_shuffle,test,81.0,0.7583049316270005
label_shuffle,test,82.0,0.7579798629083173
label_shuffle,test,83.0,0.7576592395693589
label_shuffle,test,84.0,0.7573429830190485
label_shuffle,test,85.0,0.7570310162415911
label_shuffle,test,86.0,0.7567232637639989
label_shuffle,test,87.0,0.7564196516241743
label_shuffle,test,88.0,0.756120107339553
label_shuffle,test,89.0,0.7558245598763035
label_shuffle,test,90.0,0.7555329396190837
label_shuffle,test,91.0,0.7552451783413503
label_shuffle,test,92.0,0.7549612091762198
label_shuffle,test,93.0,0.7546809665878761
label_shuffle,test,94.0,0.7544043863435231
label_shuffle,test,95.0,0.754131405485875
label_shuffle,test,96.0,0.7538619623061817
label_shuffle,test,97.0,0.7535959963177842
label_shuffle,test,98.0,0.7533334482301919
label_shuffle,test,99.0,0.7530742599236808
label_shuffle,test,100.0,0.752818374424401
label_shuffle,test,101.0,0.7525657358799911
label_shuffle,test,102.0,0.7523162895356916
label_shuffle,test,103.0,0.7520699817109507
label_shuffle,test,104.0,0.7518267597765151
label_shuffle,test,105.0,0.7515865721319988
label_shuffle,test,106.0,0.7513493681839247
label_shuffle,test,107.0,0.7511150983242283
label_shuffle,test,108.0,0.7508837139092185
label_shuffle,test,109.0,0.7506551672389872
label_shuffle,test,110.0,0.750429411537261
label_shuffle,test,111.0,0.7502064009316853
label_shuffle,test,112.0,0.749986090434537
label_shuffle,test,113.0,0.7497684359238532
label_shuffle,test,114.0,0.7495533941249732
label_shuffle,test,115.0,0.7493409225924826
label_shuffle,test,116.0,0.749130979692554
label_shuffle,test,117.0,0.7489235245856763
label_shuffle,test,118.0,0.7487185172097635
label_shuffle,test,119.0,0.7485159182636388
label_shuffle,test,120.0,0.7483156891908835
label_shuffle,test,121.0,0.7481177921640453
label_shuffle,test,122.0,0.7479221900691962
label_shuffle,test,123.0,0.7477288464908383
label_shuffle,test,124.0,0.7475377256971422
label_shuffle,test,125.0,0.7473487926255191
label_shuffle,test,126.0,0.7471620128685142
label_shuffle,test,127.0,0.7469773526600166
label_shuffle,test,128.0,0.7467947788617788
label_shuffle,test,129.0,0.7466142589502397
label_shuffle,test,130.0,0.746435761003642
label_shuffle,test,131.0,0.7462592536894416
label_shuffle,test,132.0,0.7460847062519991
label_shuffle,test,133.0,0.7459120885005486
label_shuffle,test,134.0,0.7457413707974375
label_shuffle,test,135.0,0.7455725240466317
label_shuffle,test,136.0,0.745405519682479
label_shuffle,test,137.0,0.7452403296587267
label_shuffle,test,138.0,0.745076926437785
label_shuffle,test,139.0,0.7449152829802344
label_shuffle,test,140.0,0.7447553727345669
label_shuffle,test,141.0,0.7445971696271607
label_shuffle,test,142.0,0.7444406480524778
label_shuffle,test,143.0,0.7442857828634841
label_shuffle,test,144.0,0.7441325493622835
label_shuffle,test,145.0,0.7439809232909627
label_shuffle,test,146.0,0.7438308808226419
label_shuffle,test,147.0,0.7436823985527251
label_shuffle,test,148.0,0.7435354534903471
label_shuffle,test,149.0,0.7433900230500115
label_shuffle,test,150.0,0.7432460850434159
label_shuffle,test,151.0,0.7431036176714594
label_shuffle,test,152.0,0.7429625995164281
label_shuffle,test,153.0,0.7428230095343549
label_shuffle,test,154.0,0.7426848270475492
label_shuffle,test,155.0,0.742548031737293
label_shuffle,test,156.0,0.7424126036366975
label_shuffle,test,157.0,0.7422785231237194
label_shuffle,test,158.0,0.7421457709143318
label_shuffle,test,159.0,0.7420143280558436
label_shuffle,test,160.0,0.741884175920369
label_shuffle,test,161.0,0.7417552961984398
label_shuffle,test,162.0,0.7416276708927565
label_shuffle,test,163.0,0.7415012823120783
label_shuffle,test,164.0,0.7413761130652469
label_shuffle,test,165.0,0.7412521460553391
label_shuffle,test,166.0,0.7411293644739492
label_shuffle,test,167.0,0.7410077517955942
label_shuffle,test,168.0,0.7408872917722416
label_shuffle,test,169.0,0.7407679684279552
label_shuffle,test,170.0,0.7406497660536578
label_shuffle,test,171.0,0.7405326692020057
label_shuffle,test,172.0,0.7404166626823747
label_shuffle,test,173.0,0.740301731555954
label_shuffle,test,174.0,0.740187861130945
label_shuffle,test,175.0,0.7400750369578629
label_shuffle,test,176.0,0.7399632448249398
label_shuffle,test,177.0,0.739852470753624
label_shuffle,test,178.0,0.7397427009941777
label_shuffle,test,179.0,0.7396339220213657
label_shuffle,test,180.0,0.739526120530237
label_shuffle,test,181.0,0.7394192834319957
label_shuffle,test,182.0,0.7393133978499575
label_shuffle,test,183.0,0.739208451115594
label_shuffle,test,184.0,0.7391044307646571
label_shuffle,test,185.0,0.7390013245333874
label_shuffle,test,186.0,0.7388991203547999
label_shuffle,test,187.0,0.7387978063550481
label_shuffle,test,188.0,0.7386973708498641
label_shuffle,test,189.0,0.7385978023410716
label_shuffle,test,190.0,0.7384990895131726
label_shuffle,test,191.0,0.7384012212300032
label_shuffle,test,192.0,0.7383041865314596
label_shuffle,test,193.0,0.7382079746302906
label_shuffle,test,194.0,0.7381125749089571
label_shuffle,test,195.0,0.7380179769165541
label_shuffle,test,196.0,0.7379241703657976
label_shuffle,test,197.0,0.7378311451300716
label_shuffle,test,198.0,0.737738891240536
label_shuffle,test,199.0,0.7376473988832926
label_shuffle,test,200.0,0.7375566583966083
random_embedding,train,1.0,0.7997752829384908
random_embedding,train,2.0,0.7993729099815539
random_embedding,train,3.0,0.7989709013508797
random_embedding,train,4.0,0.7985692567725826
random_embedding,train,5.0,0.7981679759726323
random_embedding,train,6.0,0.7977670586768538
random_embedding,train,7.0,0.7973665046109295
random_embedding,train,8.0,0.7969663135003991
random_embedding,train,9.0,0.7965664850706622
random_embedding,train,10.0,0.7961670190469777
random_embedding,train,11.0,0.7957679151544663
random_embedding,train,12.0,0.7953691731181106
random_embedding,train,13.0,0.7949707926627563
random_embedding,train,14.0,0.7945727735131138
random_embedding,train,15.0,0.7941751153937586
random_embedding,train,16.0,0.7937778180291329
random_embedding,train,17.0,0.7933808811435462
random_embedding,train,18.0,0.7929843044611766
random_embedding,train,19.0,0.7925880877060716
random_embedding,train,20.0,0.7921922306021498
random_embedding,train,21.0,0.7917967328732012
random_embedding,train,22.0,0.7914015942428884
random_embedding,train,23.0,0.7910068144347482
random_embedding,train,24.0,0.7906123931721918
random_embedding,train,25.0,0.7902183301785068
random_embedding,train,26.0,0.7898246251768573
random_embedding,train,27.0,0.7894312778902856
random_embedding,train,28.0,0.7890382880417128
random_embedding,train,29.0,0.7886456553539406
random_embedding,train,30.0,0.7882533795496511
random_embedding,train,31.0,0.7878614603514092
random_embedding,train,32.0,0.7874698974816626
random_embedding,train,33.0,0.7870786906627433
random_embedding,train,34.0,0.7866878396168686
random_embedding,train,35.0,0.7862973440661422
random_embedding,train,36.0,0.785907203732555
random_embedding,train,37.0,0.7855174183379863
random_embedding,train,38.0,0.785127987604205
random_embedding,train,39.0,0.7847389112528701
random_embedding,train,40.0,0.7843501890055325
random_embedding,train,41.0,0.7839618205836354
random_embedding,train,42.0,0.7835738057085153
random_embedding,train,43.0,0.7831861441014037
random_embedding,train,44.0,0.7827988354834275
random_embedding,train,45.0,0.7824118795756102
random_embedding,train,46.0,0.782025276098873
random_embedding,train,47.0,0.7816390247740357
random_embedding,train,48.0,0.7812531253218177
random_embedding,train,49.0,0.7808675774628395
random_embedding,train,50.0,0.7804823809176231
random_embedding,train,51.0,0.7800975354065931
random_embedding,train,52.0,0.7797130406500782
random_embedding,train,53.0,0.7793288963683115
random_embedding,train,54.0,0.7789451022814324
random_embedding,train,55.0,0.7785616581094869
random_embedding,train,56.0,0.7781785635724285
random_embedding,train,57.0,0.7777958183901201
random_embedding,train,58.0,0.7774134222823343
random_embedding,train,59.0,0.7770313749687545
random_embedding,train,60.0,0.776649676168976
random_embedding,train,61.0,0.7762683256025068
random_embedding,train,62.0,0.7758873229887692
random_embedding,train,63.0,0.7755066680471001
random_embedding,train,64.0,0.7751263604967525
random_embedding,train,65.0,0.7747464000568963
random_embedding,train,66.0,0.7743667864466193
random_embedding,train,67.0,0.7739875193849278
random_embedding,train,68.0,0.7736085985907488
random_embedding,train,69.0,0.7732300237829296
random_embedding,train,70.0,0.7728517946802398
random_embedding,train,71.0,0.7724739110013713
random_embedding,train,72.0,0.7720963724649408
random_embedding,train,73.0,0.7717191787894893
random_embedding,train,74.0,0.7713423296934837
random_embedding,train,75.0,0.770965824895318
random_embedding,train,76.0,0.7705896641133138
random_embedding,train,77.0,0.7702138470657218
random_embedding,train,78.0,0.7698383734707226
random_embedding,train,79.0,0.7694632430464272
random_embedding,train,80.0,0.7690884555108788
random_embedding,train,81.0,0.7687140105820534
random_embedding,train,82.0,0.7683399079778603
random_embedding,train,83.0,0.7679661474161443
random_embedding,train,84.0,0.7675927286146854
random_embedding,train,85.0,0.7672196512912004
random_embedding,train,86.0,0.7668469151633437
random_embedding,train,87.0,0.7664745199487087
random_embedding,train,88.0,0.7661024653648281
random_embedding,train,89.0,0.7657307511291753
random_embedding,train,90.0,0.7653593769591652
random_embedding,train,91.0,0.7649883425721555
random_embedding,train,92.0,0.764617647685447
random_embedding,train,93.0,0.7642472920162854
random_embedding,train,94.0,0.7638772752818616
random_embedding,train,95.0,0.7635075971993128
random_embedding,train,96.0,0.7631382574857237
random_embedding,train,97.0,0.7627692558581274
random_embedding,train,98.0,0.7624005920335062
random_embedding,train,99.0,0.7620322657287926
random_embedding,train,100.0,0.7616642766608701
random_embedding,train,101.0,0.7612966245465749
random_embedding,train,102.0,0.7609293091026956
random_embedding,train,103.0,0.7605623300459754
random_embedding,train,104.0,0.7601956870931124
random_embedding,train,105.0,0.7598293799607602
random_embedding,train,106.0,0.7594634083655298
random_embedding,train,107.0,0.75909777202399
random_embedding,train,108.0,0.7587324706526679
random_embedding,train,109.0,0.7583675039680511
random_embedding,train,110.0,0.758002871686587
random_embedding,train,111.0,0.7576385735246852
random_embedding,train,112.0,0.7572746091987177
random_embedding,train,113.0,0.7569109784250199
random_embedding,train,114.0,0.7565476809198914
random_embedding,train,115.0,0.7561847163995978
random_embedding,train,116.0,0.7558220845803703
random_embedding,train,117.0,0.7554597851784075
random_embedding,train,118.0,0.7550978179098762
random_embedding,train,119.0,0.7547361824909122
random_embedding,train,120.0,0.7543748786376213
random_embedding,train,121.0,0.7540139060660802
random_embedding,train,122.0,0.7536532644923376
random_embedding,train,123.0,0.7532929536324146
random_embedding,train,124.0,0.7529329732023059
random_embedding,train,125.0,0.7525733229179814
random_embedding,train,126.0,0.7522140024953858
random_embedding,train,127.0,0.7518550116504406
random_embedding,train,128.0,0.7514963500990446
random_embedding,train,129.0,0.7511380175570744
random_embedding,train,130.0,0.7507800137403865
random_embedding,train,131.0,0.7504223383648168
random_embedding,train,132.0,0.7500649911461823
random_embedding,train,133.0,0.7497079718002818
random_embedding,train,134.0,0.7493512800428974
random_embedding,train,135.0,0.748994915589794
random_embedding,train,136.0,0.7486388781567216
random_embedding,train,137.0,0.7482831674594156
random_embedding,train,138.0,0.7479277832135974
random_embedding,train,139.0,0.7475727251349762
random_embedding,train,140.0,0.7472179929392488
random_embedding,train,141.0,0.7468635863421013
random_embedding,train,142.0,0.7465095050592095
random_embedding,train,143.0,0.7461557488062404
random_embedding,train,144.0,0.7458023172988522
random_embedding,train,145.0,0.745449210252696
random_embedding,train,146.0,0.7450964273834162
random_embedding,train,147.0,0.7447439684066512
random_embedding,train,148.0,0.7443918330380355
random_embedding,train,149.0,0.7440400209931989
random_embedding,train,150.0,0.7436885319877681
random_embedding,train,151.0,0.7433373657373681
random_embedding,train,152.0,0.7429865219576224
random_embedding,train,153.0,0.7426360003641541
random_embedding,train,154.0,0.7422858006725865
random_embedding,train,155.0,0.7419359225985446
random_embedding,train,156.0,0.7415863658576551
random_embedding,train,157.0,0.7412371301655483
random_embedding,train,158.0,0.7408882152378575
random_embedding,train,159.0,0.740539620790222
random_embedding,train,160.0,0.7401913465382854
random_embedding,train,161.0,0.7398433921976988
random_embedding,train,162.0,0.7394957574841199
random_embedding,train,163.0,0.739148442113215
random_embedding,train,164.0,0.7388014458006591
random_embedding,train,165.0,0.7384547682621373
random_embedding,train,166.0,0.7381084092133452
random_embedding,train,167.0,0.7377623683699903
random_embedding,train,168.0,0.7374166454477921
random_embedding,train,169.0,0.7370712401624835
random_embedding,train,170.0,0.7367261522298115
random_embedding,train,171.0,0.736381381365538
random_embedding,train,172.0,0.7360369272854406
random_embedding,train,173.0,0.7356927897053136
random_embedding,train,174.0,0.7353489683409684
random_embedding,train,175.0,0.7350054629082352
random_embedding,train,176.0,0.7346622731229628
random_embedding,train,177.0,0.7343193987010199
random_embedding,train,178.0,0.7339768393582964
random_embedding,train,179.0,0.7336345948107031
random_embedding,train,180.0,0.7332926647741738
random_embedding,train,181.0,0.7329510489646649
random_embedding,train,182.0,0.7326097470981571
random_embedding,train,183.0,0.732268758890656
random_embedding,train,184.0,0.7319280840581929
random_embedding,train,185.0,0.731587722316825
random_embedding,train,186.0,0.7312476733826374
random_embedding,train,187.0,0.7309079369717428
random_embedding,train,188.0,0.7305685128002832
random_embedding,train,189.0,0.73022940058443
random_embedding,train,190.0,0.729890600040385
random_embedding,train,191.0,0.7295521108843814
random_embedding,train,192.0,0.7292139328326845
random_embedding,train,193.0,0.7288760656015925
random_embedding,train,194.0,0.7285385089074371
random_embedding,train,195.0,0.7282012624665847
random_embedding,train,196.0,0.7278643259954366
random_embedding,train,197.0,0.7275276992104307
random_embedding,train,198.0,0.7271913818280412
random_embedding,train,199.0,0.72685537356478
random_embedding,train,200.0,0.7265196741371976
random_embedding,test,1.0,0.8095799064959202
random_embedding,test,2.0,0.8095077983543945
random_embedding,test,3.0,0.809435794827386
random_embedding,test,4.0,0.8093638958244951
random_embedding,test,5.0,0.809292101255323
random_embedding,test,6.0,0.8092204110294736
random_embedding,test,7.0,0.8091488250565521
random_embedding,test,8.0,0.8090773432461658
random_embedding,test,9.0,0.8090059655079254
random_embedding,test,10.0,0.808934691751443
random_embedding,test,11.0,0.8088635218863349
random_embedding,test,12.0,0.8087924558222198
random_embedding,test,13.0,0.8087214934687201
random_embedding,test,14.0,0.8086506347354622
random_embedding,test,15.0,0.8085798795320753
random_embedding,test,16.0,0.8085092277681941
random_embedding,test,17.0,0.8084386793534566
random_embedding,test,18.0,0.8083682341975061
random_embedding,test,19.0,0.8082978922099905
random_embedding,test,20.0,0.8082276533005622
random_embedding,test,21.0,0.8081575173788798
random_embedding,test,22.0,0.8080874843546069
random_embedding,test,23.0,0.808017554137413
random_embedding,test,24.0,0.8079477266369735
random_embedding,test,25.0,0.8078780017629701
random_embedding,test,26.0,0.8078083794250907
random_embedding,test,27.0,0.8077388595330304
random_embedding,test,28.0,0.8076694419964907
random_embedding,test,29.0,0.8076001267251807
random_embedding,test,30.0,0.8075309136288162
random_embedding,test,31.0,0.8074618026171212
random_embedding,test,32.0,0.8073927935998272
random_embedding,test,33.0,0.807323886486674
random_embedding,test,34.0,0.8072550811874093
random_embedding,test,35.0,0.8071863776117896
random_embedding,test,36.0,0.80711777566958
random_embedding,test,37.0,0.8070492752705547
random_embedding,test,38.0,0.8069808763244968
random_embedding,test,39.0,0.8069125787411989
random_embedding,test,40.0,0.8068443824304635
random_embedding,test,41.0,0.8067762873021026
random_embedding,test,42.0,0.8067082932659382
random_embedding,test,43.0,0.8066404002318028
random_embedding,test,44.0,0.8065726081095397
random_embedding,test,45.0,0.8065049168090022
random_embedding,test,46.0,0.806437326240055
random_embedding,test,47.0,0.8063698363125743
random_embedding,test,48.0,0.8063024469364469
random_embedding,test,49.0,0.8062351580215721
random_embedding,test,50.0,0.8061679694778601
random_embedding,test,51.0,0.8061008812152337
random_embedding,test,52.0,0.8060338931436283
random_embedding,test,53.0,0.8059670051729908
random_embedding,test,54.0,0.8059002172132818
random_embedding,test,55.0,0.8058335291744744
random_embedding,test,56.0,0.8057669409665547
random_embedding,test,57.0,0.8057004524995224
random_embedding,test,58.0,0.8056340636833905
random_embedding,test,59.0,0.8055677744281862
random_embedding,test,60.0,0.8055015846439504
random_embedding,test,61.0,0.8054354942407385
random_embedding,test,62.0,0.8053695031286197
random_embedding,test,63.0,0.8053036112176784
random_embedding,test,64.0,0.8052378184180137
random_embedding,test,65.0,0.8051721246397401
random_embedding,test,66.0,0.8051065297929867
random_embedding,test,67.0,0.8050410337878985
random_embedding,test,68.0,0.8049756365346363
random_embedding,test,69.0,0.8049103379433765
random_embedding,test,70.0,0.8048451379243119
random_embedding,test,71.0,0.8047800363876515
random_embedding,test,72.0,0.8047150332436208
random_embedding,test,73.0,0.8046501284024623
random_embedding,test,74.0,0.8045853217744352
random_embedding,test,75.0,0.8045206132698157
random_embedding,test,76.0,0.8044560027988977
random_embedding,test,77.0,0.8043914902719929
random_embedding,test,78.0,0.80432707559943
random_embedding,test,79.0,0.8042627586915565
random_embedding,test,80.0,0.8041985394587376
random_embedding,test,81.0,0.8041344178113572
random_embedding,test,82.0,0.8040703936598176
random_embedding,test,83.0,0.8040064669145399
random_embedding,test,84.0,0.8039426374859644
random_embedding,test,85.0,0.8038789052845505
random_embedding,test,86.0,0.8038152702207769
random_embedding,test,87.0,0.8037517322051422
random_embedding,test,88.0,0.8036882911481646
random_embedding,test,89.0,0.8036249469603822
random_embedding,test,90.0,0.8035616995523537
random_embedding,test,91.0,0.803498548834658
random_embedding,test,92.0,0.8034354947178948
random_embedding,test,93.0,0.803372537112684
random_embedding,test,94.0,0.8033096759296676
random_embedding,test,95.0,0.8032469110795077
random_embedding,test,96.0,0.8031842424728886
random_embedding,test,97.0,0.8031216700205158
random_embedding,test,98.0,0.8030591936331166
random_embedding,test,99.0,0.802996813221441
random_embedding,test,100.0,0.80293452869626
random_embedding,test,101.0,0.8028723399683679
random_embedding,test,102.0,0.8028102469485814
random_embedding,test,103.0,0.8027482495477398
random_embedding,test,104.0,0.8026863476767054
random_embedding,test,105.0,0.8026245412463642
random_embedding,test,106.0,0.8025628301676244
random_embedding,test,107.0,0.8025012143514187
random_embedding,test,108.0,0.8024396937087038
random_embedding,test,109.0,0.8023782681504592
random_embedding,test,110.0,0.8023169375876897
random_embedding,test,111.0,0.8022557019314235
random_embedding,test,112.0,0.8021945610927139
random_embedding,test,113.0,0.8021335149826385
random_embedding,test,114.0,0.8020725635123002
random_embedding,test,115.0,0.8020117065928265
random_embedding,test,116.0,0.8019509441353708
random_embedding,test,117.0,0.8018902760511111
random_embedding,test,118.0,0.8018297022512518
random_embedding,test,119.0,0.8017692226470228
random_embedding,test,120.0,0.8017088371496797
random_embedding,test,121.0,0.801648545670505
random_embedding,test,122.0,0.8015883481208068
random_embedding,test,123.0,0.8015282444119205
random_embedding,test,124.0,0.8014682344552074
random_embedding,test,125.0,0.8014083181620568
random_embedding,test,126.0,0.8013484954438841
random_embedding,test,127.0,0.8012887662121326
random_embedding,test,128.0,0.8012291303782726
random_embedding,test,129.0,0.8011695878538025
random_embedding,test,130.0,0.8011101385502485
random_embedding,test,131.0,0.8010507823791645
random_embedding,test,132.0,0.8009915192521326
random_embedding,test,133.0,0.8009323490807638
random_embedding,test,134.0,0.8008732717766971
random_embedding,test,135.0,0.8008142872516002
random_embedding,test,136.0,0.8007553954171701
random_embedding,test,137.0,0.8006965961851329
random_embedding,test,138.0,0.8006378894672433
random_embedding,test,139.0,0.8005792751752863
random_embedding,test,140.0,0.8005207532210757
random_embedding,test,141.0,0.8004623235164561
random_embedding,test,142.0,0.8004039859733008
random_embedding,test,143.0,0.800345740503514
random_embedding,test,144.0,0.8002875870190304
random_embedding,test,145.0,0.8002295254318146
random_embedding,test,146.0,0.8001715556538622
random_embedding,test,147.0,0.8001136775971995
random_embedding,test,148.0,0.8000558911738839
random_embedding,test,149.0,0.799998196296004
random_embedding,test,150.0,0.7999405928756793
random_embedding,test,151.0,0.7998830808250614
random_embedding,test,152.0,0.7998256600563334
random_embedding,test,153.0,0.7997683304817099
random_embedding,test,154.0,0.7997110920134379
random_embedding,test,155.0,0.7996539445637966
random_embedding,test,156.0,0.7995968880450971
random_embedding,test,157.0,0.7995399223696836
random_embedding,test,158.0,0.7994830474499327
random_embedding,test,159.0,0.7994262631982536
random_embedding,test,160.0,0.7993695695270892
random_embedding,test,161.0,0.7993129663489146
random_embedding,test,162.0,0.7992564535762392
random_embedding,test,163.0,0.7992000311216054
random_embedding,test,164.0,0.7991436988975893
random_embedding,test,165.0,0.7990874568168008
random_embedding,test,166.0,0.7990313047918842
random_embedding,test,167.0,0.7989752427355172
random_embedding,test,168.0,0.7989192705604127
random_embedding,test,169.0,0.7988633881793175
random_embedding,test,170.0,0.7988075955050129
random_embedding,test,171.0,0.7987518924503156
random_embedding,test,172.0,0.7986962789280769
random_embedding,test,173.0,0.7986407548511831
random_embedding,test,174.0,0.7985853201325559
random_embedding,test,175.0,0.7985299746851526
random_embedding,test,176.0,0.7984747184219659
random_embedding,test,177.0,0.7984195512560244
random_embedding,test,178.0,0.7983644731003923
random_embedding,test,179.0,0.7983094838681699
random_embedding,test,180.0,0.7982545834724941
random_embedding,test,181.0,0.7981997718265379
random_embedding,test,182.0,0.7981450488435108
random_embedding,test,183.0,0.7980904144366591
random_embedding,test,184.0,0.7980358685192657
random_embedding,test,185.0,0.7979814110046506
random_embedding,test,186.0,0.7979270418061712
random_embedding,test,187.0,0.7978727608372217
random_embedding,test,188.0,0.7978185680112341
random_embedding,test,189.0,0.7977644632416776
random_embedding,test,190.0,0.7977104464420599
random_embedding,test,191.0,0.7976565175259256
random_embedding,test,192.0,0.797602676406858
random_embedding,test,193.0,0.7975489229984783
random_embedding,test,194.0,0.7974952572144465
random_embedding,test,195.0,0.7974416789684602
random_embedding,test,196.0,0.7973881881742563
random_embedding,test,197.0,0.7973347847456104
random_embedding,test,198.0,0.7972814685963369
random_embedding,test,199.0,0.7972282396402891
random_embedding,test,200.0,0.7971750977913599
