ablation_name,split,epoch,mean_loss
embedding_hidden_16,train,1.0,0.758863153005385
embedding_hidden_16,train,2.0,0.7581363943884677
embedding_hidden_16,train,3.0,0.757414514635687
embedding_hidden_16,train,4.0,0.7566974740115624
embedding_hidden_16,train,5.0,0.7559853836610593
embedding_hidden_16,train,6.0,0.7552784280576244
embedding_hidden_16,train,7.0,0.7545772115715972
embedding_hidden_16,train,8.0,0.75388029551822
embedding_hidden_16,train,9.0,0.7531874491270154
embedding_hidden_16,train,10.0,0.7524991157430825
embedding_hidden_16,train,11.0,0.751815039261906
embedding_hidden_16,train,12.0,0.7511349697824973
embedding_hidden_16,train,13.0,0.7504595114671982
embedding_hidden_16,train,14.0,0.7497879591084455
embedding_hidden_16,train,15.0,0.7491203344091888
embedding_hidden_16,train,16.0,0.7484567999699143
embedding_hidden_16,train,17.0,0.7477980218715282
embedding_hidden_16,train,18.0,0.7471438901480314
embedding_hidden_16,train,19.0,0.7464941289778633
embedding_hidden_16,train,20.0,0.7458487568986112
embedding_hidden_16,train,21.0,0.7452082522828425
embedding_hidden_16,train,22.0,0.7445718243709909
embedding_hidden_16,train,23.0,0.7439397159016218
embedding_hidden_16,train,24.0,0.743311100082652
embedding_hidden_16,train,25.0,0.7426857858959214
embedding_hidden_16,train,26.0,0.7420644939591858
embedding_hidden_16,train,27.0,0.7414471990097137
embedding_hidden_16,train,28.0,0.7408343067495756
embedding_hidden_16,train,29.0,0.7402245774320673
embedding_hidden_16,train,30.0,0.7396181004712041
embedding_hidden_16,train,31.0,0.7390154779177707
embedding_hidden_16,train,32.0,0.7384163093480232
embedding_hidden_16,train,33.0,0.7378208815667586
embedding_hidden_16,train,34.0,0.7372294200900245
embedding_hidden_16,train,35.0,0.7366411912237771
embedding_hidden_16,train,36.0,0.7360566328496683
embedding_hidden_16,train,37.0,0.7354757642717006
embedding_hidden_16,train,38.0,0.7348985776283943
embedding_hidden_16,train,39.0,0.7343249483501072
embedding_hidden_16,train,40.0,0.7337547535025084
embedding_hidden_16,train,41.0,0.7331881757080414
embedding_hidden_16,train,42.0,0.7326251020812331
embedding_hidden_16,train,43.0,0.7320653751241811
embedding_hidden_16,train,44.0,0.7315089611432399
embedding_hidden_16,train,45.0,0.7309556853231902
embedding_hidden_16,train,46.0,0.7304053196102821
embedding_hidden_16,train,47.0,0.7298580847839548
embedding_hidden_16,train,48.0,0.7293142438931013
embedding_hidden_16,train,49.0,0.7287740894007648
embedding_hidden_16,train,50.0,0.7282381714172299
embedding_hidden_16,train,51.0,0.727705704257167
embedding_hidden_16,train,52.0,0.7271765688555083
embedding_hidden_16,train,53.0,0.7266505840831257
embedding_hidden_16,train,54.0,0.7261276851847558
embedding_hidden_16,train,55.0,0.7256079738380552
embedding_hidden_16,train,56.0,0.7250913981472247
embedding_hidden_16,train,57.0,0.7245777439120872
embedding_hidden_16,train,58.0,0.724067385873386
embedding_hidden_16,train,59.0,0.7235601977763856
embedding_hidden_16,train,60.0,0.7230560316854187
embedding_hidden_16,train,61.0,0.7225546003876572
embedding_hidden_16,train,62.0,0.7220557926907408
embedding_hidden_16,train,63.0,0.7215592453112158
embedding_hidden_16,train,64.0,0.7210653425125123
embedding_hidden_16,train,65.0,0.7205741767273911
embedding_hidden_16,train,66.0,0.7200858566250616
embedding_hidden_16,train,67.0,0.7196003454417126
embedding_hidden_16,train,68.0,0.7191173636339219
embedding_hidden_16,train,69.0,0.7186368124086803
embedding_hidden_16,train,70.0,0.7181587115354995
embedding_hidden_16,train,71.0,0.7176832631948811
embedding_hidden_16,train,72.0,0.7172102606737936
embedding_hidden_16,train,73.0,0.7167394456155112
embedding_hidden_16,train,74.0,0.7162713598734295
embedding_hidden_16,train,75.0,0.7158058557247686
embedding_hidden_16,train,76.0,0.7153425960737829
embedding_hidden_16,train,77.0,0.7148817794444523
embedding_hidden_16,train,78.0,0.7144233490270967
embedding_hidden_16,train,79.0,0.7139672566901332
embedding_hidden_16,train,80.0,0.7135134885249972
embedding_hidden_16,train,81.0,0.7130622535703122
embedding_hidden_16,train,82.0,0.7126133407210353
embedding_hidden_16,train,83.0,0.7121664148577154
embedding_hidden_16,train,84.0,0.7117217201333047
embedding_hidden_16,train,85.0,0.711279061154987
embedding_hidden_16,train,86.0,0.7108380921003674
embedding_hidden_16,train,87.0,0.7103994016745704
embedding_hidden_16,train,88.0,0.7099628686007022
embedding_hidden_16,train,89.0,0.7095282295540906
embedding_hidden_16,train,90.0,0.7090957368637858
embedding_hidden_16,train,91.0,0.7086655622227906
embedding_hidden_16,train,92.0,0.708237783046481
embedding_hidden_16,train,93.0,0.7078121194049267
embedding_hidden_16,train,94.0,0.7073884344658941
embedding_hidden_16,train,95.0,0.7069668533416971
embedding_hidden_16,train,96.0,0.706547661296587
embedding_hidden_16,train,97.0,0.7061306350135796
embedding_hidden_16,train,98.0,0.7057157467897033
embedding_hidden_16,train,99.0,0.7053026125327727
embedding_hidden_16,train,100.0,0.7048913153765725
embedding_hidden_16,train,101.0,0.7044821477997859
embedding_hidden_16,train,102.0,0.7040751463827115
embedding_hidden_16,train,103.0,0.7036699814423407
embedding_hidden_16,train,104.0,0.703266822934108
embedding_hidden_16,train,105.0,0.7028657810332217
embedding_hidden_16,train,106.0,0.7024667671419483
embedding_hidden_16,train,107.0,0.7020700381844088
embedding_hidden_16,train,108.0,0.701675436281121
embedding_hidden_16,train,109.0,0.7012827382198467
embedding_hidden_16,train,110.0,0.7008920784223196
embedding_hidden_16,train,111.0,0.7005037408129774
embedding_hidden_16,train,112.0,0.7001174877453054
embedding_hidden_16,train,113.0,0.6997328758837142
embedding_hidden_16,train,114.0,0.6993499888175507
embedding_hidden_16,train,115.0,0.6989689756961047
embedding_hidden_16,train,116.0,0.6985896963918468
embedding_hidden_16,train,117.0,0.6982121647458832
embedding_hidden_16,train,118.0,0.6978365281549607
embedding_hidden_16,train,119.0,0.6974626501799924
embedding_hidden_16,train,120.0,0.6970907500544966
embedding_hidden_16,train,121.0,0.696720429151538
embedding_hidden_16,train,122.0,0.6963515488306492
embedding_hidden_16,train,123.0,0.6959843721342315
embedding_hidden_16,train,124.0,0.6956191900752656
embedding_hidden_16,train,125.0,0.695255872780338
embedding_hidden_16,train,126.0,0.694894257311646
embedding_hidden_16,train,127.0,0.6945345297265757
embedding_hidden_16,train,128.0,0.6941764876655239
embedding_hidden_16,train,129.0,0.6938197651779989
embedding_hidden_16,train,130.0,0.6934645516164875
embedding_hidden_16,train,131.0,0.6931106807575994
embedding_hidden_16,train,132.0,0.692758066154737
embedding_hidden_16,train,133.0,0.6924068640474945
embedding_hidden_16,train,134.0,0.6920574118227554
embedding_hidden_16,train,135.0,0.691709220333667
embedding_hidden_16,train,136.0,0.6913622905088568
embedding_hidden_16,train,137.0,0.6910167129401541
embedding_hidden_16,train,138.0,0.6906729026797509
embedding_hidden_16,train,139.0,0.6903307802172503
embedding_hidden_16,train,140.0,0.6899903144714095
embedding_hidden_16,train,141.0,0.6896513258799478
embedding_hidden_16,train,142.0,0.6893136050063141
embedding_hidden_16,train,143.0,0.688977274751619
embedding_hidden_16,train,144.0,0.6886425538050048
embedding_hidden_16,train,145.0,0.6883093116778627
embedding_hidden_16,train,146.0,0.6879775105205027
embedding_hidden_16,train,147.0,0.6876472874260671
embedding_hidden_16,train,148.0,0.687318361174133
embedding_hidden_16,train,149.0,0.6869909500452581
embedding_hidden_16,train,150.0,0.686664895573067
embedding_hidden_16,train,151.0,0.6863400195059803
embedding_hidden_16,train,152.0,0.6860163594364348
embedding_hidden_16,train,153.0,0.6856940647192233
embedding_hidden_16,train,154.0,0.6853729928234162
embedding_hidden_16,train,155.0,0.6850532435989093
embedding_hidden_16,train,156.0,0.6847347811185694
embedding_hidden_16,train,157.0,0.6844176096451463
embedding_hidden_16,train,158.0,0.6841016747850872
embedding_hidden_16,train,159.0,0.6837870170602087
embedding_hidden_16,train,160.0,0.6834736565065874
embedding_hidden_16,train,161.0,0.6831617021714087
embedding_hidden_16,train,162.0,0.6828511426592752
embedding_hidden_16,train,163.0,0.6825420064355774
embedding_hidden_16,train,164.0,0.682234317438261
embedding_hidden_16,train,165.0,0.6819277187949206
embedding_hidden_16,train,166.0,0.6816223061731701
embedding_hidden_16,train,167.0,0.6813181861901052
embedding_hidden_16,train,168.0,0.6810154476653529
embedding_hidden_16,train,169.0,0.6807140100665166
embedding_hidden_16,train,170.0,0.6804137369671212
embedding_hidden_16,train,171.0,0.6801146064805785
embedding_hidden_16,train,172.0,0.6798167478019892
embedding_hidden_16,train,173.0,0.6795201209965395
embedding_hidden_16,train,174.0,0.6792245269217987
embedding_hidden_16,train,175.0,0.678929988718061
embedding_hidden_16,train,176.0,0.6786366635331479
embedding_hidden_16,train,177.0,0.6783444377162788
embedding_hidden_16,train,178.0,0.6780533202039012
embedding_hidden_16,train,179.0,0.6777632831989422
embedding_hidden_16,train,180.0,0.6774744558180921
embedding_hidden_16,train,181.0,0.6771866811992877
embedding_hidden_16,train,182.0,0.6769001727297088
embedding_hidden_16,train,183.0,0.6766148136552699
embedding_hidden_16,train,184.0,0.676330690255109
embedding_hidden_16,train,185.0,0.6760477380568045
embedding_hidden_16,train,186.0,0.6757657585114059
embedding_hidden_16,train,187.0,0.6754846594672282
embedding_hidden_16,train,188.0,0.6752043946552722
embedding_hidden_16,train,189.0,0.6749254113558809
embedding_hidden_16,train,190.0,0.6746476578999403
embedding_hidden_16,train,191.0,0.6743708937377889
embedding_hidden_16,train,192.0,0.6740952410926649
embedding_hidden_16,train,193.0,0.6738205799272315
embedding_hidden_16,train,194.0,0.6735468493386148
embedding_hidden_16,train,195.0,0.6732741866161674
embedding_hidden_16,train,196.0,0.6730026201075693
embedding_hidden_16,train,197.0,0.6727320520366885
embedding_hidden_16,train,198.0,0.6724624128282903
embedding_hidden_16,train,199.0,0.6721937012052162
embedding_hidden_16,train,200.0,0.6719260042122557
embedding_hidden_16,test,1.0,0.7582592558403897
embedding_hidden_16,test,2.0,0.7577138538681243
embedding_hidden_16,test,3.0,0.7571732071101287
embedding_hidden_16,test,4.0,0.7566363285379069
embedding_hidden_16,test,5.0,0.7561035618580859
embedding_hidden_16,test,6.0,0.7555749884386962
embedding_hidden_16,test,7.0,0.7550501188637043
embedding_hidden_16,test,8.0,0.7545286472214696
embedding_hidden_16,test,9.0,0.7540117362612826
embedding_hidden_16,test,10.0,0.7534990989567742
embedding_hidden_16,test,11.0,0.7529899308195109
embedding_hidden_16,test,12.0,0.7524843687729013
embedding_hidden_16,test,13.0,0.7519817516334161
embedding_hidden_16,test,14.0,0.7514830915313859
embedding_hidden_16,test,15.0,0.7509876478311119
embedding_hidden_16,test,16.0,0.7504954337723699
embedding_hidden_16,test,17.0,0.7500067183784951
embedding_hidden_16,test,18.0,0.7495213903950522
embedding_hidden_16,test,19.0,0.7490395747678746
embedding_hidden_16,test,20.0,0.7485619990340258
embedding_hidden_16,test,21.0,0.7480879713855654
embedding_hidden_16,test,22.0,0.7476180041290948
embedding_hidden_16,test,23.0,0.7471515728986328
embedding_hidden_16,test,24.0,0.7466880592359633
embedding_hidden_16,test,25.0,0.7462275123468578
embedding_hidden_16,test,26.0,0.7457702133261754
embedding_hidden_16,test,27.0,0.7453156220450099
embedding_hidden_16,test,28.0,0.7448639232478456
embedding_hidden_16,test,29.0,0.744415183707928
embedding_hidden_16,test,30.0,0.7439693218168297
embedding_hidden_16,test,31.0,0.7435266686348341
embedding_hidden_16,test,32.0,0.7430868870560167
embedding_hidden_16,test,33.0,0.7426499989680607
embedding_hidden_16,test,34.0,0.7422158488259627
embedding_hidden_16,test,35.0,0.7417848515457591
embedding_hidden_16,test,36.0,0.7413571186222059
embedding_hidden_16,test,37.0,0.7409328099157652
embedding_hidden_16,test,38.0,0.7405119171950282
embedding_hidden_16,test,39.0,0.7400939957897065
embedding_hidden_16,test,40.0,0.7396790637423009
embedding_hidden_16,test,41.0,0.739266763768107
embedding_hidden_16,test,42.0,0.7388573876839392
embedding_hidden_16,test,43.0,0.738450203502263
embedding_hidden_16,test,44.0,0.7380455378232325
embedding_hidden_16,test,45.0,0.7376428387933848
embedding_hidden_16,test,46.0,0.7372423867359449
embedding_hidden_16,test,47.0,0.7368448406106303
embedding_hidden_16,test,48.0,0.7364500422117779
embedding_hidden_16,test,49.0,0.7360583473937619
embedding_hidden_16,test,50.0,0.7356691264424404
embedding_hidden_16,test,51.0,0.7352827535875615
embedding_hidden_16,test,52.0,0.7348987795629031
embedding_hidden_16,test,53.0,0.7345172250890439
embedding_hidden_16,test,54.0,0.7341381883366145
embedding_hidden_16,test,55.0,0.7337620568387794
embedding_hidden_16,test,56.0,0.7333879579970806
embedding_hidden_16,test,57.0,0.7330162399714464
embedding_hidden_16,test,58.0,0.7326469557723406
embedding_hidden_16,test,59.0,0.732280180268985
embedding_hidden_16,test,60.0,0.7319155924600438
embedding_hidden_16,test,61.0,0.7315530797826673
embedding_hidden_16,test,62.0,0.7311926273354555
embedding_hidden_16,test,63.0,0.7308342125011758
embedding_hidden_16,test,64.0,0.730478046357421
embedding_hidden_16,test,65.0,0.7301241521179956
embedding_hidden_16,test,66.0,0.7297726516241198
embedding_hidden_16,test,67.0,0.7294235087884469
embedding_hidden_16,test,68.0,0.7290763383602202
embedding_hidden_16,test,69.0,0.7287311682131259
embedding_hidden_16,test,70.0,0.7283877788919335
embedding_hidden_16,test,71.0,0.7280469250502499
embedding_hidden_16,test,72.0,0.7277080816932288
embedding_hidden_16,test,73.0,0.7273716424994693
embedding_hidden_16,test,74.0,0.7270373521923403
embedding_hidden_16,test,75.0,0.7267051789082152
embedding_hidden_16,test,76.0,0.7263751867012374
embedding_hidden_16,test,77.0,0.7260472971742946
embedding_hidden_16,test,78.0,0.7257211263026174
embedding_hidden_16,test,79.0,0.7253969072536355
embedding_hidden_16,test,80.0,0.7250749129261098
embedding_hidden_16,test,81.0,0.7247545996138112
embedding_hidden_16,test,82.0,0.724435920655118
embedding_hidden_16,test,83.0,0.7241187726338059
embedding_hidden_16,test,84.0,0.723803390499242
embedding_hidden_16,test,85.0,0.7234897642258684
embedding_hidden_16,test,86.0,0.7231780325336363
embedding_hidden_16,test,87.0,0.7228682176573297
embedding_hidden_16,test,88.0,0.7225602302212798
embedding_hidden_16,test,89.0,0.7222539299574549
embedding_hidden_16,test,90.0,0.7219492778794125
embedding_hidden_16,test,91.0,0.7216465456887905
embedding_hidden_16,test,92.0,0.7213456911928101
embedding_hidden_16,test,93.0,0.7210461439314426
embedding_hidden_16,test,94.0,0.7207486309936814
embedding_hidden_16,test,95.0,0.7204533461755953
embedding_hidden_16,test,96.0,0.7201601412631283
embedding_hidden_16,test,97.0,0.719868691419409
embedding_hidden_16,test,98.0,0.719579225246145
embedding_hidden_16,test,99.0,0.7192910646230357
embedding_hidden_16,test,100.0,0.7190043613593062
embedding_hidden_16,test,101.0,0.718719367564571
embedding_hidden_16,test,102.0,0.718435914744496
embedding_hidden_16,test,103.0,0.7181542567113625
embedding_hidden_16,test,104.0,0.7178742559020217
embedding_hidden_16,test,105.0,0.7175959688736347
embedding_hidden_16,test,106.0,0.7173198189119654
embedding_hidden_16,test,107.0,0.7170453439012721
embedding_hidden_16,test,108.0,0.7167727257384945
embedding_hidden_16,test,109.0,0.7165013903952557
embedding_hidden_16,test,110.0,0.7162318033486915
embedding_hidden_16,test,111.0,0.7159641750768142
embedding_hidden_16,test,112.0,0.7156978460390745
embedding_hidden_16,test,113.0,0.715432532534442
embedding_hidden_16,test,114.0,0.7151690330392169
embedding_hidden_16,test,115.0,0.7149072515713104
embedding_hidden_16,test,116.0,0.714646723106153
embedding_hidden_16,test,117.0,0.7143874572722062
embedding_hidden_16,test,118.0,0.7141293395973365
embedding_hidden_16,test,119.0,0.7138726896002443
embedding_hidden_16,test,120.0,0.7136173782557942
embedding_hidden_16,test,121.0,0.7133633311721153
embedding_hidden_16,test,122.0,0.7131106054668727
embedding_hidden_16,test,123.0,0.7128595516653723
embedding_hidden_16,test,124.0,0.7126099317913173
embedding_hidden_16,test,125.0,0.7123616951162399
embedding_hidden_16,test,126.0,0.7121149713674928
embedding_hidden_16,test,127.0,0.7118697100075502
embedding_hidden_16,test,128.0,0.7116257878974399
embedding_hidden_16,test,129.0,0.7113827319248758
embedding_hidden_16,test,130.0,0.7111411235815754
embedding_hidden_16,test,131.0,0.7109007895162092
embedding_hidden_16,test,132.0,0.7106615307839546
embedding_hidden_16,test,133.0,0.7104236813899856
embedding_hidden_16,test,134.0,0.7101867572258153
embedding_hidden_16,test,135.0,0.709951110440749
embedding_hidden_16,test,136.0,0.7097166089512734
embedding_hidden_16,test,137.0,0.7094836589694636
embedding_hidden_16,test,138.0,0.7092522645440599
embedding_hidden_16,test,139.0,0.7090220910294509
embedding_hidden_16,test,140.0,0.7087930939983
embedding_hidden_16,test,141.0,0.7085654016021163
embedding_hidden_16,test,142.0,0.7083387777829919
embedding_hidden_16,test,143.0,0.7081135909864366
embedding_hidden_16,test,144.0,0.7078894085100654
embedding_hidden_16,test,145.0,0.7076662898670067
embedding_hidden_16,test,146.0,0.7074438269764046
embedding_hidden_16,test,147.0,0.7072223843066301
embedding_hidden_16,test,148.0,0.7070022946709782
embedding_hidden_16,test,149.0,0.7067831139957572
embedding_hidden_16,test,150.0,0.7065652107299875
embedding_hidden_16,test,151.0,0.7063482913809811
embedding_hidden_16,test,152.0,0.7061324524603414
embedding_hidden_16,test,153.0,0.7059172690957273
embedding_hidden_16,test,154.0,0.7057033134156754
embedding_hidden_16,test,155.0,0.7054903507488006
embedding_hidden_16,test,156.0,0.70527838129948
embedding_hidden_16,test,157.0,0.7050676511553405
embedding_hidden_16,test,158.0,0.7048579582178638
embedding_hidden_16,test,159.0,0.7046486998839415
embedding_hidden_16,test,160.0,0.7044409941333716
embedding_hidden_16,test,161.0,0.7042341302602863
embedding_hidden_16,test,162.0,0.7040284745577934
embedding_hidden_16,test,163.0,0.7038234265964467
embedding_hidden_16,test,164.0,0.7036201006883109
embedding_hidden_16,test,165.0,0.7034178426622331
embedding_hidden_16,test,166.0,0.703216359439174
embedding_hidden_16,test,167.0,0.7030159904617552
embedding_hidden_16,test,168.0,0.7028165642628096
embedding_hidden_16,test,169.0,0.7026184339011041
embedding_hidden_16,test,170.0,0.7024211011935375
embedding_hidden_16,test,171.0,0.7022248739419246
embedding_hidden_16,test,172.0,0.7020295247029121
embedding_hidden_16,test,173.0,0.7018348969636724
embedding_hidden_16,test,174.0,0.7016411444684564
embedding_hidden_16,test,175.0,0.7014482938193256
embedding_hidden_16,test,176.0,0.7012564884861779
embedding_hidden_16,test,177.0,0.7010656808475247
embedding_hidden_16,test,178.0,0.7008756028055487
embedding_hidden_16,test,179.0,0.7006864086217269
embedding_hidden_16,test,180.0,0.7004977948342865
embedding_hidden_16,test,181.0,0.7003103150014189
embedding_hidden_16,test,182.0,0.7001233703379813
embedding_hidden_16,test,183.0,0.6999376026553727
embedding_hidden_16,test,184.0,0.6997526565977129
embedding_hidden_16,test,185.0,0.699568452485925
embedding_hidden_16,test,186.0,0.6993849705116161
embedding_hidden_16,test,187.0,0.6992026557497748
embedding_hidden_16,test,188.0,0.6990209636445355
embedding_hidden_16,test,189.0,0.6988403166211681
embedding_hidden_16,test,190.0,0.6986608530708697
embedding_hidden_16,test,191.0,0.6984825619464905
embedding_hidden_16,test,192.0,0.6983051160195857
embedding_hidden_16,test,193.0,0.6981284652772116
embedding_hidden_16,test,194.0,0.6979526845015045
embedding_hidden_16,test,195.0,0.6977777400538265
embedding_hidden_16,test,196.0,0.6976033008097422
embedding_hidden_16,test,197.0,0.6974302450788085
embedding_hidden_16,test,198.0,0.6972579873562752
embedding_hidden_16,test,199.0,0.6970868223055439
embedding_hidden_16,test,200.0,0.6969164759609987
embedding_hidden_32,train,1.0,0.733183422977886
embedding_hidden_32,train,2.0,0.7325908098069343
embedding_hidden_32,train,3.0,0.7320013431520461
embedding_hidden_32,train,4.0,0.7314147761980413
embedding_hidden_32,train,5.0,0.7308312854871457
embedding_hidden_32,train,6.0,0.7302508138137045
embedding_hidden_32,train,7.0,0.7296732677233775
embedding_hidden_32,train,8.0,0.7290987480885452
embedding_hidden_32,train,9.0,0.7285271783061295
embedding_hidden_32,train,10.0,0.7279585847924781
embedding_hidden_32,train,11.0,0.7273929454095053
embedding_hidden_32,train,12.0,0.7268301155241297
embedding_hidden_32,train,13.0,0.7262700869930951
embedding_hidden_32,train,14.0,0.7257130118159325
embedding_hidden_32,train,15.0,0.7251587795331489
embedding_hidden_32,train,16.0,0.7246074736967266
embedding_hidden_32,train,17.0,0.7240587387884756
embedding_hidden_32,train,18.0,0.7235128866281653
embedding_hidden_32,train,19.0,0.7229699248450002
embedding_hidden_32,train,20.0,0.7224297829880431
embedding_hidden_32,train,21.0,0.7218921193891381
embedding_hidden_32,train,22.0,0.7213572363360727
embedding_hidden_32,train,23.0,0.7208251870804043
embedding_hidden_32,train,24.0,0.7202960210337185
embedding_hidden_32,train,25.0,0.719769392626817
embedding_hidden_32,train,26.0,0.7192453690227204
embedding_hidden_32,train,27.0,0.7187238581834624
embedding_hidden_32,train,28.0,0.7182051082110175
embedding_hidden_32,train,29.0,0.7176889884241257
embedding_hidden_32,train,30.0,0.7171754492697552
embedding_hidden_32,train,31.0,0.7166643343136927
embedding_hidden_32,train,32.0,0.7161557518297691
embedding_hidden_32,train,33.0,0.7156498202947695
embedding_hidden_32,train,34.0,0.7151460782259556
embedding_hidden_32,train,35.0,0.714644618459202
embedding_hidden_32,train,36.0,0.7141456366843256
embedding_hidden_32,train,37.0,0.7136490962992486
embedding_hidden_32,train,38.0,0.7131546984963062
embedding_hidden_32,train,39.0,0.7126626759687602
embedding_hidden_32,train,40.0,0.7121732387733313
embedding_hidden_32,train,41.0,0.7116860254810347
embedding_hidden_32,train,42.0,0.7112012483325628
embedding_hidden_32,train,43.0,0.7107188428092674
embedding_hidden_32,train,44.0,0.7102387906001332
embedding_hidden_32,train,45.0,0.7097612368157218
embedding_hidden_32,train,46.0,0.7092859873794571
embedding_hidden_32,train,47.0,0.7088130601738143
embedding_hidden_32,train,48.0,0.7083425075029408
embedding_hidden_32,train,49.0,0.7078743678721955
embedding_hidden_32,train,50.0,0.7074085021993668
embedding_hidden_32,train,51.0,0.7069451793718661
embedding_hidden_32,train,52.0,0.7064839561627403
embedding_hidden_32,train,53.0,0.7060251087701424
embedding_hidden_32,train,54.0,0.7055684856937121
embedding_hidden_32,train,55.0,0.7051139492050388
embedding_hidden_32,train,56.0,0.7046618386323446
embedding_hidden_32,train,57.0,0.7042119436817618
embedding_hidden_32,train,58.0,0.7037644352437851
embedding_hidden_32,train,59.0,0.7033193636599269
embedding_hidden_32,train,60.0,0.7028763372399052
embedding_hidden_32,train,61.0,0.7024352665019822
embedding_hidden_32,train,62.0,0.7019962180397709
embedding_hidden_32,train,63.0,0.7015593113204964
embedding_hidden_32,train,64.0,0.7011244505707944
embedding_hidden_32,train,65.0,0.7006916474596416
embedding_hidden_32,train,66.0,0.7002607704502426
embedding_hidden_32,train,67.0,0.6998319354091523
embedding_hidden_32,train,68.0,0.6994050818301224
embedding_hidden_32,train,69.0,0.6989801501381538
embedding_hidden_32,train,70.0,0.6985571795317834
embedding_hidden_32,train,71.0,0.6981364085840978
embedding_hidden_32,train,72.0,0.6977177982550966
embedding_hidden_32,train,73.0,0.697301055257673
embedding_hidden_32,train,74.0,0.6968863625219758
embedding_hidden_32,train,75.0,0.6964733806079187
embedding_hidden_32,train,76.0,0.6960623019718717
embedding_hidden_32,train,77.0,0.6956531042080416
embedding_hidden_32,train,78.0,0.695245967834771
embedding_hidden_32,train,79.0,0.6948407034870471
embedding_hidden_32,train,80.0,0.6944370956971601
embedding_hidden_32,train,81.0,0.6940353412288797
embedding_hidden_32,train,82.0,0.693635440941808
embedding_hidden_32,train,83.0,0.6932374597032849
embedding_hidden_32,train,84.0,0.6928411896285896
embedding_hidden_32,train,85.0,0.6924467797406102
embedding_hidden_32,train,86.0,0.6920542493938471
embedding_hidden_32,train,87.0,0.6916635270110701
embedding_hidden_32,train,88.0,0.6912745845158448
embedding_hidden_32,train,89.0,0.6908874624234114
embedding_hidden_32,train,90.0,0.690502114647314
embedding_hidden_32,train,91.0,0.6901185133031469
embedding_hidden_32,train,92.0,0.6897366184945736
embedding_hidden_32,train,93.0,0.6893564494005772
embedding_hidden_32,train,94.0,0.6889779310527582
embedding_hidden_32,train,95.0,0.6886011015269359
embedding_hidden_32,train,96.0,0.6882259342268089
embedding_hidden_32,train,97.0,0.6878524021712975
embedding_hidden_32,train,98.0,0.6874807090620505
embedding_hidden_32,train,99.0,0.6871106955010484
embedding_hidden_32,train,100.0,0.6867421357041261
embedding_hidden_32,train,101.0,0.6863752466755371
embedding_hidden_32,train,102.0,0.6860098385211
embedding_hidden_32,train,103.0,0.6856460651706535
embedding_hidden_32,train,104.0,0.6852838967689248
embedding_hidden_32,train,105.0,0.6849232226876937
embedding_hidden_32,train,106.0,0.6845642423353239
embedding_hidden_32,train,107.0,0.6842067856769969
embedding_hidden_32,train,108.0,0.683850910498099
embedding_hidden_32,train,109.0,0.6834966063033998
embedding_hidden_32,train,110.0,0.6831437685553315
embedding_hidden_32,train,111.0,0.6827924436031767
embedding_hidden_32,train,112.0,0.6824426498232387
embedding_hidden_32,train,113.0,0.6820944637428592
embedding_hidden_32,train,114.0,0.6817477666413545
embedding_hidden_32,train,115.0,0.6814025446352201
embedding_hidden_32,train,116.0,0.6810586517969177
embedding_hidden_32,train,117.0,0.68071632153775
embedding_hidden_32,train,118.0,0.680375513069039
embedding_hidden_32,train,119.0,0.680036264974494
embedding_hidden_32,train,120.0,0.6796985213885395
embedding_hidden_32,train,121.0,0.679362339921316
embedding_hidden_32,train,122.0,0.6790276041898864
embedding_hidden_32,train,123.0,0.6786943337931662
embedding_hidden_32,train,124.0,0.6783624635121558
embedding_hidden_32,train,125.0,0.6780319436315434
embedding_hidden_32,train,126.0,0.6777028186176566
embedding_hidden_32,train,127.0,0.6773749575478041
embedding_hidden_32,train,128.0,0.6770483948206075
embedding_hidden_32,train,129.0,0.6767230226340825
embedding_hidden_32,train,130.0,0.6763989066615752
embedding_hidden_32,train,131.0,0.6760761742651409
embedding_hidden_32,train,132.0,0.6757549193796974
embedding_hidden_32,train,133.0,0.675434997894828
embedding_hidden_32,train,134.0,0.6751165374710613
embedding_hidden_32,train,135.0,0.674799406582913
embedding_hidden_32,train,136.0,0.6744836252868669
embedding_hidden_32,train,137.0,0.6741691475459796
embedding_hidden_32,train,138.0,0.6738558066907779
embedding_hidden_32,train,139.0,0.6735437467368057
embedding_hidden_32,train,140.0,0.6732329444318521
embedding_hidden_32,train,141.0,0.6729233947231966
embedding_hidden_32,train,142.0,0.6726152298447183
embedding_hidden_32,train,143.0,0.6723083912369333
embedding_hidden_32,train,144.0,0.6720027414205247
embedding_hidden_32,train,145.0,0.671698307998989
embedding_hidden_32,train,146.0,0.6713950693923414
embedding_hidden_32,train,147.0,0.6710930494959303
embedding_hidden_32,train,148.0,0.6707922300596255
embedding_hidden_32,train,149.0,0.6704926872092255
embedding_hidden_32,train,150.0,0.6701943561661614
embedding_hidden_32,train,151.0,0.669897182071028
embedding_hidden_32,train,152.0,0.669601161557927
embedding_hidden_32,train,153.0,0.6693063352674276
embedding_hidden_32,train,154.0,0.6690126930700095
embedding_hidden_32,train,155.0,0.6687201101275754
embedding_hidden_32,train,156.0,0.6684286718509085
embedding_hidden_32,train,157.0,0.6681383845135493
embedding_hidden_32,train,158.0,0.6678492525427653
embedding_hidden_32,train,159.0,0.6675612280070661
embedding_hidden_32,train,160.0,0.6672744121410387
embedding_hidden_32,train,161.0,0.666988608019547
embedding_hidden_32,train,162.0,0.6667040039099528
embedding_hidden_32,train,163.0,0.6664205866810509
embedding_hidden_32,train,164.0,0.6661382349212516
embedding_hidden_32,train,165.0,0.6658569021506533
embedding_hidden_32,train,166.0,0.6655766301854278
embedding_hidden_32,train,167.0,0.6652974889626442
embedding_hidden_32,train,168.0,0.6650194481182402
embedding_hidden_32,train,169.0,0.6647424284854045
embedding_hidden_32,train,170.0,0.6644663480677669
embedding_hidden_32,train,171.0,0.6641912355494942
embedding_hidden_32,train,172.0,0.6639172203966417
embedding_hidden_32,train,173.0,0.6636442881044107
embedding_hidden_32,train,174.0,0.6633724925879276
embedding_hidden_32,train,175.0,0.6631017389334614
embedding_hidden_32,train,176.0,0.6628319740137079
embedding_hidden_32,train,177.0,0.6625632961805208
embedding_hidden_32,train,178.0,0.6622957004153898
embedding_hidden_32,train,179.0,0.6620291120479835
embedding_hidden_32,train,180.0,0.6617636422996502
embedding_hidden_32,train,181.0,0.6614993487559632
embedding_hidden_32,train,182.0,0.6612360967231681
embedding_hidden_32,train,183.0,0.6609738865079622
embedding_hidden_32,train,184.0,0.6607127686419076
embedding_hidden_32,train,185.0,0.6604526143475967
embedding_hidden_32,train,186.0,0.6601934343750928
embedding_hidden_32,train,187.0,0.6599352692127773
embedding_hidden_32,train,188.0,0.659678162534842
embedding_hidden_32,train,189.0,0.6594220016753426
embedding_hidden_32,train,190.0,0.6591666710875399
embedding_hidden_32,train,191.0,0.658912281284325
embedding_hidden_32,train,192.0,0.6586588387305489
embedding_hidden_32,train,193.0,0.6584063770424243
embedding_hidden_32,train,194.0,0.6581546452642957
embedding_hidden_32,train,195.0,0.657903888264046
embedding_hidden_32,train,196.0,0.6576540277748666
embedding_hidden_32,train,197.0,0.6574051460942731
embedding_hidden_32,train,198.0,0.6571572466730994
embedding_hidden_32,train,199.0,0.6569103584056488
embedding_hidden_32,train,200.0,0.656664382598637
embedding_hidden_32,test,1.0,0.7357530209799233
embedding_hidden_32,test,2.0,0.7353152901525847
embedding_hidden_32,test,3.0,0.7348803238977129
embedding_hidden_32,test,4.0,0.7344479347765207
embedding_hidden_32,test,5.0,0.734018194312739
embedding_hidden_32,test,6.0,0.7335912659847456
embedding_hidden_32,test,7.0,0.7331670535925865
embedding_hidden_32,test,8.0,0.7327453690476124
embedding_hidden_32,test,9.0,0.7323262834206132
embedding_hidden_32,test,10.0,0.7319097908505958
embedding_hidden_32,test,11.0,0.7314956169165919
embedding_hidden_32,test,12.0,0.7310841705410339
embedding_hidden_32,test,13.0,0.730675138075106
embedding_hidden_32,test,14.0,0.7302691388278236
embedding_hidden_32,test,15.0,0.7298658157188271
embedding_hidden_32,test,16.0,0.7294649398497135
embedding_hidden_32,test,17.0,0.7290665868057575
embedding_hidden_32,test,18.0,0.7286708495168889
embedding_hidden_32,test,19.0,0.7282778343065692
embedding_hidden_32,test,20.0,0.7278870850406256
embedding_hidden_32,test,21.0,0.7274987389543696
embedding_hidden_32,test,22.0,0.7271130138186477
embedding_hidden_32,test,23.0,0.7267297499276817
embedding_hidden_32,test,24.0,0.726348636919799
embedding_hidden_32,test,25.0,0.7259696871912944
embedding_hidden_32,test,26.0,0.7255927206876847
embedding_hidden_32,test,27.0,0.7252181680498322
embedding_hidden_32,test,28.0,0.7248460047962924
embedding_hidden_32,test,29.0,0.7244760411400075
embedding_hidden_32,test,30.0,0.7241084860531107
embedding_hidden_32,test,31.0,0.7237431364102586
embedding_hidden_32,test,32.0,0.7233799003273517
embedding_hidden_32,test,33.0,0.7230186271334038
embedding_hidden_32,test,34.0,0.7226592711749246
embedding_hidden_32,test,35.0,0.722302309737967
embedding_hidden_32,test,36.0,0.7219475293512858
embedding_hidden_32,test,37.0,0.7215947039567
embedding_hidden_32,test,38.0,0.7212438872232101
embedding_hidden_32,test,39.0,0.7208951041497793
embedding_hidden_32,test,40.0,0.7205479034454456
embedding_hidden_32,test,41.0,0.720202855376839
embedding_hidden_32,test,42.0,0.7198596464516223
embedding_hidden_32,test,43.0,0.7195184639062837
embedding_hidden_32,test,44.0,0.7191793376344972
embedding_hidden_32,test,45.0,0.7188421491245531
embedding_hidden_32,test,46.0,0.7185070022741368
embedding_hidden_32,test,47.0,0.7181737950316472
embedding_hidden_32,test,48.0,0.7178427775355568
embedding_hidden_32,test,49.0,0.7175139396718807
embedding_hidden_32,test,50.0,0.7171872036424676
embedding_hidden_32,test,51.0,0.7168624288647493
embedding_hidden_32,test,52.0,0.7165396221935695
embedding_hidden_32,test,53.0,0.7162186944570503
embedding_hidden_32,test,54.0,0.7158997078651848
embedding_hidden_32,test,55.0,0.7155828421497774
embedding_hidden_32,test,56.0,0.7152676587324995
embedding_hidden_32,test,57.0,0.7149541414874975
embedding_hidden_32,test,58.0,0.7146425202453238
embedding_hidden_32,test,59.0,0.7143327402968404
embedding_hidden_32,test,60.0,0.7140248536659375
embedding_hidden_32,test,61.0,0.7137188186416038
embedding_hidden_32,test,62.0,0.7134146247782412
embedding_hidden_32,test,63.0,0.713112456571088
embedding_hidden_32,test,64.0,0.712812206069742
embedding_hidden_32,test,65.0,0.7125140511781755
embedding_hidden_32,test,66.0,0.7122177714390714
embedding_hidden_32,test,67.0,0.7119231545525346
embedding_hidden_32,test,68.0,0.7116301281786909
embedding_hidden_32,test,69.0,0.7113386021156317
embedding_hidden_32,test,70.0,0.7110488247839042
embedding_hidden_32,test,71.0,0.7107607429948543
embedding_hidden_32,test,72.0,0.7104742106277782
embedding_hidden_32,test,73.0,0.7101897672570666
embedding_hidden_32,test,74.0,0.7099070724190018
embedding_hidden_32,test,75.0,0.7096254689813712
embedding_hidden_32,test,76.0,0.7093452710188648
embedding_hidden_32,test,77.0,0.7090667547358472
embedding_hidden_32,test,78.0,0.7087898616485078
embedding_hidden_32,test,79.0,0.708514579593389
embedding_hidden_32,test,80.0,0.7082405713511738
embedding_hidden_32,test,81.0,0.7079681455572331
embedding_hidden_32,test,82.0,0.70769721566583
embedding_hidden_32,test,83.0,0.7074277158003783
embedding_hidden_32,test,84.0,0.7071594493900584
embedding_hidden_32,test,85.0,0.7068928548177416
embedding_hidden_32,test,86.0,0.7066278120768422
embedding_hidden_32,test,87.0,0.7063644773553627
embedding_hidden_32,test,88.0,0.7061028225194227
embedding_hidden_32,test,89.0,0.7058426556511329
embedding_hidden_32,test,90.0,0.7055840399230466
embedding_hidden_32,test,91.0,0.7053269938054567
embedding_hidden_32,test,92.0,0.7050713589143573
embedding_hidden_32,test,93.0,0.7048172600865044
embedding_hidden_32,test,94.0,0.7045645502340445
embedding_hidden_32,test,95.0,0.7043133625365443
embedding_hidden_32,test,96.0,0.7040637828542657
embedding_hidden_32,test,97.0,0.7038158202125339
embedding_hidden_32,test,98.0,0.7035689891035771
embedding_hidden_32,test,99.0,0.7033234847755504
embedding_hidden_32,test,100.0,0.7030793445267536
embedding_hidden_32,test,101.0,0.7028361526181355
embedding_hidden_32,test,102.0,0.702594426947915
embedding_hidden_32,test,103.0,0.7023542191342559
embedding_hidden_32,test,104.0,0.7021151291429787
embedding_hidden_32,test,105.0,0.701877525310666
embedding_hidden_32,test,106.0,0.701640989593954
embedding_hidden_32,test,107.0,0.7014057550013658
embedding_hidden_32,test,108.0,0.7011719810750842
embedding_hidden_32,test,109.0,0.7009394966985656
embedding_hidden_32,test,110.0,0.7007082553264147
embedding_hidden_32,test,111.0,0.7004784807553476
embedding_hidden_32,test,112.0,0.7002498113060909
embedding_hidden_32,test,113.0,0.7000222399857884
embedding_hidden_32,test,114.0,0.699795904314439
embedding_hidden_32,test,115.0,0.6995709300869659
embedding_hidden_32,test,116.0,0.6993471430103028
embedding_hidden_32,test,117.0,0.6991244705196963
embedding_hidden_32,test,118.0,0.6989031412096909
embedding_hidden_32,test,119.0,0.6986830936315216
embedding_hidden_32,test,120.0,0.6984642343838747
embedding_hidden_32,test,121.0,0.6982465172390129
embedding_hidden_32,test,122.0,0.6980301528413687
embedding_hidden_32,test,123.0,0.6978151020201222
embedding_hidden_32,test,124.0,0.6976013059683777
embedding_hidden_32,test,125.0,0.6973886853287066
embedding_hidden_32,test,126.0,0.6971772459640129
embedding_hidden_32,test,127.0,0.6969666617283482
embedding_hidden_32,test,128.0,0.6967570243162162
embedding_hidden_32,test,129.0,0.696548862248805
embedding_hidden_32,test,130.0,0.6963419233171662
embedding_hidden_32,test,131.0,0.6961361056494977
embedding_hidden_32,test,132.0,0.6959313949454872
embedding_hidden_32,test,133.0,0.6957279073231448
embedding_hidden_32,test,134.0,0.6955256737767549
embedding_hidden_32,test,135.0,0.6953244840924354
embedding_hidden_32,test,136.0,0.6951244423807995
embedding_hidden_32,test,137.0,0.6949256942157105
embedding_hidden_32,test,138.0,0.6947282915615135
embedding_hidden_32,test,139.0,0.6945319953878533
embedding_hidden_32,test,140.0,0.6943367361997976
embedding_hidden_32,test,141.0,0.6941424738759101
embedding_hidden_32,test,142.0,0.6939491143694506
embedding_hidden_32,test,143.0,0.6937567291264269
embedding_hidden_32,test,144.0,0.6935655621003518
embedding_hidden_32,test,145.0,0.6933753631334432
embedding_hidden_32,test,146.0,0.6931863159974615
embedding_hidden_32,test,147.0,0.6929981184385623
embedding_hidden_32,test,148.0,0.692810956042611
embedding_hidden_32,test,149.0,0.6926249047680647
embedding_hidden_32,test,150.0,0.6924397974861508
embedding_hidden_32,test,151.0,0.6922557398054842
embedding_hidden_32,test,152.0,0.6920726223652535
embedding_hidden_32,test,153.0,0.6918904433596067
embedding_hidden_32,test,154.0,0.6917093092898324
embedding_hidden_32,test,155.0,0.69152898707074
embedding_hidden_32,test,156.0,0.6913496208200354
embedding_hidden_32,test,157.0,0.691170997733023
embedding_hidden_32,test,158.0,0.6909934397488584
embedding_hidden_32,test,159.0,0.6908168685725489
embedding_hidden_32,test,160.0,0.690641283773443
embedding_hidden_32,test,161.0,0.6904668446920698
embedding_hidden_32,test,162.0,0.6902933235841205
embedding_hidden_32,test,163.0,0.690120681406723
embedding_hidden_32,test,164.0,0.6899488923226909
embedding_hidden_32,test,165.0,0.6897780721370763
embedding_hidden_32,test,166.0,0.6896079846956649
embedding_hidden_32,test,167.0,0.6894387661659953
embedding_hidden_32,test,168.0,0.6892703466471624
embedding_hidden_32,test,169.0,0.6891028438011556
embedding_hidden_32,test,170.0,0.688936198508569
embedding_hidden_32,test,171.0,0.6887706541678432
embedding_hidden_32,test,172.0,0.6886058850307519
embedding_hidden_32,test,173.0,0.6884421979881056
embedding_hidden_32,test,174.0,0.6882792932280168
embedding_hidden_32,test,175.0,0.688117043084231
embedding_hidden_32,test,176.0,0.6879556313213941
embedding_hidden_32,test,177.0,0.6877950021937757
embedding_hidden_32,test,178.0,0.68763525418159
embedding_hidden_32,test,179.0,0.6874763360726426
embedding_hidden_32,test,180.0,0.6873182218266257
embedding_hidden_32,test,181.0,0.6871610941577889
embedding_hidden_32,test,182.0,0.687004699837578
embedding_hidden_32,test,183.0,0.6868489740804988
embedding_hidden_32,test,184.0,0.6866939894472889
embedding_hidden_32,test,185.0,0.6865398183474812
embedding_hidden_32,test,186.0,0.6863863192775238
embedding_hidden_32,test,187.0,0.6862337694459655
embedding_hidden_32,test,188.0,0.6860819820432367
embedding_hidden_32,test,189.0,0.6859310695985572
embedding_hidden_32,test,190.0,0.6857810862652679
embedding_hidden_32,test,191.0,0.6856319149417262
embedding_hidden_32,test,192.0,0.6854835057771062
embedding_hidden_32,test,193.0,0.6853354985148675
embedding_hidden_32,test,194.0,0.6851882647479017
embedding_hidden_32,test,195.0,0.6850418365818942
embedding_hidden_32,test,196.0,0.6848961195063412
embedding_hidden_32,test,197.0,0.6847512050336586
embedding_hidden_32,test,198.0,0.6846070386543688
embedding_hidden_32,test,199.0,0.6844636278136909
embedding_hidden_32,test,200.0,0.6843209214193744
embedding_hidden_64,train,1.0,0.7671396478893477
embedding_hidden_64,train,2.0,0.7661473317509945
embedding_hidden_64,train,3.0,0.7651615906009059
embedding_hidden_64,train,4.0,0.7641823474811467
embedding_hidden_64,train,5.0,0.7632095606014861
embedding_hidden_64,train,6.0,0.7622432481255421
embedding_hidden_64,train,7.0,0.7612832383163416
embedding_hidden_64,train,8.0,0.7603297495133828
embedding_hidden_64,train,9.0,0.7593825512366734
embedding_hidden_64,train,10.0,0.7584415957327287
embedding_hidden_64,train,11.0,0.7575067896649154
embedding_hidden_64,train,12.0,0.7565779771974427
embedding_hidden_64,train,13.0,0.7556552403320318
embedding_hidden_64,train,14.0,0.7547383597225719
embedding_hidden_64,train,15.0,0.7538274387335118
embedding_hidden_64,train,16.0,0.7529225171148373
embedding_hidden_64,train,17.0,0.7520236130696727
embedding_hidden_64,train,18.0,0.7511305664202872
embedding_hidden_64,train,19.0,0.7502434198187428
embedding_hidden_64,train,20.0,0.7493620585038621
embedding_hidden_64,train,21.0,0.7484864891479701
embedding_hidden_64,train,22.0,0.7476166793500023
embedding_hidden_64,train,23.0,0.7467525301576478
embedding_hidden_64,train,24.0,0.7458941055782119
embedding_hidden_64,train,25.0,0.7450413058189115
embedding_hidden_64,train,26.0,0.7441939914797432
embedding_hidden_64,train,27.0,0.7433522324184846
embedding_hidden_64,train,28.0,0.742515920678754
embedding_hidden_64,train,29.0,0.7416849113114937
embedding_hidden_64,train,30.0,0.7408592820534377
embedding_hidden_64,train,31.0,0.740039071908874
embedding_hidden_64,train,32.0,0.7392242416312478
embedding_hidden_64,train,33.0,0.7384146360464384
embedding_hidden_64,train,34.0,0.7376104403102196
embedding_hidden_64,train,35.0,0.736811515383308
embedding_hidden_64,train,36.0,0.7360178117692321
embedding_hidden_64,train,37.0,0.7352292169507388
embedding_hidden_64,train,38.0,0.7344455917897648
embedding_hidden_64,train,39.0,0.7336670314868083
embedding_hidden_64,train,40.0,0.7328936037399992
embedding_hidden_64,train,41.0,0.7321251410461878
embedding_hidden_64,train,42.0,0.7313616704352047
embedding_hidden_64,train,43.0,0.730603095652714
embedding_hidden_64,train,44.0,0.7298495365098555
embedding_hidden_64,train,45.0,0.7291009309758336
embedding_hidden_64,train,46.0,0.7283571037161767
embedding_hidden_64,train,47.0,0.7276179762299629
embedding_hidden_64,train,48.0,0.7268836026892643
embedding_hidden_64,train,49.0,0.7261539803332919
embedding_hidden_64,train,50.0,0.7254291694316941
embedding_hidden_64,train,51.0,0.7247089791664393
embedding_hidden_64,train,52.0,0.7239933736597938
embedding_hidden_64,train,53.0,0.723282384650482
embedding_hidden_64,train,54.0,0.7225758246957115
embedding_hidden_64,train,55.0,0.7218738642801479
embedding_hidden_64,train,56.0,0.7211763980209402
embedding_hidden_64,train,57.0,0.7204833090887777
embedding_hidden_64,train,58.0,0.7197945470652711
embedding_hidden_64,train,59.0,0.7191102380989575
embedding_hidden_64,train,60.0,0.7184302727713378
embedding_hidden_64,train,61.0,0.7177546329645815
embedding_hidden_64,train,62.0,0.7170833171787901
embedding_hidden_64,train,63.0,0.7164162184398628
embedding_hidden_64,train,64.0,0.7157533062167263
embedding_hidden_64,train,65.0,0.71509464524525
embedding_hidden_64,train,66.0,0.7144402634452443
embedding_hidden_64,train,67.0,0.7137899803757917
embedding_hidden_64,train,68.0,0.7131437667460736
embedding_hidden_64,train,69.0,0.7125016361467583
embedding_hidden_64,train,70.0,0.7118635993571557
embedding_hidden_64,train,71.0,0.7112297511519368
embedding_hidden_64,train,72.0,0.7105999356929042
embedding_hidden_64,train,73.0,0.7099740891477911
embedding_hidden_64,train,74.0,0.7093521502188521
embedding_hidden_64,train,75.0,0.7087340913822668
embedding_hidden_64,train,76.0,0.7081199013732903
embedding_hidden_64,train,77.0,0.7075096354195602
embedding_hidden_64,train,78.0,0.7069033896076489
embedding_hidden_64,train,79.0,0.7063009538354652
embedding_hidden_64,train,80.0,0.7057022817857952
embedding_hidden_64,train,81.0,0.7051073843000147
embedding_hidden_64,train,82.0,0.7045162100487178
embedding_hidden_64,train,83.0,0.7039286423075715
embedding_hidden_64,train,84.0,0.7033446940668345
embedding_hidden_64,train,85.0,0.7027644029217902
embedding_hidden_64,train,86.0,0.702187835510437
embedding_hidden_64,train,87.0,0.7016148788267456
embedding_hidden_64,train,88.0,0.7010454512031664
embedding_hidden_64,train,89.0,0.7004795219971132
embedding_hidden_64,train,90.0,0.6999170455078383
embedding_hidden_64,train,91.0,0.6993580537509988
embedding_hidden_64,train,92.0,0.6988025703842607
embedding_hidden_64,train,93.0,0.6982505421284734
embedding_hidden_64,train,94.0,0.6977019160279248
embedding_hidden_64,train,95.0,0.6971566317257766
embedding_hidden_64,train,96.0,0.6966145190413113
embedding_hidden_64,train,97.0,0.6960756779189776
embedding_hidden_64,train,98.0,0.6955401151808766
embedding_hidden_64,train,99.0,0.6950077698464975
embedding_hidden_64,train,100.0,0.6944786679724464
embedding_hidden_64,train,101.0,0.6939526877146911
embedding_hidden_64,train,102.0,0.693429803382113
embedding_hidden_64,train,103.0,0.6929099422180535
embedding_hidden_64,train,104.0,0.6923932563006481
embedding_hidden_64,train,105.0,0.6918796698318874
embedding_hidden_64,train,106.0,0.691369163710837
embedding_hidden_64,train,107.0,0.690861618416539
embedding_hidden_64,train,108.0,0.6903571231982248
embedding_hidden_64,train,109.0,0.6898555699573217
embedding_hidden_64,train,110.0,0.6893570966818501
embedding_hidden_64,train,111.0,0.6888616436263832
embedding_hidden_64,train,112.0,0.6883691323008835
embedding_hidden_64,train,113.0,0.6878795237059636
embedding_hidden_64,train,114.0,0.6873929121252385
embedding_hidden_64,train,115.0,0.6869092520566846
embedding_hidden_64,train,116.0,0.686428410714989
embedding_hidden_64,train,117.0,0.6859503716158132
embedding_hidden_64,train,118.0,0.6854750813501027
embedding_hidden_64,train,119.0,0.6850025982386098
embedding_hidden_64,train,120.0,0.6845328504309738
embedding_hidden_64,train,121.0,0.6840658028396923
embedding_hidden_64,train,122.0,0.6836015268281116
embedding_hidden_64,train,123.0,0.6831399378712264
embedding_hidden_64,train,124.0,0.682681012551852
embedding_hidden_64,train,125.0,0.6822247604564983
embedding_hidden_64,train,126.0,0.6817711287790584
embedding_hidden_64,train,127.0,0.6813201560184927
embedding_hidden_64,train,128.0,0.6808717947350145
embedding_hidden_64,train,129.0,0.6804260587503844
embedding_hidden_64,train,130.0,0.6799828694341544
embedding_hidden_64,train,131.0,0.6795422464089375
embedding_hidden_64,train,132.0,0.6791041465360345
embedding_hidden_64,train,133.0,0.6786685270807868
embedding_hidden_64,train,134.0,0.6782354042012629
embedding_hidden_64,train,135.0,0.6778047314976787
embedding_hidden_64,train,136.0,0.6773765341362008
embedding_hidden_64,train,137.0,0.6769507817928597
embedding_hidden_64,train,138.0,0.6765275059738163
embedding_hidden_64,train,139.0,0.6761066412055989
embedding_hidden_64,train,140.0,0.6756881227004167
embedding_hidden_64,train,141.0,0.675271989641588
embedding_hidden_64,train,142.0,0.6748581520139499
embedding_hidden_64,train,143.0,0.6744465981339798
embedding_hidden_64,train,144.0,0.6740373036871563
embedding_hidden_64,train,145.0,0.6736302437505752
embedding_hidden_64,train,146.0,0.6732254457591712
embedding_hidden_64,train,147.0,0.6728229060443833
embedding_hidden_64,train,148.0,0.6724226268394757
embedding_hidden_64,train,149.0,0.6720244707973035
embedding_hidden_64,train,150.0,0.6716285161301889
embedding_hidden_64,train,151.0,0.6712347179904018
embedding_hidden_64,train,152.0,0.6708431063840984
embedding_hidden_64,train,153.0,0.6704537094803712
embedding_hidden_64,train,154.0,0.6700664211464504
embedding_hidden_64,train,155.0,0.6696812013705261
embedding_hidden_64,train,156.0,0.6692980339079098
embedding_hidden_64,train,157.0,0.6689169213698916
embedding_hidden_64,train,158.0,0.6685378697058499
embedding_hidden_64,train,159.0,0.6681608819840164
embedding_hidden_64,train,160.0,0.6677859033560003
embedding_hidden_64,train,161.0,0.6674129096652297
embedding_hidden_64,train,162.0,0.6670419354765976
embedding_hidden_64,train,163.0,0.6666729578254962
embedding_hidden_64,train,164.0,0.666305972341489
embedding_hidden_64,train,165.0,0.6659409958876714
embedding_hidden_64,train,166.0,0.6655780237237808
embedding_hidden_64,train,167.0,0.6652170073776638
embedding_hidden_64,train,168.0,0.6648579230205633
embedding_hidden_64,train,169.0,0.6645006954527055
embedding_hidden_64,train,170.0,0.6641453139343905
embedding_hidden_64,train,171.0,0.6637917898544361
embedding_hidden_64,train,172.0,0.6634401205950428
embedding_hidden_64,train,173.0,0.6630903121237768
embedding_hidden_64,train,174.0,0.662742336246637
embedding_hidden_64,train,175.0,0.6623962396254115
embedding_hidden_64,train,176.0,0.6620518978930883
embedding_hidden_64,train,177.0,0.661709329847699
embedding_hidden_64,train,178.0,0.6613685538868711
embedding_hidden_64,train,179.0,0.6610295566423137
embedding_hidden_64,train,180.0,0.6606923299623503
embedding_hidden_64,train,181.0,0.6603568824211318
embedding_hidden_64,train,182.0,0.6600232212662853
embedding_hidden_64,train,183.0,0.6596912626068282
embedding_hidden_64,train,184.0,0.6593610358853386
embedding_hidden_64,train,185.0,0.6590325714069044
embedding_hidden_64,train,186.0,0.6587057660040951
embedding_hidden_64,train,187.0,0.6583806124292609
embedding_hidden_64,train,188.0,0.6580570249387334
embedding_hidden_64,train,189.0,0.6577349858028991
embedding_hidden_64,train,190.0,0.657414504086448
embedding_hidden_64,train,191.0,0.6570956568227981
embedding_hidden_64,train,192.0,0.6567784347439302
embedding_hidden_64,train,193.0,0.6564628477758337
embedding_hidden_64,train,194.0,0.6561488488320555
embedding_hidden_64,train,195.0,0.655836438095041
embedding_hidden_64,train,196.0,0.6555255528114081
embedding_hidden_64,train,197.0,0.6552162203591121
embedding_hidden_64,train,198.0,0.65490842219704
embedding_hidden_64,train,199.0,0.6546021507184354
embedding_hidden_64,train,200.0,0.6542974385407965
embedding_hidden_64,test,1.0,0.7676827988647354
embedding_hidden_64,test,2.0,0.7668630832620671
embedding_hidden_64,test,3.0,0.7660492991917643
embedding_hidden_64,test,4.0,0.7652417000327444
embedding_hidden_64,test,5.0,0.7644399623282154
embedding_hidden_64,test,6.0,0.763644043594328
embedding_hidden_64,test,7.0,0.7628540386988016
embedding_hidden_64,test,8.0,0.7620697431673238
embedding_hidden_64,test,9.0,0.7612911806404836
embedding_hidden_64,test,10.0,0.7605183809401452
embedding_hidden_64,test,11.0,0.759751106291825
embedding_hidden_64,test,12.0,0.7589893340835722
embedding_hidden_64,test,13.0,0.7582331286635103
embedding_hidden_64,test,14.0,0.7574824356637784
embedding_hidden_64,test,15.0,0.7567374352029058
embedding_hidden_64,test,16.0,0.755998193074693
embedding_hidden_64,test,17.0,0.7552645819934884
embedding_hidden_64,test,18.0,0.7545363086409399
embedding_hidden_64,test,19.0,0.7538134371424304
embedding_hidden_64,test,20.0,0.7530959355112213
embedding_hidden_64,test,21.0,0.7523839804261752
embedding_hidden_64,test,22.0,0.751677112371149
embedding_hidden_64,test,23.0,0.7509755944129031
embedding_hidden_64,test,24.0,0.7502792526048092
embedding_hidden_64,test,25.0,0.7495879968792737
embedding_hidden_64,test,26.0,0.7489019937721897
embedding_hidden_64,test,27.0,0.7482210316749652
embedding_hidden_64,test,28.0,0.747545368507277
embedding_hidden_64,test,29.0,0.7468746833109458
embedding_hidden_64,test,30.0,0.7462089029297007
embedding_hidden_64,test,31.0,0.7455479280978576
embedding_hidden_64,test,32.0,0.7448918280708728
embedding_hidden_64,test,33.0,0.7442407126511021
embedding_hidden_64,test,34.0,0.7435944013357118
embedding_hidden_64,test,35.0,0.7429528598306663
embedding_hidden_64,test,36.0,0.7423161381745096
embedding_hidden_64,test,37.0,0.7416840134298883
embedding_hidden_64,test,38.0,0.7410565279518
embedding_hidden_64,test,39.0,0.7404337244769108
embedding_hidden_64,test,40.0,0.7398156626945037
embedding_hidden_64,test,41.0,0.7392021630974464
embedding_hidden_64,test,42.0,0.7385932941897069
embedding_hidden_64,test,43.0,0.7379889877719463
embedding_hidden_64,test,44.0,0.7373892118454711
embedding_hidden_64,test,45.0,0.736794001962496
embedding_hidden_64,test,46.0,0.7362031371500128
embedding_hidden_64,test,47.0,0.7356165265629141
embedding_hidden_64,test,48.0,0.7350344100379862
embedding_hidden_64,test,49.0,0.7344567115406305
embedding_hidden_64,test,50.0,0.7338832531029683
embedding_hidden_64,test,51.0,0.7333141573720678
embedding_hidden_64,test,52.0,0.7327495221202278
embedding_hidden_64,test,53.0,0.7321888232140799
embedding_hidden_64,test,54.0,0.7316324072220303
embedding_hidden_64,test,55.0,0.7310802420499314
embedding_hidden_64,test,56.0,0.7305320961583388
embedding_hidden_64,test,57.0,0.7299880377242609
embedding_hidden_64,test,58.0,0.7294479593381628
embedding_hidden_64,test,59.0,0.7289117553363804
embedding_hidden_64,test,60.0,0.7283793987899629
embedding_hidden_64,test,61.0,0.7278510753525327
embedding_hidden_64,test,62.0,0.7273266161893397
embedding_hidden_64,test,63.0,0.7268059847993028
embedding_hidden_64,test,64.0,0.7262893637105032
embedding_hidden_64,test,65.0,0.7257768565390809
embedding_hidden_64,test,66.0,0.7252680205867766
embedding_hidden_64,test,67.0,0.7247627350590868
embedding_hidden_64,test,68.0,0.7242612838724807
embedding_hidden_64,test,69.0,0.7237636816839296
embedding_hidden_64,test,70.0,0.7232699073845368
embedding_hidden_64,test,71.0,0.7227797835538258
embedding_hidden_64,test,72.0,0.7222933553145123
embedding_hidden_64,test,73.0,0.721810425608842
embedding_hidden_64,test,74.0,0.7213310714122321
embedding_hidden_64,test,75.0,0.720855248135211
embedding_hidden_64,test,76.0,0.7203830869434921
embedding_hidden_64,test,77.0,0.7199145991050842
embedding_hidden_64,test,78.0,0.7194496197906355
embedding_hidden_64,test,79.0,0.7189881142528947
embedding_hidden_64,test,80.0,0.7185301901605549
embedding_hidden_64,test,81.0,0.7180757035397829
embedding_hidden_64,test,82.0,0.7176245643160867
embedding_hidden_64,test,83.0,0.717176808502694
embedding_hidden_64,test,84.0,0.7167323271791652
embedding_hidden_64,test,85.0,0.7162912266539323
embedding_hidden_64,test,86.0,0.7158533934131468
embedding_hidden_64,test,87.0,0.7154189451177275
embedding_hidden_64,test,88.0,0.7149876318825555
embedding_hidden_64,test,89.0,0.7145593615386958
embedding_hidden_64,test,90.0,0.7141342804726747
embedding_hidden_64,test,91.0,0.7137123069678256
embedding_hidden_64,test,92.0,0.7132935090556173
embedding_hidden_64,test,93.0,0.7128779444256137
embedding_hidden_64,test,94.0,0.7124655315907966
embedding_hidden_64,test,95.0,0.7120560171197462
embedding_hidden_64,test,96.0,0.7116496528649634
embedding_hidden_64,test,97.0,0.7112463656549807
embedding_hidden_64,test,98.0,0.7108460206965703
embedding_hidden_64,test,99.0,0.710448465424633
embedding_hidden_64,test,100.0,0.7100536806955858
embedding_hidden_64,test,101.0,0.7096618791803617
embedding_hidden_64,test,102.0,0.7092730531083784
embedding_hidden_64,test,103.0,0.7088871975802323
embedding_hidden_64,test,104.0,0.7085041055357839
embedding_hidden_64,test,105.0,0.7081237952121411
embedding_hidden_64,test,106.0,0.7077462703221737
embedding_hidden_64,test,107.0,0.7073714781372293
embedding_hidden_64,test,108.0,0.7069991779470653
embedding_hidden_64,test,109.0,0.7066295298524019
embedding_hidden_64,test,110.0,0.7062625467035735
embedding_hidden_64,test,111.0,0.7058982766502467
embedding_hidden_64,test,112.0,0.7055365837648189
embedding_hidden_64,test,113.0,0.7051775498660486
embedding_hidden_64,test,114.0,0.7048211475271555
embedding_hidden_64,test,115.0,0.7044673882777323
embedding_hidden_64,test,116.0,0.7041162274431002
embedding_hidden_64,test,117.0,0.7037674756735779
embedding_hidden_64,test,118.0,0.703421416567285
embedding_hidden_64,test,119.0,0.703077678131025
embedding_hidden_64,test,120.0,0.7027364808073658
embedding_hidden_64,test,121.0,0.7023977220177333
embedding_hidden_64,test,122.0,0.7020614261868316
embedding_hidden_64,test,123.0,0.7017274610794908
embedding_hidden_64,test,124.0,0.7013958252478802
embedding_hidden_64,test,125.0,0.7010667350976831
embedding_hidden_64,test,126.0,0.7007401024082982
embedding_hidden_64,test,127.0,0.7004159265426158
embedding_hidden_64,test,128.0,0.7000940902071496
embedding_hidden_64,test,129.0,0.699774575520089
embedding_hidden_64,test,130.0,0.6994573871047886
embedding_hidden_64,test,131.0,0.6991425479916138
embedding_hidden_64,test,132.0,0.6988299147039433
embedding_hidden_64,test,133.0,0.698519476864293
embedding_hidden_64,test,134.0,0.6982111963989348
embedding_hidden_64,test,135.0,0.6979051580215163
embedding_hidden_64,test,136.0,0.6976013578422752
embedding_hidden_64,test,137.0,0.697299864814416
embedding_hidden_64,test,138.0,0.6970006024573012
embedding_hidden_64,test,139.0,0.6967033187101292
embedding_hidden_64,test,140.0,0.6964081677329237
embedding_hidden_64,test,141.0,0.6961150986013968
embedding_hidden_64,test,142.0,0.6958241660534592
embedding_hidden_64,test,143.0,0.6955353854684667
embedding_hidden_64,test,144.0,0.6952487274658458
embedding_hidden_64,test,145.0,0.6949640460776654
embedding_hidden_64,test,146.0,0.6946814054343584
embedding_hidden_64,test,147.0,0.6944009090917391
embedding_hidden_64,test,148.0,0.694122423561622
embedding_hidden_64,test,149.0,0.6938459909471195
embedding_hidden_64,test,150.0,0.693571255946223
embedding_hidden_64,test,151.0,0.6932985344063487
embedding_hidden_64,test,152.0,0.6930277610749979
embedding_hidden_64,test,153.0,0.6927588532898217
embedding_hidden_64,test,154.0,0.6924917443539975
embedding_hidden_64,test,155.0,0.6922266257223109
embedding_hidden_64,test,156.0,0.691963516258688
embedding_hidden_64,test,157.0,0.6917022317938633
embedding_hidden_64,test,158.0,0.6914428276770527
embedding_hidden_64,test,159.0,0.6911852328852777
embedding_hidden_64,test,160.0,0.6909294597554287
embedding_hidden_64,test,161.0,0.6906754311203541
embedding_hidden_64,test,162.0,0.6904231846163523
embedding_hidden_64,test,163.0,0.6901727003279798
embedding_hidden_64,test,164.0,0.6899238438135338
embedding_hidden_64,test,165.0,0.6896767141633042
embedding_hidden_64,test,166.0,0.6894313247404217
embedding_hidden_64,test,167.0,0.6891875976732897
embedding_hidden_64,test,168.0,0.6889456196730934
embedding_hidden_64,test,169.0,0.6887052558931819
embedding_hidden_64,test,170.0,0.6884665691467058
embedding_hidden_64,test,171.0,0.6882295631406479
embedding_hidden_64,test,172.0,0.6879943021474795
embedding_hidden_64,test,173.0,0.6877606474139301
embedding_hidden_64,test,174.0,0.6875286209576639
embedding_hidden_64,test,175.0,0.6872981814674044
embedding_hidden_64,test,176.0,0.6870694311155152
embedding_hidden_64,test,177.0,0.6868422128180622
embedding_hidden_64,test,178.0,0.6866166376913008
embedding_hidden_64,test,179.0,0.6863926032173733
embedding_hidden_64,test,180.0,0.6861701852592725
embedding_hidden_64,test,181.0,0.6859493147891025
embedding_hidden_64,test,182.0,0.6857300118248773
embedding_hidden_64,test,183.0,0.6855122290972264
embedding_hidden_64,test,184.0,0.6852960462629216
embedding_hidden_64,test,185.0,0.6850814840634245
embedding_hidden_64,test,186.0,0.6848683816681144
embedding_hidden_64,test,187.0,0.6846566327257407
embedding_hidden_64,test,188.0,0.6844463161056202
embedding_hidden_64,test,189.0,0.6842373286842263
embedding_hidden_64,test,190.0,0.6840299161577862
embedding_hidden_64,test,191.0,0.6838239163578191
embedding_hidden_64,test,192.0,0.6836193843910072
embedding_hidden_64,test,193.0,0.6834162125144265
embedding_hidden_64,test,194.0,0.6832144888012539
embedding_hidden_64,test,195.0,0.6830141986692777
embedding_hidden_64,test,196.0,0.6828152560897003
embedding_hidden_64,test,197.0,0.6826176772359189
embedding_hidden_64,test,198.0,0.6824214033374556
embedding_hidden_64,test,199.0,0.6822265689365545
embedding_hidden_64,test,200.0,0.6820330437087879
embedding_hidden_4,train,1.0,0.7535102852372951
embedding_hidden_4,train,2.0,0.7528623161500633
embedding_hidden_4,train,3.0,0.7522201789561408
embedding_hidden_4,train,4.0,0.7515837490152666
embedding_hidden_4,train,5.0,0.750954581134729
embedding_hidden_4,train,6.0,0.7503314875282242
embedding_hidden_4,train,7.0,0.7497142751573864
embedding_hidden_4,train,8.0,0.7491031166691473
embedding_hidden_4,train,9.0,0.7484979819953992
embedding_hidden_4,train,10.0,0.7478967462884276
embedding_hidden_4,train,11.0,0.7472994644431259
embedding_hidden_4,train,12.0,0.7467078369452185
embedding_hidden_4,train,13.0,0.7461214809415606
embedding_hidden_4,train,14.0,0.7455403424600063
embedding_hidden_4,train,15.0,0.7449643594844162
embedding_hidden_4,train,16.0,0.7443922921941449
embedding_hidden_4,train,17.0,0.74382529896232
embedding_hidden_4,train,18.0,0.743263281943318
embedding_hidden_4,train,19.0,0.7427059061981935
embedding_hidden_4,train,20.0,0.7421525801172304
embedding_hidden_4,train,21.0,0.7416038793822637
embedding_hidden_4,train,22.0,0.741059961514444
embedding_hidden_4,train,23.0,0.7405207117633991
embedding_hidden_4,train,24.0,0.7399868846814008
embedding_hidden_4,train,25.0,0.739457311680932
embedding_hidden_4,train,26.0,0.7389315002005958
embedding_hidden_4,train,27.0,0.7384088956162049
embedding_hidden_4,train,28.0,0.7378897389752573
embedding_hidden_4,train,29.0,0.7373749113464644
embedding_hidden_4,train,30.0,0.7368660421360652
embedding_hidden_4,train,31.0,0.7363621897526503
embedding_hidden_4,train,32.0,0.735863257144143
embedding_hidden_4,train,33.0,0.7353681537003172
embedding_hidden_4,train,34.0,0.7348760487893362
embedding_hidden_4,train,35.0,0.734388912829057
embedding_hidden_4,train,36.0,0.7339057517630048
embedding_hidden_4,train,37.0,0.733426140442911
embedding_hidden_4,train,38.0,0.7329498164283922
embedding_hidden_4,train,39.0,0.7324773718062003
embedding_hidden_4,train,40.0,0.7320087609160961
embedding_hidden_4,train,41.0,0.7315443184533563
embedding_hidden_4,train,42.0,0.7310836952320606
embedding_hidden_4,train,43.0,0.7306269370412813
embedding_hidden_4,train,44.0,0.730175009834337
embedding_hidden_4,train,45.0,0.7297266048315298
embedding_hidden_4,train,46.0,0.729281755105771
embedding_hidden_4,train,47.0,0.728840928893873
embedding_hidden_4,train,48.0,0.7284042493218104
embedding_hidden_4,train,49.0,0.7279712985539435
embedding_hidden_4,train,50.0,0.727541187557491
embedding_hidden_4,train,51.0,0.7271135684943851
embedding_hidden_4,train,52.0,0.7266890463432015
embedding_hidden_4,train,53.0,0.726267392469073
embedding_hidden_4,train,54.0,0.7258492593395014
embedding_hidden_4,train,55.0,0.7254339385166557
embedding_hidden_4,train,56.0,0.7250218931607313
embedding_hidden_4,train,57.0,0.7246119223738947
embedding_hidden_4,train,58.0,0.7242046012768834
embedding_hidden_4,train,59.0,0.7238002721355639
embedding_hidden_4,train,60.0,0.7233992170463515
embedding_hidden_4,train,61.0,0.7230017240609012
embedding_hidden_4,train,62.0,0.7226065767459978
embedding_hidden_4,train,63.0,0.7222147483568062
embedding_hidden_4,train,64.0,0.7218260034707986
embedding_hidden_4,train,65.0,0.7214407213124393
embedding_hidden_4,train,66.0,0.7210586209782692
embedding_hidden_4,train,67.0,0.7206794180677185
embedding_hidden_4,train,68.0,0.7203029501686391
embedding_hidden_4,train,69.0,0.7199287712929
embedding_hidden_4,train,70.0,0.719557221851016
embedding_hidden_4,train,71.0,0.7191879244000076
embedding_hidden_4,train,72.0,0.7188207280309513
embedding_hidden_4,train,73.0,0.7184561139022063
embedding_hidden_4,train,74.0,0.7180938039492266
embedding_hidden_4,train,75.0,0.7177340152488854
embedding_hidden_4,train,76.0,0.7173764729629896
embedding_hidden_4,train,77.0,0.7170208428453435
embedding_hidden_4,train,78.0,0.7166682409953711
embedding_hidden_4,train,79.0,0.7163181964127665
embedding_hidden_4,train,80.0,0.715970258804248
embedding_hidden_4,train,81.0,0.7156243365829816
embedding_hidden_4,train,82.0,0.7152806418352806
embedding_hidden_4,train,83.0,0.7149400881683349
embedding_hidden_4,train,84.0,0.7146023926258206
embedding_hidden_4,train,85.0,0.7142671319010002
embedding_hidden_4,train,86.0,0.7139335200243667
embedding_hidden_4,train,87.0,0.7136016551245912
embedding_hidden_4,train,88.0,0.7132718820420206
embedding_hidden_4,train,89.0,0.7129442337433151
embedding_hidden_4,train,90.0,0.7126179448175404
embedding_hidden_4,train,91.0,0.712293313090128
embedding_hidden_4,train,92.0,0.7119704594936754
embedding_hidden_4,train,93.0,0.711649547713596
embedding_hidden_4,train,94.0,0.7113303483192239
embedding_hidden_4,train,95.0,0.7110133284633512
embedding_hidden_4,train,96.0,0.710698738711114
embedding_hidden_4,train,97.0,0.7103864311641914
embedding_hidden_4,train,98.0,0.7100763615070627
embedding_hidden_4,train,99.0,0.7097680313835809
embedding_hidden_4,train,100.0,0.7094615679574747
embedding_hidden_4,train,101.0,0.7091571460906307
embedding_hidden_4,train,102.0,0.7088544129047621
embedding_hidden_4,train,103.0,0.708552392336286
embedding_hidden_4,train,104.0,0.7082519929386939
embedding_hidden_4,train,105.0,0.7079533990899318
embedding_hidden_4,train,106.0,0.7076567148674977
embedding_hidden_4,train,107.0,0.7073610541942927
embedding_hidden_4,train,108.0,0.7070670409391575
embedding_hidden_4,train,109.0,0.706775183717548
embedding_hidden_4,train,110.0,0.7064853911415544
embedding_hidden_4,train,111.0,0.7061974427421424
embedding_hidden_4,train,112.0,0.7059114013557294
embedding_hidden_4,train,113.0,0.7056271650039162
embedding_hidden_4,train,114.0,0.70534465171589
embedding_hidden_4,train,115.0,0.7050633503351744
embedding_hidden_4,train,116.0,0.7047831733681958
embedding_hidden_4,train,117.0,0.704504817975635
embedding_hidden_4,train,118.0,0.7042282837945827
embedding_hidden_4,train,119.0,0.7039536669149149
embedding_hidden_4,train,120.0,0.7036809915086802
embedding_hidden_4,train,121.0,0.7034097281476532
embedding_hidden_4,train,122.0,0.7031397153234937
embedding_hidden_4,train,123.0,0.7028707073816478
embedding_hidden_4,train,124.0,0.7026036077090227
embedding_hidden_4,train,125.0,0.7023382529951254
embedding_hidden_4,train,126.0,0.7020744356761344
embedding_hidden_4,train,127.0,0.7018123781941314
embedding_hidden_4,train,128.0,0.7015516016263776
embedding_hidden_4,train,129.0,0.7012928219654848
embedding_hidden_4,train,130.0,0.7010356967869953
embedding_hidden_4,train,131.0,0.7007799062224382
embedding_hidden_4,train,132.0,0.7005252708413742
embedding_hidden_4,train,133.0,0.7002718719582559
embedding_hidden_4,train,134.0,0.7000198037917165
embedding_hidden_4,train,135.0,0.6997688635221648
embedding_hidden_4,train,136.0,0.6995190688655323
embedding_hidden_4,train,137.0,0.6992705109030831
embedding_hidden_4,train,138.0,0.6990233695876868
embedding_hidden_4,train,139.0,0.6987778122208557
embedding_hidden_4,train,140.0,0.698533619770873
embedding_hidden_4,train,141.0,0.698291019443698
embedding_hidden_4,train,142.0,0.6980499862781973
embedding_hidden_4,train,143.0,0.697810318284948
embedding_hidden_4,train,144.0,0.6975718716123949
embedding_hidden_4,train,145.0,0.6973346067893975
embedding_hidden_4,train,146.0,0.6970981714400691
embedding_hidden_4,train,147.0,0.6968629673203145
embedding_hidden_4,train,148.0,0.6966293073551744
embedding_hidden_4,train,149.0,0.6963966745652458
embedding_hidden_4,train,150.0,0.6961654027630292
embedding_hidden_4,train,151.0,0.6959353500953729
embedding_hidden_4,train,152.0,0.6957064534242192
embedding_hidden_4,train,153.0,0.6954787178298327
embedding_hidden_4,train,154.0,0.6952524780751906
embedding_hidden_4,train,155.0,0.6950273287111892
embedding_hidden_4,train,156.0,0.694802925977651
embedding_hidden_4,train,157.0,0.6945797253946153
embedding_hidden_4,train,158.0,0.6943574922172495
embedding_hidden_4,train,159.0,0.6941362416897207
embedding_hidden_4,train,160.0,0.6939161059081327
embedding_hidden_4,train,161.0,0.6936970899243069
embedding_hidden_4,train,162.0,0.6934788850551611
embedding_hidden_4,train,163.0,0.6932616614018627
embedding_hidden_4,train,164.0,0.693045351532456
embedding_hidden_4,train,165.0,0.6928301363827616
embedding_hidden_4,train,166.0,0.6926151085178349
embedding_hidden_4,train,167.0,0.6924013100733382
embedding_hidden_4,train,168.0,0.6921881411999705
embedding_hidden_4,train,169.0,0.6919756696021898
embedding_hidden_4,train,170.0,0.6917640529322628
embedding_hidden_4,train,171.0,0.6915532101540266
embedding_hidden_4,train,172.0,0.6913434525592563
embedding_hidden_4,train,173.0,0.6911349766890663
embedding_hidden_4,train,174.0,0.6909275054311336
embedding_hidden_4,train,175.0,0.6907208407307699
embedding_hidden_4,train,176.0,0.6905150844866846
embedding_hidden_4,train,177.0,0.6903102381053002
embedding_hidden_4,train,178.0,0.6901063413550832
embedding_hidden_4,train,179.0,0.6899035627253584
embedding_hidden_4,train,180.0,0.6897016773468528
embedding_hidden_4,train,181.0,0.6895006563726056
embedding_hidden_4,train,182.0,0.6893005869751423
embedding_hidden_4,train,183.0,0.6891011172679199
embedding_hidden_4,train,184.0,0.6889019865267627
embedding_hidden_4,train,185.0,0.6887037170614545
embedding_hidden_4,train,186.0,0.6885064773025016
embedding_hidden_4,train,187.0,0.688309770327019
embedding_hidden_4,train,188.0,0.688113599959677
embedding_hidden_4,train,189.0,0.6879184141925881
embedding_hidden_4,train,190.0,0.6877242961302509
embedding_hidden_4,train,191.0,0.6875310088900701
embedding_hidden_4,train,192.0,0.6873385574841844
embedding_hidden_4,train,193.0,0.6871471236643358
embedding_hidden_4,train,194.0,0.6869566953959303
embedding_hidden_4,train,195.0,0.6867672928967363
embedding_hidden_4,train,196.0,0.6865785198057694
embedding_hidden_4,train,197.0,0.6863904475989019
embedding_hidden_4,train,198.0,0.6862031869429677
embedding_hidden_4,train,199.0,0.6860165487309191
embedding_hidden_4,train,200.0,0.6858306898188009
embedding_hidden_4,test,1.0,0.7556018772821459
embedding_hidden_4,test,2.0,0.7551189457547027
embedding_hidden_4,test,3.0,0.7546401466234982
embedding_hidden_4,test,4.0,0.7541672777818086
embedding_hidden_4,test,5.0,0.7536988279052107
embedding_hidden_4,test,6.0,0.7532357364498454
embedding_hidden_4,test,7.0,0.7527775478839274
embedding_hidden_4,test,8.0,0.7523224465512043
embedding_hidden_4,test,9.0,0.7518701362535924
embedding_hidden_4,test,10.0,0.7514218407261204
embedding_hidden_4,test,11.0,0.7509788205482136
embedding_hidden_4,test,12.0,0.7505400779191985
embedding_hidden_4,test,13.0,0.750104953284201
embedding_hidden_4,test,14.0,0.7496745913459447
embedding_hidden_4,test,15.0,0.749247839484967
embedding_hidden_4,test,16.0,0.7488241722254163
embedding_hidden_4,test,17.0,0.7484055851128455
embedding_hidden_4,test,18.0,0.7479915711159216
embedding_hidden_4,test,19.0,0.7475823301438176
embedding_hidden_4,test,20.0,0.7471767624457412
embedding_hidden_4,test,21.0,0.7467751151638597
embedding_hidden_4,test,22.0,0.7463769147103131
embedding_hidden_4,test,23.0,0.7459842715616327
embedding_hidden_4,test,24.0,0.7455959241033518
embedding_hidden_4,test,25.0,0.7452100187821363
embedding_hidden_4,test,26.0,0.7448271763275398
embedding_hidden_4,test,27.0,0.7444478323638465
embedding_hidden_4,test,28.0,0.7440721389290236
embedding_hidden_4,test,29.0,0.74370055498478
embedding_hidden_4,test,30.0,0.7433319315206653
embedding_hidden_4,test,31.0,0.7429666390391523
embedding_hidden_4,test,32.0,0.7426036132070843
embedding_hidden_4,test,33.0,0.7422433234630167
embedding_hidden_4,test,34.0,0.7418877967311035
embedding_hidden_4,test,35.0,0.7415364964200317
embedding_hidden_4,test,36.0,0.7411890298651359
embedding_hidden_4,test,37.0,0.7408446885569667
embedding_hidden_4,test,38.0,0.7405039038000721
embedding_hidden_4,test,39.0,0.7401674766956017
embedding_hidden_4,test,40.0,0.7398348482879588
embedding_hidden_4,test,41.0,0.7395056653687511
embedding_hidden_4,test,42.0,0.7391800539494959
embedding_hidden_4,test,43.0,0.7388575429859762
embedding_hidden_4,test,44.0,0.7385376219420956
embedding_hidden_4,test,45.0,0.7382212037305658
embedding_hidden_4,test,46.0,0.7379063200050562
embedding_hidden_4,test,47.0,0.7375950901539724
embedding_hidden_4,test,48.0,0.7372861601594357
embedding_hidden_4,test,49.0,0.7369799399430255
embedding_hidden_4,test,50.0,0.7366748508538131
embedding_hidden_4,test,51.0,0.7363712006067302
embedding_hidden_4,test,52.0,0.7360697800405449
embedding_hidden_4,test,53.0,0.7357710829974206
embedding_hidden_4,test,54.0,0.7354749790791602
embedding_hidden_4,test,55.0,0.7351813815541451
embedding_hidden_4,test,56.0,0.7348902588170677
embedding_hidden_4,test,57.0,0.7346014566072678
embedding_hidden_4,test,58.0,0.7343133690658604
embedding_hidden_4,test,59.0,0.7340287112392729
embedding_hidden_4,test,60.0,0.7337498971138162
embedding_hidden_4,test,61.0,0.7334755244186396
embedding_hidden_4,test,62.0,0.7332032352776366
embedding_hidden_4,test,63.0,0.7329330140492436
embedding_hidden_4,test,64.0,0.7326653968777174
embedding_hidden_4,test,65.0,0.7324002084503392
embedding_hidden_4,test,66.0,0.7321364640858579
embedding_hidden_4,test,67.0,0.7318758102986552
embedding_hidden_4,test,68.0,0.7316177567743523
embedding_hidden_4,test,69.0,0.7313624152880849
embedding_hidden_4,test,70.0,0.7311105250219049
embedding_hidden_4,test,71.0,0.7308603159787699
embedding_hidden_4,test,72.0,0.7306126891955035
embedding_hidden_4,test,73.0,0.7303678126391108
embedding_hidden_4,test,74.0,0.7301248738702887
embedding_hidden_4,test,75.0,0.7298831474157561
embedding_hidden_4,test,76.0,0.7296434954720173
embedding_hidden_4,test,77.0,0.7294060574280381
embedding_hidden_4,test,78.0,0.7291711699129991
embedding_hidden_4,test,79.0,0.7289375430145992
embedding_hidden_4,test,80.0,0.7287049650087465
embedding_hidden_4,test,81.0,0.7284739614122175
embedding_hidden_4,test,82.0,0.7282451916365917
embedding_hidden_4,test,83.0,0.7280177445264852
embedding_hidden_4,test,84.0,0.7277935368088193
embedding_hidden_4,test,85.0,0.727570132443186
embedding_hidden_4,test,86.0,0.7273496910721363
embedding_hidden_4,test,87.0,0.7271305572788542
embedding_hidden_4,test,88.0,0.7269133828102633
embedding_hidden_4,test,89.0,0.7266978281172484
embedding_hidden_4,test,90.0,0.7264842449275953
embedding_hidden_4,test,91.0,0.7262717133118437
embedding_hidden_4,test,92.0,0.7260620896585788
embedding_hidden_4,test,93.0,0.7258533134045863
embedding_hidden_4,test,94.0,0.7256461636315731
embedding_hidden_4,test,95.0,0.7254407425382948
embedding_hidden_4,test,96.0,0.7252360242963473
embedding_hidden_4,test,97.0,0.7250325994368952
embedding_hidden_4,test,98.0,0.7248302577223684
embedding_hidden_4,test,99.0,0.7246293766216062
embedding_hidden_4,test,100.0,0.7244301775937905
embedding_hidden_4,test,101.0,0.7242326276918724
embedding_hidden_4,test,102.0,0.7240351571104348
embedding_hidden_4,test,103.0,0.7238392647935025
embedding_hidden_4,test,104.0,0.723644428889233
embedding_hidden_4,test,105.0,0.7234513883431648
embedding_hidden_4,test,106.0,0.7232594204096093
embedding_hidden_4,test,107.0,0.7230694890491357
embedding_hidden_4,test,108.0,0.7228809501009537
embedding_hidden_4,test,109.0,0.7226946175602035
embedding_hidden_4,test,110.0,0.7225092587226368
embedding_hidden_4,test,111.0,0.7223243854596044
embedding_hidden_4,test,112.0,0.7221423686345292
embedding_hidden_4,test,113.0,0.721961487508267
embedding_hidden_4,test,114.0,0.7217822193784182
embedding_hidden_4,test,115.0,0.7216040440652879
embedding_hidden_4,test,116.0,0.7214269901738217
embedding_hidden_4,test,117.0,0.721251699738119
embedding_hidden_4,test,118.0,0.7210789501464577
embedding_hidden_4,test,119.0,0.7209069139500851
embedding_hidden_4,test,120.0,0.7207364550940458
embedding_hidden_4,test,121.0,0.7205665725530556
embedding_hidden_4,test,122.0,0.7203973601002706
embedding_hidden_4,test,123.0,0.7202291429714622
embedding_hidden_4,test,124.0,0.7200623067312175
embedding_hidden_4,test,125.0,0.7198957490763817
embedding_hidden_4,test,126.0,0.71972962582944
embedding_hidden_4,test,127.0,0.7195645908779579
embedding_hidden_4,test,128.0,0.7194003961670052
embedding_hidden_4,test,129.0,0.7192371654926977
embedding_hidden_4,test,130.0,0.7190753901580311
embedding_hidden_4,test,131.0,0.7189142521498288
embedding_hidden_4,test,132.0,0.7187541661086788
embedding_hidden_4,test,133.0,0.7185950418676448
embedding_hidden_4,test,134.0,0.7184361517773197
embedding_hidden_4,test,135.0,0.7182784926806288
embedding_hidden_4,test,136.0,0.7181226552743134
embedding_hidden_4,test,137.0,0.7179675666385441
embedding_hidden_4,test,138.0,0.7178136424533074
embedding_hidden_4,test,139.0,0.7176600107600389
embedding_hidden_4,test,140.0,0.7175077406918581
embedding_hidden_4,test,141.0,0.717356427886837
embedding_hidden_4,test,142.0,0.7172065010760285
embedding_hidden_4,test,143.0,0.7170575784408196
embedding_hidden_4,test,144.0,0.7169096424289225
embedding_hidden_4,test,145.0,0.7167618710697037
embedding_hidden_4,test,146.0,0.716614949116152
embedding_hidden_4,test,147.0,0.7164698981766795
embedding_hidden_4,test,148.0,0.7163263069885816
embedding_hidden_4,test,149.0,0.7161835636680783
embedding_hidden_4,test,150.0,0.7160415512997081
embedding_hidden_4,test,151.0,0.715900613090956
embedding_hidden_4,test,152.0,0.7157603226735947
embedding_hidden_4,test,153.0,0.7156206709424446
embedding_hidden_4,test,154.0,0.7154832377231071
embedding_hidden_4,test,155.0,0.7153452601199157
embedding_hidden_4,test,156.0,0.7152083913573376
embedding_hidden_4,test,157.0,0.7150724277668644
embedding_hidden_4,test,158.0,0.714936342211407
embedding_hidden_4,test,159.0,0.7148009389162879
embedding_hidden_4,test,160.0,0.7146675275354627
embedding_hidden_4,test,161.0,0.7145336619034934
embedding_hidden_4,test,162.0,0.7144011008050912
embedding_hidden_4,test,163.0,0.714268387363352
embedding_hidden_4,test,164.0,0.714136341096056
embedding_hidden_4,test,165.0,0.7140051269707082
embedding_hidden_4,test,166.0,0.7138735019496589
embedding_hidden_4,test,167.0,0.7137434587022529
embedding_hidden_4,test,168.0,0.7136143638510706
embedding_hidden_4,test,169.0,0.7134854437006861
embedding_hidden_4,test,170.0,0.7133579764694774
embedding_hidden_4,test,171.0,0.7132307773736521
embedding_hidden_4,test,172.0,0.7131043754478903
embedding_hidden_4,test,173.0,0.7129786404080586
embedding_hidden_4,test,174.0,0.7128544554550624
embedding_hidden_4,test,175.0,0.7127302402822027
embedding_hidden_4,test,176.0,0.7126069979899115
embedding_hidden_4,test,177.0,0.7124848001435159
embedding_hidden_4,test,178.0,0.7123627635100201
embedding_hidden_4,test,179.0,0.7122417425111826
embedding_hidden_4,test,180.0,0.7121215429071809
embedding_hidden_4,test,181.0,0.7120014219471501
embedding_hidden_4,test,182.0,0.7118816373339377
embedding_hidden_4,test,183.0,0.7117626929459082
embedding_hidden_4,test,184.0,0.7116443718023064
embedding_hidden_4,test,185.0,0.7115268052356014
embedding_hidden_4,test,186.0,0.7114106863276144
embedding_hidden_4,test,187.0,0.7112935276397592
embedding_hidden_4,test,188.0,0.7111777324535716
embedding_hidden_4,test,189.0,0.7110633870028961
embedding_hidden_4,test,190.0,0.7109488762863723
embedding_hidden_4,test,191.0,0.7108351471755641
embedding_hidden_4,test,192.0,0.7107221338376213
embedding_hidden_4,test,193.0,0.710610017764829
embedding_hidden_4,test,194.0,0.7104983634557218
embedding_hidden_4,test,195.0,0.7103873406779895
embedding_hidden_4,test,196.0,0.7102773722014797
embedding_hidden_4,test,197.0,0.7101668123302382
embedding_hidden_4,test,198.0,0.7100574667848718
embedding_hidden_4,test,199.0,0.709948152154173
embedding_hidden_4,test,200.0,0.7098403895455336
embedding_hidden_8,train,1.0,0.7624474802021393
embedding_hidden_8,train,2.0,0.7617185409383656
embedding_hidden_8,train,3.0,0.7609956261546984
embedding_hidden_8,train,4.0,0.7602781480352345
embedding_hidden_8,train,5.0,0.7595658683594035
embedding_hidden_8,train,6.0,0.7588585895654842
embedding_hidden_8,train,7.0,0.7581564728498027
embedding_hidden_8,train,8.0,0.7574593809403931
embedding_hidden_8,train,9.0,0.7567687757658386
embedding_hidden_8,train,10.0,0.7560834976500972
embedding_hidden_8,train,11.0,0.7554026329553268
embedding_hidden_8,train,12.0,0.7547264180877249
embedding_hidden_8,train,13.0,0.7540561759867999
embedding_hidden_8,train,14.0,0.753392091927218
embedding_hidden_8,train,15.0,0.7527331757459157
embedding_hidden_8,train,16.0,0.7520777820954525
embedding_hidden_8,train,17.0,0.7514276300971647
embedding_hidden_8,train,18.0,0.7507823353464953
embedding_hidden_8,train,19.0,0.7501419993068313
embedding_hidden_8,train,20.0,0.7495063887572571
embedding_hidden_8,train,21.0,0.7488753388630904
embedding_hidden_8,train,22.0,0.7482487546293309
embedding_hidden_8,train,23.0,0.7476263707928537
embedding_hidden_8,train,24.0,0.7470102956599125
embedding_hidden_8,train,25.0,0.7463997898680632
embedding_hidden_8,train,26.0,0.7457940797598087
embedding_hidden_8,train,27.0,0.7451927201281989
embedding_hidden_8,train,28.0,0.744594891345586
embedding_hidden_8,train,29.0,0.7440011162030835
embedding_hidden_8,train,30.0,0.7434113390797957
embedding_hidden_8,train,31.0,0.742825605609893
embedding_hidden_8,train,32.0,0.7422441066578593
embedding_hidden_8,train,33.0,0.7416657902024517
embedding_hidden_8,train,34.0,0.7410915582530008
embedding_hidden_8,train,35.0,0.7405210533708438
embedding_hidden_8,train,36.0,0.7399546166308881
embedding_hidden_8,train,37.0,0.7393917207732804
embedding_hidden_8,train,38.0,0.738833234877905
embedding_hidden_8,train,39.0,0.7382795128780627
embedding_hidden_8,train,40.0,0.7377295274457062
embedding_hidden_8,train,41.0,0.7371830611106559
embedding_hidden_8,train,42.0,0.7366395786531116
embedding_hidden_8,train,43.0,0.7361004812710912
embedding_hidden_8,train,44.0,0.735565347362471
embedding_hidden_8,train,45.0,0.735034116112321
embedding_hidden_8,train,46.0,0.7345070434608961
embedding_hidden_8,train,47.0,0.7339839999075572
embedding_hidden_8,train,48.0,0.7334646058216402
embedding_hidden_8,train,49.0,0.7329493536359564
embedding_hidden_8,train,50.0,0.7324381862193615
embedding_hidden_8,train,51.0,0.7319304187844732
embedding_hidden_8,train,52.0,0.7314256259259411
embedding_hidden_8,train,53.0,0.7309243453794769
embedding_hidden_8,train,54.0,0.7304278240074829
embedding_hidden_8,train,55.0,0.7299347697510845
embedding_hidden_8,train,56.0,0.7294456653116462
embedding_hidden_8,train,57.0,0.7289592656614186
embedding_hidden_8,train,58.0,0.7284754533775624
embedding_hidden_8,train,59.0,0.7279942924682603
embedding_hidden_8,train,60.0,0.7275170695183946
embedding_hidden_8,train,61.0,0.7270433821912335
embedding_hidden_8,train,62.0,0.7265727876585842
embedding_hidden_8,train,63.0,0.7261054150247447
embedding_hidden_8,train,64.0,0.7256419141754973
embedding_hidden_8,train,65.0,0.7251816419337962
embedding_hidden_8,train,66.0,0.7247247917485888
embedding_hidden_8,train,67.0,0.724271574398961
embedding_hidden_8,train,68.0,0.7238219290959637
embedding_hidden_8,train,69.0,0.7233759771840664
embedding_hidden_8,train,70.0,0.7229341291073191
embedding_hidden_8,train,71.0,0.72249601702373
embedding_hidden_8,train,72.0,0.7220610380603236
embedding_hidden_8,train,73.0,0.7216289158044757
embedding_hidden_8,train,74.0,0.7211992322343509
embedding_hidden_8,train,75.0,0.7207723076706203
embedding_hidden_8,train,76.0,0.7203480983188455
embedding_hidden_8,train,77.0,0.7199266890742699
embedding_hidden_8,train,78.0,0.7195081121187433
embedding_hidden_8,train,79.0,0.7190922209190896
embedding_hidden_8,train,80.0,0.7186790932029214
embedding_hidden_8,train,81.0,0.7182686844066761
embedding_hidden_8,train,82.0,0.7178606610930607
embedding_hidden_8,train,83.0,0.7174550697272263
embedding_hidden_8,train,84.0,0.7170517001910943
embedding_hidden_8,train,85.0,0.7166511857597293
embedding_hidden_8,train,86.0,0.7162532522805911
embedding_hidden_8,train,87.0,0.715858186871015
embedding_hidden_8,train,88.0,0.7154656177776467
embedding_hidden_8,train,89.0,0.715075759099614
embedding_hidden_8,train,90.0,0.714688586394698
embedding_hidden_8,train,91.0,0.7143044040432294
embedding_hidden_8,train,92.0,0.7139225176690933
embedding_hidden_8,train,93.0,0.7135428904003334
embedding_hidden_8,train,94.0,0.7131658740075333
embedding_hidden_8,train,95.0,0.7127913444057882
embedding_hidden_8,train,96.0,0.7124186085470952
embedding_hidden_8,train,97.0,0.7120478966353317
embedding_hidden_8,train,98.0,0.7116794053097786
embedding_hidden_8,train,99.0,0.7113129558086224
embedding_hidden_8,train,100.0,0.7109481534771586
embedding_hidden_8,train,101.0,0.7105853284062815
embedding_hidden_8,train,102.0,0.7102245386315383
embedding_hidden_8,train,103.0,0.7098656123752105
embedding_hidden_8,train,104.0,0.7095092194563649
embedding_hidden_8,train,105.0,0.7091548154696534
embedding_hidden_8,train,106.0,0.7088022254221208
embedding_hidden_8,train,107.0,0.7084516569905833
embedding_hidden_8,train,108.0,0.7081026835005986
embedding_hidden_8,train,109.0,0.7077549315175322
embedding_hidden_8,train,110.0,0.7074092505001308
embedding_hidden_8,train,111.0,0.7070658058847336
embedding_hidden_8,train,112.0,0.7067247886614474
embedding_hidden_8,train,113.0,0.7063858809416135
embedding_hidden_8,train,114.0,0.7060487610107595
embedding_hidden_8,train,115.0,0.7057137292449758
embedding_hidden_8,train,116.0,0.7053806091006027
embedding_hidden_8,train,117.0,0.7050494124995754
embedding_hidden_8,train,118.0,0.704720003124706
embedding_hidden_8,train,119.0,0.7043925635592354
embedding_hidden_8,train,120.0,0.7040669159778048
embedding_hidden_8,train,121.0,0.7037427454619494
embedding_hidden_8,train,122.0,0.7034199357821128
embedding_hidden_8,train,123.0,0.7030987215816474
embedding_hidden_8,train,124.0,0.7027792662510194
embedding_hidden_8,train,125.0,0.7024614868342536
embedding_hidden_8,train,126.0,0.7021451146090368
embedding_hidden_8,train,127.0,0.7018303011170465
embedding_hidden_8,train,128.0,0.7015172169723205
embedding_hidden_8,train,129.0,0.7012056087313003
embedding_hidden_8,train,130.0,0.7008957035708008
embedding_hidden_8,train,131.0,0.7005875909185689
embedding_hidden_8,train,132.0,0.7002809815643992
embedding_hidden_8,train,133.0,0.6999759322558766
embedding_hidden_8,train,134.0,0.6996718856034263
embedding_hidden_8,train,135.0,0.6993691910170252
embedding_hidden_8,train,136.0,0.6990683306796128
embedding_hidden_8,train,137.0,0.6987688934295443
embedding_hidden_8,train,138.0,0.6984708578172515
embedding_hidden_8,train,139.0,0.6981737176504461
embedding_hidden_8,train,140.0,0.6978781036048166
embedding_hidden_8,train,141.0,0.6975840834418972
embedding_hidden_8,train,142.0,0.6972916915408744
embedding_hidden_8,train,143.0,0.6970008341664722
embedding_hidden_8,train,144.0,0.6967108814297551
embedding_hidden_8,train,145.0,0.69642214045276
embedding_hidden_8,train,146.0,0.6961350564002002
embedding_hidden_8,train,147.0,0.6958492684343771
embedding_hidden_8,train,148.0,0.6955649220054341
embedding_hidden_8,train,149.0,0.695281893308721
embedding_hidden_8,train,150.0,0.6949999869265865
embedding_hidden_8,train,151.0,0.6947193307042756
embedding_hidden_8,train,152.0,0.6944395908177885
embedding_hidden_8,train,153.0,0.6941608309694979
embedding_hidden_8,train,154.0,0.6938837994131613
embedding_hidden_8,train,155.0,0.6936078972381299
embedding_hidden_8,train,156.0,0.6933332740774178
embedding_hidden_8,train,157.0,0.6930599851108943
embedding_hidden_8,train,158.0,0.6927881466567192
embedding_hidden_8,train,159.0,0.6925174877312941
embedding_hidden_8,train,160.0,0.6922477614904544
embedding_hidden_8,train,161.0,0.6919791479591272
embedding_hidden_8,train,162.0,0.6917117473697443
embedding_hidden_8,train,163.0,0.6914453931853745
embedding_hidden_8,train,164.0,0.691180070773336
embedding_hidden_8,train,165.0,0.6909160608430531
embedding_hidden_8,train,166.0,0.6906531934103776
embedding_hidden_8,train,167.0,0.6903918207687001
embedding_hidden_8,train,168.0,0.6901314285842481
embedding_hidden_8,train,169.0,0.6898724005609596
embedding_hidden_8,train,170.0,0.6896143310134837
embedding_hidden_8,train,171.0,0.6893571393392022
embedding_hidden_8,train,172.0,0.6891005072301949
embedding_hidden_8,train,173.0,0.688844843505664
embedding_hidden_8,train,174.0,0.6885902023218906
embedding_hidden_8,train,175.0,0.6883365500474706
embedding_hidden_8,train,176.0,0.6880837921434877
embedding_hidden_8,train,177.0,0.6878322698668021
embedding_hidden_8,train,178.0,0.6875820791475545
embedding_hidden_8,train,179.0,0.6873329957776873
embedding_hidden_8,train,180.0,0.6870852099346128
embedding_hidden_8,train,181.0,0.686838553683459
embedding_hidden_8,train,182.0,0.6865929015987999
embedding_hidden_8,train,183.0,0.6863481633702845
embedding_hidden_8,train,184.0,0.6861045009684524
embedding_hidden_8,train,185.0,0.68586164558741
embedding_hidden_8,train,186.0,0.685619925020083
embedding_hidden_8,train,187.0,0.6853790512356093
embedding_hidden_8,train,188.0,0.6851389865466582
embedding_hidden_8,train,189.0,0.6848997369846583
embedding_hidden_8,train,190.0,0.6846613909442516
embedding_hidden_8,train,191.0,0.6844238166351827
embedding_hidden_8,train,192.0,0.6841873169807038
embedding_hidden_8,train,193.0,0.6839518813538905
embedding_hidden_8,train,194.0,0.6837176008280841
embedding_hidden_8,train,195.0,0.6834845060087258
embedding_hidden_8,train,196.0,0.6832523019993643
embedding_hidden_8,train,197.0,0.6830208823060953
embedding_hidden_8,train,198.0,0.6827901357022821
embedding_hidden_8,train,199.0,0.6825603117641011
embedding_hidden_8,train,200.0,0.6823314653383699
embedding_hidden_8,test,1.0,0.7616725256122366
embedding_hidden_8,test,2.0,0.7611254436103724
embedding_hidden_8,test,3.0,0.7605818004811179
embedding_hidden_8,test,4.0,0.7600438605430107
embedding_hidden_8,test,5.0,0.7595101046726549
embedding_hidden_8,test,6.0,0.7589817167998204
embedding_hidden_8,test,7.0,0.7584575925566054
embedding_hidden_8,test,8.0,0.7579376527744992
embedding_hidden_8,test,9.0,0.757422455707681
embedding_hidden_8,test,10.0,0.7569125002952932
embedding_hidden_8,test,11.0,0.7564086481442899
embedding_hidden_8,test,12.0,0.7559092716761671
embedding_hidden_8,test,13.0,0.7554149580702229
embedding_hidden_8,test,14.0,0.7549243570089699
embedding_hidden_8,test,15.0,0.7544364033656397
embedding_hidden_8,test,16.0,0.7539536137394935
embedding_hidden_8,test,17.0,0.7534752287636217
embedding_hidden_8,test,18.0,0.7529998967883975
embedding_hidden_8,test,19.0,0.7525297358261808
embedding_hidden_8,test,20.0,0.7520645594519205
embedding_hidden_8,test,21.0,0.7516043863786375
embedding_hidden_8,test,22.0,0.7511475951914022
embedding_hidden_8,test,23.0,0.7506954453257481
embedding_hidden_8,test,24.0,0.7502465949832468
embedding_hidden_8,test,25.0,0.749801550918636
embedding_hidden_8,test,26.0,0.7493597880147224
embedding_hidden_8,test,27.0,0.7489226325543707
embedding_hidden_8,test,28.0,0.7484888270614557
embedding_hidden_8,test,29.0,0.7480582981328501
embedding_hidden_8,test,30.0,0.7476316557626718
embedding_hidden_8,test,31.0,0.7472095644343676
embedding_hidden_8,test,32.0,0.7467903411286165
embedding_hidden_8,test,33.0,0.7463757708241823
embedding_hidden_8,test,34.0,0.7459639705438945
embedding_hidden_8,test,35.0,0.7455565449258772
embedding_hidden_8,test,36.0,0.7451526719864234
embedding_hidden_8,test,37.0,0.7447511597752206
embedding_hidden_8,test,38.0,0.7443528085794305
embedding_hidden_8,test,39.0,0.7439578241318759
embedding_hidden_8,test,40.0,0.743566704502048
embedding_hidden_8,test,41.0,0.7431783814918385
embedding_hidden_8,test,42.0,0.7427936638085569
embedding_hidden_8,test,43.0,0.7424116860092353
embedding_hidden_8,test,44.0,0.7420322447587928
embedding_hidden_8,test,45.0,0.7416562201075589
embedding_hidden_8,test,46.0,0.7412827651725857
embedding_hidden_8,test,47.0,0.7409129422732643
embedding_hidden_8,test,48.0,0.7405469850432339
embedding_hidden_8,test,49.0,0.7401841673774998
embedding_hidden_8,test,50.0,0.7398251265868421
embedding_hidden_8,test,51.0,0.7394709978216314
embedding_hidden_8,test,52.0,0.739119804891682
embedding_hidden_8,test,53.0,0.738772292117688
embedding_hidden_8,test,54.0,0.738426981061062
embedding_hidden_8,test,55.0,0.7380847746940704
embedding_hidden_8,test,56.0,0.7377465804534756
embedding_hidden_8,test,57.0,0.7374105508998849
embedding_hidden_8,test,58.0,0.7370765602452193
embedding_hidden_8,test,59.0,0.7367452139105221
embedding_hidden_8,test,60.0,0.7364161772324793
embedding_hidden_8,test,61.0,0.7360891109312349
embedding_hidden_8,test,62.0,0.7357645517509155
embedding_hidden_8,test,63.0,0.7354426482679888
embedding_hidden_8,test,64.0,0.7351229763779613
embedding_hidden_8,test,65.0,0.7348049513171369
embedding_hidden_8,test,66.0,0.7344889505182165
embedding_hidden_8,test,67.0,0.7341753118401488
embedding_hidden_8,test,68.0,0.7338637499862461
embedding_hidden_8,test,69.0,0.7335554429102116
embedding_hidden_8,test,70.0,0.7332489435926741
embedding_hidden_8,test,71.0,0.7329449207432259
embedding_hidden_8,test,72.0,0.7326427492493149
embedding_hidden_8,test,73.0,0.7323427235502844
embedding_hidden_8,test,74.0,0.7320454561355288
embedding_hidden_8,test,75.0,0.7317500259370875
embedding_hidden_8,test,76.0,0.731457226790019
embedding_hidden_8,test,77.0,0.7311675185480189
embedding_hidden_8,test,78.0,0.7308804166155936
embedding_hidden_8,test,79.0,0.730595518927218
embedding_hidden_8,test,80.0,0.7303128592144233
embedding_hidden_8,test,81.0,0.730032373007385
embedding_hidden_8,test,82.0,0.7297539848864927
embedding_hidden_8,test,83.0,0.7294779598189006
embedding_hidden_8,test,84.0,0.7292030992415112
embedding_hidden_8,test,85.0,0.7289303905851316
embedding_hidden_8,test,86.0,0.7286596478954538
embedding_hidden_8,test,87.0,0.7283908128499911
embedding_hidden_8,test,88.0,0.7281239914571367
embedding_hidden_8,test,89.0,0.7278580736914357
embedding_hidden_8,test,90.0,0.7275935466588279
embedding_hidden_8,test,91.0,0.7273304381281511
embedding_hidden_8,test,92.0,0.7270693240806076
embedding_hidden_8,test,93.0,0.7268102202174949
embedding_hidden_8,test,94.0,0.7265530539488084
embedding_hidden_8,test,95.0,0.7262970690015744
embedding_hidden_8,test,96.0,0.7260423689882453
embedding_hidden_8,test,97.0,0.7257909217030637
embedding_hidden_8,test,98.0,0.7255410023664062
embedding_hidden_8,test,99.0,0.7252927214413736
embedding_hidden_8,test,100.0,0.7250469014625875
embedding_hidden_8,test,101.0,0.7248027037775758
embedding_hidden_8,test,102.0,0.7245603186232753
embedding_hidden_8,test,103.0,0.7243191940855709
embedding_hidden_8,test,104.0,0.7240796947927064
embedding_hidden_8,test,105.0,0.723841894344561
embedding_hidden_8,test,106.0,0.723605888295546
embedding_hidden_8,test,107.0,0.7233706083209197
embedding_hidden_8,test,108.0,0.7231371798821453
embedding_hidden_8,test,109.0,0.7229053891560657
embedding_hidden_8,test,110.0,0.72267558891652
embedding_hidden_8,test,111.0,0.7224473249563313
embedding_hidden_8,test,112.0,0.7222202982120974
embedding_hidden_8,test,113.0,0.7219961563803086
embedding_hidden_8,test,114.0,0.7217735860108484
embedding_hidden_8,test,115.0,0.7215522163000457
embedding_hidden_8,test,116.0,0.7213319545825617
embedding_hidden_8,test,117.0,0.7211131972595524
embedding_hidden_8,test,118.0,0.7208958624326322
embedding_hidden_8,test,119.0,0.7206797509918282
embedding_hidden_8,test,120.0,0.720465032792253
embedding_hidden_8,test,121.0,0.7202514483151579
embedding_hidden_8,test,122.0,0.7200389252533616
embedding_hidden_8,test,123.0,0.7198277438994347
embedding_hidden_8,test,124.0,0.7196180321663104
embedding_hidden_8,test,125.0,0.7194100225715866
embedding_hidden_8,test,126.0,0.719202974957477
embedding_hidden_8,test,127.0,0.7189971977266656
embedding_hidden_8,test,128.0,0.7187930996638646
embedding_hidden_8,test,129.0,0.7185906506771403
embedding_hidden_8,test,130.0,0.7183888352686785
embedding_hidden_8,test,131.0,0.7181877501483208
embedding_hidden_8,test,132.0,0.7179881532238291
embedding_hidden_8,test,133.0,0.7177896460346336
embedding_hidden_8,test,134.0,0.7175919684170904
embedding_hidden_8,test,135.0,0.7173950789567656
embedding_hidden_8,test,136.0,0.7171993390222711
embedding_hidden_8,test,137.0,0.7170045807997406
embedding_hidden_8,test,138.0,0.7168107023524437
embedding_hidden_8,test,139.0,0.716617792272626
embedding_hidden_8,test,140.0,0.71642622826193
embedding_hidden_8,test,141.0,0.7162362585889901
embedding_hidden_8,test,142.0,0.716047530481059
embedding_hidden_8,test,143.0,0.7158595117271054
embedding_hidden_8,test,144.0,0.7156721560002072
embedding_hidden_8,test,145.0,0.7154866063288213
embedding_hidden_8,test,146.0,0.7153018911001231
embedding_hidden_8,test,147.0,0.7151185773237352
embedding_hidden_8,test,148.0,0.714936015946968
embedding_hidden_8,test,149.0,0.7147541333472102
embedding_hidden_8,test,150.0,0.7145739946375655
embedding_hidden_8,test,151.0,0.714394201013439
embedding_hidden_8,test,152.0,0.7142145812952879
embedding_hidden_8,test,153.0,0.7140358704783029
embedding_hidden_8,test,154.0,0.7138579540975187
embedding_hidden_8,test,155.0,0.7136807991879365
embedding_hidden_8,test,156.0,0.7135043154925733
embedding_hidden_8,test,157.0,0.7133293649836804
embedding_hidden_8,test,158.0,0.7131550727032028
embedding_hidden_8,test,159.0,0.7129811361636297
embedding_hidden_8,test,160.0,0.7128077815242304
embedding_hidden_8,test,161.0,0.712635370003116
embedding_hidden_8,test,162.0,0.712464533303319
embedding_hidden_8,test,163.0,0.7122947187982984
embedding_hidden_8,test,164.0,0.712126031054616
embedding_hidden_8,test,165.0,0.7119580505949071
embedding_hidden_8,test,166.0,0.7117908576187226
embedding_hidden_8,test,167.0,0.7116249773193476
embedding_hidden_8,test,168.0,0.7114596332437164
embedding_hidden_8,test,169.0,0.7112953894162498
embedding_hidden_8,test,170.0,0.7111321038290703
embedding_hidden_8,test,171.0,0.710968911445609
embedding_hidden_8,test,172.0,0.7108062666976542
embedding_hidden_8,test,173.0,0.7106440628667761
embedding_hidden_8,test,174.0,0.7104830118259655
embedding_hidden_8,test,175.0,0.7103225298794315
embedding_hidden_8,test,176.0,0.710161907517285
embedding_hidden_8,test,177.0,0.7100022142432344
embedding_hidden_8,test,178.0,0.7098435299516183
embedding_hidden_8,test,179.0,0.7096864678301573
embedding_hidden_8,test,180.0,0.7095295553343378
embedding_hidden_8,test,181.0,0.7093735822624556
embedding_hidden_8,test,182.0,0.7092174079599713
embedding_hidden_8,test,183.0,0.7090628453268434
embedding_hidden_8,test,184.0,0.7089085072235731
embedding_hidden_8,test,185.0,0.7087549753721945
embedding_hidden_8,test,186.0,0.7086020696570703
embedding_hidden_8,test,187.0,0.708449666884342
embedding_hidden_8,test,188.0,0.7082969929439816
embedding_hidden_8,test,189.0,0.7081452831056105
embedding_hidden_8,test,190.0,0.7079934429337891
embedding_hidden_8,test,191.0,0.7078425742848035
embedding_hidden_8,test,192.0,0.7076921217183665
embedding_hidden_8,test,193.0,0.7075428945741731
embedding_hidden_8,test,194.0,0.7073942248233468
embedding_hidden_8,test,195.0,0.7072470872647226
embedding_hidden_8,test,196.0,0.7071005347852377
embedding_hidden_8,test,197.0,0.7069544096836722
embedding_hidden_8,test,198.0,0.7068091388894431
embedding_hidden_8,test,199.0,0.7066642490064917
embedding_hidden_8,test,200.0,0.7065197715644294
