ablation_name,split,epoch,mean_loss
weighted_bce,train,1.0,1.0732556022797843
weighted_bce,train,2.0,1.0702730553315327
weighted_bce,train,3.0,1.0673495781193179
weighted_bce,train,4.0,1.0644840227588626
weighted_bce,train,5.0,1.0616752499327777
weighted_bce,train,6.0,1.0589221296812545
weighted_bce,train,7.0,1.0562235421504282
weighted_bce,train,8.0,1.0535783782976993
weighted_bce,train,9.0,1.050985540553547
weighted_bce,train,10.0,1.0484439434396042
weighted_bce,train,11.0,1.045952514142995
weighted_bce,train,12.0,1.0435101930471546
weighted_bce,train,13.0,1.0411159342195389
weighted_bce,train,14.0,1.03876870585683
weighted_bce,train,15.0,1.0364674906883962
weighted_bce,train,16.0,1.0342112863389201
weighted_bce,train,17.0,1.0319991056512385
weighted_bce,train,18.0,1.0298299769705466
weighted_bce,train,19.0,1.0277029443912196
weighted_bce,train,20.0,1.0256170679675771
weighted_bce,train,21.0,1.0235714238899822
weighted_bce,train,22.0,1.0215651046277157
weighted_bce,train,23.0,1.0195972190400953
weighted_bce,train,24.0,1.0176668924573409
weighted_bce,train,25.0,1.0157732667326846
weighted_bce,train,26.0,1.0139155002672386
weighted_bce,train,27.0,1.012092768009119
weighted_bce,train,28.0,1.0103042614283058
weighted_bce,train,29.0,1.0085491884687088
weighted_bce,train,30.0,1.0068267734788676
weighted_bce,train,31.0,1.0051362571226956
weighted_bce,train,32.0,1.0034768962716307
weighted_bce,train,33.0,1.0018479638795332
weighted_bce,train,34.0,1.000248748841609
weighted_bce,train,35.0,0.9986785558386169
weighted_bce,train,36.0,0.9971367051675596
weighted_bce,train,37.0,0.9956225325600206
weighted_bce,train,38.0,0.9941353889892636
weighted_bce,train,39.0,0.992674640467162
weighted_bce,train,40.0,0.9912396678319917
weighted_bce,train,41.0,0.9898298665280578
weighted_bce,train,42.0,0.9884446463780993
weighted_bce,train,43.0,0.9870834313493615
weighted_bce,train,44.0,0.9857456593141816
weighted_bce,train,45.0,0.9844307818058937
weighted_bce,train,46.0,0.9831382637708181
weighted_bce,train,47.0,0.9818675833170495
weighted_bce,train,48.0,0.9806182314607306
weighted_bce,train,49.0,0.9793897118704429
weighted_bce,train,50.0,0.9781815406103235
weighted_bce,train,51.0,0.9769932458824613
weighted_bce,train,52.0,0.975824367769104
weighted_bce,train,53.0,0.9746744579751626
weighted_bce,train,54.0,0.9735430795714659
weighted_bce,train,55.0,0.9724298067391874
weighted_bce,train,56.0,0.9713342245158307
weighted_bce,train,57.0,0.9702559285431296
weighted_bce,train,58.0,0.9691945248171894
weighted_bce,train,59.0,0.9681496294411659
weighted_bce,train,60.0,0.9671208683807497
weighted_bce,train,61.0,0.9661078772227016
weighted_bce,train,62.0,0.9651103009366542
weighted_bce,train,63.0,0.9641277936403752
weighted_bce,train,64.0,0.9631600183686608
weighted_bce,train,65.0,0.962206646846013
weighted_bce,train,66.0,0.9612673592632259
weighted_bce,train,67.0,0.9603418440579949
weighted_bce,train,68.0,0.9594297976996398
weighted_bce,train,69.0,0.9585309244780191
weighted_bce,train,70.0,0.9576449362966948
weighted_bce,train,71.0,0.9567715524703944
weighted_bce,train,72.0,0.9559104995268056
weighted_bce,train,73.0,0.9550615110127183
weighted_bce,train,74.0,0.954224327304529
weighted_bce,train,75.0,0.9533986954231034
weighted_bce,train,76.0,0.9525843688529847
weighted_bce,train,77.0,0.951781107365931
weighted_bce,train,78.0,0.9509886768487525
weighted_bce,train,79.0,0.9502068491354126
weighted_bce,train,80.0,0.9494354018433535
weighted_bce,train,81.0,0.9486741182139962
weighted_bce,train,82.0,0.9479227869573663
weighted_bce,train,83.0,0.9471812021007846
weighted_bce,train,84.0,0.9464491628415639
weighted_bce,train,85.0,0.9457264734036459
weighted_bce,train,86.0,0.9450129428981129
weighted_bce,train,87.0,0.9443083851874998
weighted_bce,train,88.0,0.9436126187538386
weighted_bce,train,89.0,0.9429254665703585
weighted_bce,train,90.0,0.9422467559767659
weighted_bce,train,91.0,0.9415763185580295
weighted_bce,train,92.0,0.9409139900265899
weighted_bce,train,93.0,0.9402596101079194
weighted_bce,train,94.0,0.939613022429349
weighted_bce,train,95.0,0.9389740744120889
weighted_bce,train,96.0,0.9383426171663602
weighted_bce,train,97.0,0.9377185053895631
weighted_bce,train,98.0,0.9371015972674005
weighted_bce,train,99.0,0.9364917543778837
weighted_bce,train,100.0,0.935888841598142
weighted_bce,train,101.0,0.9352927270139615
weighted_bce,train,102.0,0.9347032818319786
weighted_bce,train,103.0,0.9341203802944567
weighted_bce,train,104.0,0.9335438995965708
weighted_bce,train,105.0,0.9329737198061337
weighted_bce,train,106.0,0.9324097237856899
weighted_bce,train,107.0,0.9318517971169132
weighted_bce,train,108.0,0.9312998280272378
weighted_bce,train,109.0,0.9307537073186604
weighted_bce,train,110.0,0.9302133282986471
weighted_bce,train,111.0,0.9296785867130858
weighted_bce,train,112.0,0.9291493806812186
weighted_bce,train,113.0,0.9286256106324993
weighted_bce,train,114.0,0.9281071792453165
weighted_bce,train,115.0,0.9275939913875229
weighted_bce,train,116.0,0.9270859540587217
weighted_bce,train,117.0,0.92658297633425
weighted_bce,train,118.0,0.9260849693108127
weighted_bce,train,119.0,0.9255918460537123
weighted_bce,train,120.0,0.9251035215456269
weighted_bce,train,121.0,0.9246199126368897
weighted_bce,train,122.0,0.9241409379972199
weighted_bce,train,123.0,0.9236665180688647
weighted_bce,train,124.0,0.9231965750211037
weighted_bce,train,125.0,0.9227310327060781
weighted_bce,train,126.0,0.9222698166158982
weighted_bce,train,127.0,0.9218128538409935
weighted_bce,train,128.0,0.9213600730296652
weighted_bce,train,129.0,0.9209114043488021
weighted_bce,train,130.0,0.9204667794457262
weighted_bce,train,131.0,0.9200261314111294
weighted_bce,train,132.0,0.9195893947430722
weighted_bce,train,133.0,0.9191565053120035
weighted_bce,train,134.0,0.9187274003267785
weighted_bce,train,135.0,0.9183020183016362
weighted_bce,train,136.0,0.917880299024111
weighted_bce,train,137.0,0.9174621835238475
weighted_bce,train,138.0,0.9170476140422898
weighted_bce,train,139.0,0.9166365340032219
weighted_bce,train,140.0,0.9162288879841249
weighted_bce,train,141.0,0.9158246216883361
weighted_bce,train,142.0,0.9154236819179756
weighted_bce,train,143.0,0.915026016547623
weighted_bce,train,144.0,0.9146315744987186
weighted_bce,train,145.0,0.9142403057146662
weighted_bce,train,146.0,0.9138521611366182
weighted_bce,train,147.0,0.913467092679919
weighted_bce,train,148.0,0.91308505321119
weighted_bce,train,149.0,0.9127059965260343
weighted_bce,train,150.0,0.912329877327342
weighted_bce,train,151.0,0.9119566512041803
weighted_bce,train,152.0,0.9115862746112479
weighted_bce,train,153.0,0.9112187048488781
weighted_bce,train,154.0,0.9108539000435751
weighted_bce,train,155.0,0.9104918191290636
weighted_bce,train,156.0,0.9101324218278422
weighted_bce,train,157.0,0.9097756686332193
weighted_bce,train,158.0,0.9094215207918234
weighted_bce,train,159.0,0.9090699402865665
weighted_bce,train,160.0,0.9087208898200553
weighted_bce,train,161.0,0.9083743327984302
weighted_bce,train,162.0,0.9080302333156226
weighted_bce,train,163.0,0.9076885561380192
weighted_bce,train,164.0,0.9073492666895188
weighted_bce,train,165.0,0.9070123310369708
weighted_bce,train,166.0,0.9066777158759871
weighted_bce,train,167.0,0.9063453885171132
weighted_bce,train,168.0,0.9060153168723483
weighted_bce,train,169.0,0.9056874694420081
weighted_bce,train,170.0,0.9053618153019155
weighted_bce,train,171.0,0.9050383240909129
weighted_bce,train,172.0,0.9047169659986878
weighted_bce,train,173.0,0.9043977117538983
weighted_bce,train,174.0,0.9040805326125956
weighted_bce,train,175.0,0.9037654003469318
weighted_bce,train,176.0,0.903452287234145
weighted_bce,train,177.0,0.9031411660458154
weighted_bce,train,178.0,0.9028320100373852
weighted_bce,train,179.0,0.9025247929379308
weighted_bce,train,180.0,0.902219488940187
weighted_bce,train,181.0,0.9019160726908112
weighted_bce,train,182.0,0.9016145192808815
weighted_bce,train,183.0,0.9013148042366257
weighted_bce,train,184.0,0.9010169035103702
weighted_bce,train,185.0,0.9007207934717064
weighted_bce,train,186.0,0.9004264508988676
weighted_bce,train,187.0,0.9001338529703105
weighted_bce,train,188.0,0.8998429772564943
weighted_bce,train,189.0,0.8995538017118566
weighted_bce,train,190.0,0.8992663046669757
weighted_bce,train,191.0,0.898980464820917
weighted_bce,train,192.0,0.8986962612337589
weighted_bce,train,193.0,0.8984136733192921
weighted_bce,train,194.0,0.8981326808378887
weighted_bce,train,195.0,0.8978532638895361
weighted_bce,train,196.0,0.8975754029070322
weighted_bce,train,197.0,0.8972990786493351
weighted_bce,train,198.0,0.8970242721950694
weighted_bce,train,199.0,0.896750964936176
weighted_bce,train,200.0,0.8964791385717101
weighted_bce,test,1.0,1.0726065888111755
weighted_bce,test,2.0,1.0704587159005907
weighted_bce,test,3.0,1.0683592662615102
weighted_bce,test,4.0,1.0663072012656027
weighted_bce,test,5.0,1.064301493502633
weighted_bce,test,6.0,1.0623411274073584
weighted_bce,test,7.0,1.0604250998415528
weighted_bce,test,8.0,1.0585524206312162
weighted_bce,test,9.0,1.0567221130592546
weighted_bce,test,10.0,1.0549332143141072
weighted_bce,test,11.0,1.0531847758949984
weighted_bce,test,12.0,1.0514758639746538
weighted_bce,test,13.0,1.049805559720475
weighted_bce,test,14.0,1.0481729595753113
weighted_bce,test,15.0,1.046577175499075
weighted_bce,test,16.0,1.0450173351725551
weighted_bce,test,17.0,1.0434925821648704
weighted_bce,test,18.0,1.0420020760660633
weighted_bce,test,19.0,1.0405449925863997
weighted_bce,test,20.0,1.0391205236239687
weighted_bce,test,21.0,1.0377278773022134
weighted_bce,test,22.0,1.0363662779790217
weighted_bce,test,23.0,1.0350349662290275
weighted_bce,test,24.0,1.0337331988007405
weighted_bce,test,25.0,1.0324602485501382
weighted_bce,test,26.0,1.0312154043522896
weighted_bce,test,27.0,1.0299979709925888
weighted_bce,test,28.0,1.0288072690391081
weighted_bce,test,29.0,1.027642634697556
weighted_bce,test,30.0,1.0265034196502743
weighted_bce,test,31.0,1.0253889908806573
weighted_bce,test,32.0,1.0242987304843278
weighted_bce,test,33.0,1.0232320354683526
weighted_bce,test,34.0,1.0221883175397166
weighted_bce,test,35.0,1.0211670028842312
weighted_bce,test,36.0,1.020167531936989
weighted_bce,test,37.0,1.0191893591454206
weighted_bce,test,38.0,1.0182319527259605
weighted_bce,test,39.0,1.0172947944152644
weighted_bce,test,40.0,1.0163773792168755
weighted_bce,test,41.0,1.0154792151441816
weighted_bce,test,42.0,1.0145998229604434
weighted_bce,test,43.0,1.0137387359166448
weighted_bce,test,44.0,1.0128954994878436
weighted_bce,test,45.0,1.0120696711086716
weighted_bce,test,46.0,1.011260819908577
weighted_bce,test,47.0,1.0104685264473623
weighted_bce,test,48.0,1.0096923824515254
weighted_bce,test,49.0,1.0089319905518768
weighted_bce,test,50.0,1.008186964022857
weighted_bce,test,51.0,1.007456926523953
weighted_bce,test,52.0,1.0067415118435643
weighted_bce,test,53.0,1.006040363645647
weighted_bce,test,54.0,1.005353135219424
weighted_bce,test,55.0,1.0046794892324236
weighted_bce,test,56.0,1.0040190974870773
weighted_bce,test,57.0,1.0033716406810824
weighted_bce,test,58.0,1.0027368081717076
weighted_bce,test,59.0,1.0021142977442015
weighted_bce,test,60.0,1.0015038153844262
weighted_bce,test,61.0,1.0009050750558437
weighted_bce,test,62.0,1.000317798480931
weighted_bce,test,63.0,0.999741714927111
weighted_bce,test,64.0,0.9991765609972478
weighted_bce,test,65.0,0.9986220804247529
weighted_bce,test,66.0,0.9980780238733269
weighted_bce,test,67.0,0.9975441487413518
weighted_bce,test,68.0,0.997020218970935
weighted_bce,test,69.0,0.9965060048615941
weighted_bce,test,70.0,0.996001282888567
weighted_bce,test,71.0,0.9955058355257134
weighted_bce,test,72.0,0.9950194510729726
weighted_bce,test,73.0,0.9945419234883366
weighted_bce,test,74.0,0.9940730522242781
weighted_bce,test,75.0,0.9936126420685868
weighted_bce,test,76.0,0.9931605029895436
weighted_bce,test,77.0,0.9927164499853687
weighted_bce,test,78.0,0.9922803029378722
weighted_bce,test,79.0,0.9918518864702321
weighted_bce,test,80.0,0.9914310298088223
weighted_bce,test,81.0,0.9910175666490098
weighted_bce,test,82.0,0.9906113350248411
weighted_bce,test,83.0,0.9902121771825311
weighted_bce,test,84.0,0.9898199394576725
weighted_bce,test,85.0,0.9894344721560777
weighted_bce,test,86.0,0.9890556294381685
weighted_bce,test,87.0,0.9886832692068257
weighted_bce,test,88.0,0.9883172529986124
weighted_bce,test,89.0,0.9879574458782845
weighted_bce,test,90.0,0.9876037163365025
weighted_bce,test,91.0,0.9872559361906592
weighted_bce,test,92.0,0.9869139804887386
weighted_bce,test,93.0,0.9865777274161196
weighted_bce,test,94.0,0.9862470582052485
weighted_bce,test,95.0,0.9859218570480905
weighted_bce,test,96.0,0.9856020110112869
weighted_bce,test,97.0,0.9852874099539337
weighted_bce,test,98.0,0.9849779464479079
weighted_bce,test,99.0,0.9846735157006646
weighted_bce,test,100.0,0.984374015480429
weighted_bce,test,101.0,0.9840793460437117
weighted_bce,test,102.0,0.983789410065077
weighted_bce,test,103.0,0.9835041125690926
weighted_bce,test,104.0,0.9832233608643943
weighted_bce,test,105.0,0.9829470644797993
weighted_bce,test,106.0,0.9826751351024032
weighted_bce,test,107.0,0.9824074865175977
weighted_bce,test,108.0,0.9821440345509493
weighted_bce,test,109.0,0.9818846970118786
weighted_bce,test,110.0,0.98162939363908
weighted_bce,test,111.0,0.981378046047632
weighted_bce,test,112.0,0.9811305776777359
weighted_bce,test,113.0,0.9808869137450369
weighted_bce,test,114.0,0.98064698119247
weighted_bce,test,115.0,0.9804107086435863
weighted_bce,test,116.0,0.9801780263573086
weighted_bce,test,117.0,0.9799488661840693
weighted_bce,test,118.0,0.9797231615232871
weighted_bce,test,119.0,0.9795008472821367
weighted_bce,test,120.0,0.9792818598355705
weighted_bce,test,121.0,0.979066136987551
weighted_bce,test,122.0,0.9788536179334514
weighted_bce,test,123.0,0.9786442432235916
weighted_bce,test,124.0,0.9784379547278667
weighted_bce,test,125.0,0.9782346956014344
weighted_bce,test,126.0,0.9780344102514278
weighted_bce,test,127.0,0.9778370443046558
weighted_bce,test,128.0,0.9776425445762659
weighted_bce,test,129.0,0.9774508590393273
weighted_bce,test,130.0,0.9772619367953157
weighted_bce,test,131.0,0.9770757280454614
weighted_bce,test,132.0,0.976892184062937
weighted_bce,test,133.0,0.9767112571658556
weighted_bce,test,134.0,0.9765329006910545
weighted_bce,test,135.0,0.976357068968636
weighted_bce,test,136.0,0.976183717297246
weighted_bce,test,137.0,0.9760128019200582
weighted_bce,test,138.0,0.9758442800014517
weighted_bce,test,139.0,0.9756781096043496
weighted_bce,test,140.0,0.9755142496682032
weighted_bce,test,141.0,0.9753526599875997
weighted_bce,test,142.0,0.9751933011914737
weighted_bce,test,143.0,0.9750361347229012
weighted_bce,test,144.0,0.9748811228194605
weighted_bce,test,145.0,0.9747282284941402
weighted_bce,test,146.0,0.9745774155167778
weighted_bce,test,147.0,0.9744286483960103
weighted_bce,test,148.0,0.9742818923617247
weighted_bce,test,149.0,0.9741371133479862
weighted_bce,test,150.0,0.9739942779764386
weighted_bce,test,151.0,0.9738533535401503
weighted_bce,test,152.0,0.9737143079879038
weighted_bce,test,153.0,0.9735771099089068
weighted_bce,test,154.0,0.9734417285179147
weighted_bce,test,155.0,0.9733081336407533
weighted_bce,test,156.0,0.973176295700226
weighted_bce,test,157.0,0.9730461857023979
weighted_bce,test,158.0,0.9729177752232407
weighted_bce,test,159.0,0.9727910363956325
weighted_bce,test,160.0,0.9726659418966962
weighted_bce,test,161.0,0.972542464935473
weighted_bce,test,162.0,0.9724205792409133
weighted_bce,test,163.0,0.9723002590501831
weighted_bce,test,164.0,0.9721814790972696
weighted_bce,test,165.0,0.9720642146018831
weighted_bce,test,166.0,0.9719484412586421
weighted_bce,test,167.0,0.9718341352265366
weighted_bce,test,168.0,0.9717212731186569
weighted_bce,test,169.0,0.9716098319921873
weighted_bce,test,170.0,0.9714997893386481
weighted_bce,test,171.0,0.9713911230743879
weighted_bce,test,172.0,0.9712838115313105
weighted_bce,test,173.0,0.9711778334478366
weighted_bce,test,174.0,0.9710731679600885
weighted_bce,test,175.0,0.9709697945932959
weighted_bce,test,176.0,0.970867693253411
weighted_bce,test,177.0,0.9707668442189344
weighted_bce,test,178.0,0.9706672281329365
weighted_bce,test,179.0,0.9705688259952788
weighted_bce,test,180.0,0.9704716191550228
weighted_bce,test,181.0,0.9703755893030224
weighted_bce,test,182.0,0.9702807184646967
weighted_bce,test,183.0,0.9701869889929778
weighted_bce,test,184.0,0.9700943835614264
weighted_bce,test,185.0,0.9700028851575133
weighted_bce,test,186.0,0.9699124770760615
weighted_bce,test,187.0,0.9698231429128438
weighted_bce,test,188.0,0.9697348665583316
weighted_bce,test,189.0,0.969647632191594
weighted_bce,test,190.0,0.9695614242743371
weighted_bce,test,191.0,0.9694762275450858
weighted_bce,test,192.0,0.969392027013501
weighted_bce,test,193.0,0.9693088079548293
weighted_bce,test,194.0,0.9692265559044809
weighted_bce,test,195.0,0.9691452566527362
weighted_bce,test,196.0,0.9690648962395695
weighted_bce,test,197.0,0.9689854609495979
weighted_bce,test,198.0,0.9689069373071414
weighted_bce,test,199.0,0.9688293120713988
weighted_bce,test,200.0,0.9687525722317328
ad_embedding,train,1.0,0.797378191396392
ad_embedding,train,2.0,0.79584229833007
ad_embedding,train,3.0,0.7943289871559633
ad_embedding,train,4.0,0.7928379265260757
ad_embedding,train,5.0,0.791368787127604
ad_embedding,train,6.0,0.7899212418005719
ad_embedding,train,7.0,0.7884949656508484
ad_embedding,train,8.0,0.7870896361584752
ad_embedding,train,9.0,0.7857049332812444
ad_embedding,train,10.0,0.7843405395534772
ad_embedding,train,11.0,0.7829961401799712
ad_embedding,train,12.0,0.7816714231250941
ad_embedding,train,13.0,0.7803660791970146
ad_embedding,train,14.0,0.7790798021270777
ad_embedding,train,15.0,0.7778122886443355
ad_embedding,train,16.0,0.7765632385452652
ad_embedding,train,17.0,0.775332354758709
ad_embedding,train,18.0,0.7741193434060872
ad_embedding,train,19.0,0.7729239138569413
ad_embedding,train,20.0,0.7717457787798747
ad_embedding,train,21.0,0.7705846541889698
ad_embedding,train,22.0,0.769440259485761
ad_embedding,train,23.0,0.7683123174968598
ad_embedding,train,24.0,0.7672005545073279
ad_embedding,train,25.0,0.7661047002899017
ad_embedding,train,26.0,0.76502448813018
ad_embedding,train,27.0,0.7639596548478859
ad_embedding,train,28.0,0.7629099408143254
ad_embedding,train,29.0,0.7618750899661599
ad_embedding,train,30.0,0.7608548498156209
ad_embedding,train,31.0,0.7598489714572907
ad_embedding,train,32.0,0.7588572095715812
ad_embedding,train,33.0,0.7578793224250384
ad_embedding,train,34.0,0.7569150718676033
ad_embedding,train,35.0,0.7559642233269624
ad_embedding,train,36.0,0.7550265458001167
ad_embedding,train,37.0,0.7541018118423007
ad_embedding,train,38.0,0.7531897975533809
ad_embedding,train,39.0,0.7522902825618619
ad_embedding,train,40.0,0.7514030500066273
ad_embedding,train,41.0,0.7505278865165401
ad_embedding,train,42.0,0.7496645821880257
ad_embedding,train,43.0,0.7488129305607578
ad_embedding,train,44.0,0.7479727285915658
ad_embedding,train,45.0,0.747143776626678
ad_embedding,train,46.0,0.7463258783724146
ad_embedding,train,47.0,0.7455188408644382
ad_embedding,train,48.0,0.7447224744356693
ad_embedding,train,49.0,0.7439365926829697
ad_embedding,train,50.0,0.7431610124326926
ad_embedding,train,51.0,0.7423955537051983
ad_embedding,train,52.0,0.7416400396784241
ad_embedding,train,53.0,0.7408942966506038
ad_embedding,train,54.0,0.7401581540022182
ad_embedding,train,55.0,0.7394314441572607
ad_embedding,train,56.0,0.738714002543899
ad_embedding,train,57.0,0.7380056675546067
ad_embedding,train,58.0,0.7373062805058377
ad_embedding,train,59.0,0.7366156855973137
ad_embedding,train,60.0,0.7359337298709903
ad_embedding,train,61.0,0.7352602631697625
ad_embedding,train,62.0,0.7345951380959728
ad_embedding,train,63.0,0.7339382099697755
ad_embedding,train,64.0,0.7332893367874112
ad_embedding,train,65.0,0.7326483791794421
ad_embedding,train,66.0,0.7320152003689979
ad_embedding,train,67.0,0.7313896661300723
ad_embedding,train,68.0,0.7307716447459174
ad_embedding,train,69.0,0.7301610069675727
ad_embedding,train,70.0,0.729557625972566
ad_embedding,train,71.0,0.7289613773238219
ad_embedding,train,72.0,0.7283721389288086
ad_embedding,train,73.0,0.7277897909989547
ad_embedding,train,74.0,0.7272142160093623
ad_embedding,train,75.0,0.7266452986588433
ad_embedding,train,76.0,0.7260829258303019
ad_embedding,train,77.0,0.7255269865514852
ad_embedding,train,78.0,0.7249773719561227
ad_embedding,train,79.0,0.7244339752454717
ad_embedding,train,80.0,0.7238966916502865
ad_embedding,train,81.0,0.723365418393225
ad_embedding,train,82.0,0.7228400546517074
ad_embedding,train,83.0,0.722320501521239
ad_embedding,train,84.0,0.7218066619792063
ad_embedding,train,85.0,0.7212984408491584
ad_embedding,train,86.0,0.7207957447655788
ad_embedding,train,87.0,0.7202984821391579
ad_embedding,train,88.0,0.719806563122569
ad_embedding,train,89.0,0.7193198995767555
ad_embedding,train,90.0,0.7188384050377307
ad_embedding,train,91.0,0.7183619946838962
ad_embedding,train,92.0,0.7178905853038774
ad_embedding,train,93.0,0.7174240952648814
ad_embedding,train,94.0,0.7169624444815745
ad_embedding,train,95.0,0.7165055543854819
ad_embedding,train,96.0,0.7160533478949068
ad_embedding,train,97.0,0.7156057493853696
ad_embedding,train,98.0,0.7151626846605634
ad_embedding,train,99.0,0.7147240809238247
ad_embedding,train,100.0,0.7142898667501151
ad_embedding,train,101.0,0.7138599720585136
ad_embedding,train,102.0,0.713434328085211
ad_embedding,train,103.0,0.7130128673570068
ad_embedding,train,104.0,0.7125955236653017
ad_embedding,train,105.0,0.7121822320405811
ad_embedding,train,106.0,0.7117729287273861
ad_embedding,train,107.0,0.711367551159763
ad_embedding,train,108.0,0.7109660379371919
ad_embedding,train,109.0,0.7105683288009811
ad_embedding,train,110.0,0.7101743646111276
ad_embedding,train,111.0,0.7097840873236342
ad_embedding,train,112.0,0.7093974399682781
ad_embedding,train,113.0,0.7090143666268246
ad_embedding,train,114.0,0.7086348124116781
ad_embedding,train,115.0,0.7082587234449659
ad_embedding,train,116.0,0.707886046838047
ad_embedding,train,117.0,0.7075167306714384
ad_embedding,train,118.0,0.7071507239751539
ad_embedding,train,119.0,0.7067879767094473
ad_embedding,train,120.0,0.706428439745953
ad_embedding,train,121.0,0.7060720648492191
ad_embedding,train,122.0,0.7057188046586225
ad_embedding,train,123.0,0.7053686126706636
ad_embedding,train,124.0,0.7050214432216305
ad_embedding,train,125.0,0.704677251470627
ad_embedding,train,126.0,0.7043359933829579
ad_embedding,train,127.0,0.7039976257138643
ad_embedding,train,128.0,0.7036621059926033
ad_embedding,train,129.0,0.7033293925068632
ad_embedding,train,130.0,0.7029994442875117
ad_embedding,train,131.0,0.7026722210936653
ad_embedding,train,132.0,0.7023476833980785
ad_embedding,train,133.0,0.7020257923728426
ad_embedding,train,134.0,0.7017065098753907
ad_embedding,train,135.0,0.701389798434801
ad_embedding,train,136.0,0.7010756212383922
ad_embedding,train,137.0,0.7007639421186065
ad_embedding,train,138.0,0.7004547255401724
ad_embedding,train,139.0,0.700147936587543
ad_embedding,train,140.0,0.6998435409526025
ad_embedding,train,141.0,0.6995415049226368
ad_embedding,train,142.0,0.6992417953685616
ad_embedding,train,143.0,0.6989443797334024
ad_embedding,train,144.0,0.6986492260210222
ad_embedding,train,145.0,0.6983563027850893
ad_embedding,train,146.0,0.6980655791182835
ad_embedding,train,147.0,0.6977770246417312
ad_embedding,train,148.0,0.6974906094946681
ad_embedding,train,149.0,0.6972063043243232
ad_embedding,train,150.0,0.6969240802760179
ad_embedding,train,151.0,0.6966439089834784
ad_embedding,train,152.0,0.6963657625593537
ad_embedding,train,153.0,0.6960896135859365
ad_embedding,train,154.0,0.695815435106082
ad_embedding,train,155.0,0.6955432006143207
ad_embedding,train,156.0,0.6952728840481595
ad_embedding,train,157.0,0.695004459779568
ad_embedding,train,158.0,0.6947379026066469
ad_embedding,train,159.0,0.6944731877454712
ad_embedding,train,160.0,0.694210290822108
ad_embedding,train,161.0,0.6939491878648029
ad_embedding,train,162.0,0.6936898552963309
ad_embedding,train,163.0,0.6934322699265096
ad_embedding,train,164.0,0.6931764089448708
ad_embedding,train,165.0,0.6929222499134846
ad_embedding,train,166.0,0.6926697707599363
ad_embedding,train,167.0,0.6924189497704502
ad_embedding,train,168.0,0.6921697655831571
ad_embedding,train,169.0,0.6919221971815034
ad_embedding,train,170.0,0.6916762238877976
ad_embedding,train,171.0,0.6914318253568916
ad_embedding,train,172.0,0.6911889815699939
ad_embedding,train,173.0,0.6909476728286108
ad_embedding,train,174.0,0.6907078797486147
ad_embedding,train,175.0,0.6904695832544334
ad_embedding,train,176.0,0.6902327645733618
ad_embedding,train,177.0,0.6899974052299898
ad_embedding,train,178.0,0.6897634870407447
ad_embedding,train,179.0,0.689530992108548
ad_embedding,train,180.0,0.6892999028175789
ad_embedding,train,181.0,0.6890702018281485
ad_embedding,train,182.0,0.6888418720716757
ad_embedding,train,183.0,0.6886148967457684
ad_embedding,train,184.0,0.6883892593094032
ad_embedding,train,185.0,0.6881649434782042
ad_embedding,train,186.0,0.687941933219817
ad_embedding,train,187.0,0.6877202127493767
ad_embedding,train,188.0,0.6874997665250678
ad_embedding,train,189.0,0.6872805792437736
ad_embedding,train,190.0,0.6870626358368129
ad_embedding,train,191.0,0.6868459214657628
ad_embedding,train,192.0,0.6866304215183651
ad_embedding,train,193.0,0.6864161216045146
ad_embedding,train,194.0,0.6862030075523282
ad_embedding,train,195.0,0.6859910654042911
ad_embedding,train,196.0,0.685780281413481
ad_embedding,train,197.0,0.6855706420398665
ad_embedding,train,198.0,0.6853621339466788
ad_embedding,train,199.0,0.6851547439968557
ad_embedding,train,200.0,0.6849484592495553
ad_embedding,test,1.0,0.8074926756865881
ad_embedding,test,2.0,0.806239015961487
ad_embedding,test,3.0,0.8050053610997463
ad_embedding,test,4.0,0.8037914012217143
ad_embedding,test,5.0,0.8025968289413992
ad_embedding,test,6.0,0.8014213394597742
ad_embedding,test,7.0,0.80026463065327
ad_embedding,test,8.0,0.7991264031574499
ad_embedding,test,9.0,0.7980063604458754
ad_embedding,test,10.0,0.7969042089041819
ad_embedding,test,11.0,0.7958196578993892
ad_embedding,test,12.0,0.7947524198444901
ad_embedding,test,13.0,0.7937022102583615
ad_embedding,test,14.0,0.7926687478210581
ad_embedding,test,15.0,0.7916517544245529
ad_embedding,test,16.0,0.7906509552189994
ad_embedding,test,17.0,0.7896660786545967
ad_embedding,test,18.0,0.7886968565191468
ad_embedding,test,19.0,0.787743023971399
ad_embedding,test,20.0,0.7868043195702815
ad_embedding,test,21.0,0.7858804853001288
ad_embedding,test,22.0,0.7849712665920128
ad_embedding,test,23.0,0.7840764123412958
ad_embedding,test,24.0,0.7831956749215221
ad_embedding,test,25.0,0.782328810194771
ad_embedding,test,26.0,0.7814755775185956
ad_embedding,test,27.0,0.7806357397496732
ad_embedding,test,28.0,0.7798090632442948
ad_embedding,test,29.0,0.7789953178558249
ad_embedding,test,30.0,0.7781942769292571
ad_embedding,test,31.0,0.777405717292999
ad_embedding,test,32.0,0.7766294192480132
ad_embedding,test,33.0,0.7758651665544434
ad_embedding,test,34.0,0.7751127464158545
ad_embedding,test,35.0,0.7743719494612118
ad_embedding,test,36.0,0.7736425697247239
ad_embedding,test,37.0,0.7729244046236732
ad_embedding,test,38.0,0.7722172549343534
ad_embedding,test,39.0,0.7715209247662334
ad_embedding,test,40.0,0.7708352215344619
ad_embedding,test,41.0,0.7701599559308269
ad_embedding,test,42.0,0.7694949418932798
ad_embedding,test,43.0,0.7688399965741298
ad_embedding,test,44.0,0.7681949403070145
ad_embedding,test,45.0,0.7675595965727459
ad_embedding,test,46.0,0.7669337919641277
ad_embedding,test,47.0,0.7663173561498423
ad_embedding,test,48.0,0.7657101218374921
ad_embedding,test,49.0,0.7651119247358853
ad_embedding,test,50.0,0.764522603516651
ad_embedding,test,51.0,0.7639419997752589
ad_embedding,test,52.0,0.763369957991526
ad_embedding,test,53.0,0.7628063254896784
ad_embedding,test,54.0,0.762250952398041
ad_embedding,test,55.0,0.7617036916084213
ad_embedding,test,56.0,0.7611643987352484
ad_embedding,test,57.0,0.7606329320745299
ad_embedding,test,58.0,0.7601091525626813
ad_embedding,test,59.0,0.7595929237352832
ad_embedding,test,60.0,0.7590841116858152
ad_embedding,test,61.0,0.7585825850244167
ad_embedding,test,62.0,0.7580882148367157
ad_embedding,test,63.0,0.757600874642773
ad_embedding,test,64.0,0.7571204403561749
ad_embedding,test,65.0,0.7566467902433177
ad_embedding,test,66.0,0.7561798048829131
ad_embedding,test,67.0,0.7557193671257495
ad_embedding,test,68.0,0.7552653620547372
ad_embedding,test,69.0,0.7548176769452664
ad_embedding,test,70.0,0.7543762012259018
ad_embedding,test,71.0,0.7539408264394385
ad_embedding,test,72.0,0.753511446204338
ad_embedding,test,73.0,0.7530879561765671
ad_embedding,test,74.0,0.7526702540118548
ad_embedding,test,75.0,0.7522582393283839
ad_embedding,test,76.0,0.7518518136699319
ad_embedding,test,77.0,0.7514508804694728
ad_embedding,test,78.0,0.7510553450132547
ad_embedding,test,79.0,0.7506651144053564
ad_embedding,test,80.0,0.7502800975327405
ad_embedding,test,81.0,0.7499002050308022
ad_embedding,test,82.0,0.7495253492494256
ad_embedding,test,83.0,0.74915544421955
ad_embedding,test,84.0,0.7487904056202519
ad_embedding,test,85.0,0.7484301507463449
ad_embedding,test,86.0,0.7480745984764998
ad_embedding,test,87.0,0.7477236692418872
ad_embedding,test,88.0,0.7473772849953427
ad_embedding,test,89.0,0.7470353691810556
ad_embedding,test,90.0,0.7466978467047773
ad_embedding,test,91.0,0.7463646439045533
ad_embedding,test,92.0,0.7460356885219713
ad_embedding,test,93.0,0.7457109096739275
ad_embedding,test,94.0,0.745390237824904
ad_embedding,test,95.0,0.7450736047597585
ad_embedding,test,96.0,0.7447609435570168
ad_embedding,test,97.0,0.74445218856267
ad_embedding,test,98.0,0.744147275364466
ad_embedding,test,99.0,0.7438461407666944
ad_embedding,test,100.0,0.7435487227654579
ad_embedding,test,101.0,0.7432549605244247
ad_embedding,test,102.0,0.7429647943510568
ad_embedding,test,103.0,0.7426781656733069
ad_embedding,test,104.0,0.74239501701678
ad_embedding,test,105.0,0.7421152919823513
ad_embedding,test,106.0,0.7418389352242343
ad_embedding,test,107.0,0.741565892428494
ad_embedding,test,108.0,0.7412961102919973
ad_embedding,test,109.0,0.7410295365017928
ad_embedding,test,110.0,0.7407661197149162
ad_embedding,test,111.0,0.740505809538611
ad_embedding,test,112.0,0.7402485565109603
ad_embedding,test,113.0,0.7399943120819211
ad_embedding,test,114.0,0.7397430285947547
ad_embedding,test,115.0,0.7394946592678462
ad_embedding,test,116.0,0.7392491581769057
ad_embedding,test,117.0,0.7390064802375459
ad_embedding,test,118.0,0.738766581188226
ad_embedding,test,119.0,0.7385294175735586
ad_embedding,test,120.0,0.7382949467279698
ad_embedding,test,121.0,0.7380631267597082
ad_embedding,test,122.0,0.7378339165351935
ad_embedding,test,123.0,0.7376072756636995
ad_embedding,test,124.0,0.7373831644823663
ad_embedding,test,125.0,0.7371615440415308
ad_embedding,test,126.0,0.7369423760903735
ad_embedding,test,127.0,0.7367256230628735
ad_embedding,test,128.0,0.7365112480640638
ad_embedding,test,129.0,0.7362992148565836
ad_embedding,test,130.0,0.7360894878475193
ad_embedding,test,131.0,0.735882032075528
ad_embedding,test,132.0,0.7356768131982407
ad_embedding,test,133.0,0.7354737974799334
ad_embedding,test,134.0,0.7352729517794667
ad_embedding,test,135.0,0.7350742435384844
ad_embedding,test,136.0,0.7348776407698654
ad_embedding,test,137.0,0.734683112046426
ad_embedding,test,138.0,0.734490626489864
ad_embedding,test,139.0,0.7343001537599424
ad_embedding,test,140.0,0.7341116640439044
ad_embedding,test,141.0,0.7339251280461171
ad_embedding,test,142.0,0.7337405169779376
ad_embedding,test,143.0,0.7335578025477967
ad_embedding,test,144.0,0.7333769569514955
ad_embedding,test,145.0,0.7331979528627106
ad_embedding,test,146.0,0.733020763423702
ad_embedding,test,147.0,0.732845362236221
ad_embedding,test,148.0,0.7326717233526112
ad_embedding,test,149.0,0.732499821267102
ad_embedding,test,150.0,0.7323296309072846
ad_embedding,test,151.0,0.7321611276257733
ad_embedding,test,152.0,0.7319942871920413
ad_embedding,test,153.0,0.7318290857844322
ad_embedding,test,154.0,0.7316654999823405
ad_embedding,test,155.0,0.7315035067585572
ad_embedding,test,156.0,0.731343083471779
ad_embedding,test,157.0,0.731184207859274
ad_embedding,test,158.0,0.7310268580297042
ad_embedding,test,159.0,0.7308710124560978
ad_embedding,test,160.0,0.7307166499689705
ad_embedding,test,161.0,0.7305637497495898
ad_embedding,test,162.0,0.7304122913233828
ad_embedding,test,163.0,0.7302622545534803
ad_embedding,test,164.0,0.7301136196343957
ad_embedding,test,165.0,0.7299663670858376
ad_embedding,test,166.0,0.7298204777466494
ad_embedding,test,167.0,0.7296759327688758
ad_embedding,test,168.0,0.7295327136119522
ad_embedding,test,169.0,0.7293908020370143
ad_embedding,test,170.0,0.729250180101326
ad_embedding,test,171.0,0.7291108301528213
ad_embedding,test,172.0,0.7289727348247592
ad_embedding,test,173.0,0.7288358770304884
ad_embedding,test,174.0,0.7287002399583187
ad_embedding,test,175.0,0.7285658070664988
ad_embedding,test,176.0,0.7284325620782953
ad_embedding,test,177.0,0.7283004889771727
ad_embedding,test,178.0,0.7281695720020709
ad_embedding,test,179.0,0.7280397956427794
ad_embedding,test,180.0,0.7279111446354048
ad_embedding,test,181.0,0.7277836039579293
ad_embedding,test,182.0,0.7276571588258598
ad_embedding,test,183.0,0.7275317946879641
ad_embedding,test,184.0,0.7274074972220929
ad_embedding,test,185.0,0.7272842523310848
ad_embedding,test,186.0,0.7271620461387549
ad_embedding,test,187.0,0.7270408649859614
ad_embedding,test,188.0,0.7269206954267522
ad_embedding,test,189.0,0.726801524224587
ad_embedding,test,190.0,0.7266833383486344
ad_embedding,test,191.0,0.7265661249701436
ad_embedding,test,192.0,0.7264498714588858
ad_embedding,test,193.0,0.7263345653796669
ad_embedding,test,194.0,0.7262201944889082
ad_embedding,test,195.0,0.7261067467312945
ad_embedding,test,196.0,0.7259942102364882
ad_embedding,test,197.0,0.7258825733159064
ad_embedding,test,198.0,0.7257718244595615
ad_embedding,test,199.0,0.7256619523329634
ad_embedding,test,200.0,0.7255529457740816
embedding_hidden_16,train,1.0,0.758863153005385
embedding_hidden_16,train,2.0,0.7581363943884677
embedding_hidden_16,train,3.0,0.757414514635687
embedding_hidden_16,train,4.0,0.7566974740115624
embedding_hidden_16,train,5.0,0.7559853836610593
embedding_hidden_16,train,6.0,0.7552784280576244
embedding_hidden_16,train,7.0,0.7545772115715972
embedding_hidden_16,train,8.0,0.75388029551822
embedding_hidden_16,train,9.0,0.7531874491270154
embedding_hidden_16,train,10.0,0.7524991157430825
embedding_hidden_16,train,11.0,0.751815039261906
embedding_hidden_16,train,12.0,0.7511349697824973
embedding_hidden_16,train,13.0,0.7504595114671982
embedding_hidden_16,train,14.0,0.7497879591084455
embedding_hidden_16,train,15.0,0.7491203344091888
embedding_hidden_16,train,16.0,0.7484567999699143
embedding_hidden_16,train,17.0,0.7477980218715282
embedding_hidden_16,train,18.0,0.7471438901480314
embedding_hidden_16,train,19.0,0.7464941289778633
embedding_hidden_16,train,20.0,0.7458487568986112
embedding_hidden_16,train,21.0,0.7452082522828425
embedding_hidden_16,train,22.0,0.7445718243709909
embedding_hidden_16,train,23.0,0.7439397159016218
embedding_hidden_16,train,24.0,0.743311100082652
embedding_hidden_16,train,25.0,0.7426857858959214
embedding_hidden_16,train,26.0,0.7420644939591858
embedding_hidden_16,train,27.0,0.7414471990097137
embedding_hidden_16,train,28.0,0.7408343067495756
embedding_hidden_16,train,29.0,0.7402245774320673
embedding_hidden_16,train,30.0,0.7396181004712041
embedding_hidden_16,train,31.0,0.7390154779177707
embedding_hidden_16,train,32.0,0.7384163093480232
embedding_hidden_16,train,33.0,0.7378208815667586
embedding_hidden_16,train,34.0,0.7372294200900245
embedding_hidden_16,train,35.0,0.7366411912237771
embedding_hidden_16,train,36.0,0.7360566328496683
embedding_hidden_16,train,37.0,0.7354757642717006
embedding_hidden_16,train,38.0,0.7348985776283943
embedding_hidden_16,train,39.0,0.7343249483501072
embedding_hidden_16,train,40.0,0.7337547535025084
embedding_hidden_16,train,41.0,0.7331881757080414
embedding_hidden_16,train,42.0,0.7326251020812331
embedding_hidden_16,train,43.0,0.7320653751241811
embedding_hidden_16,train,44.0,0.7315089611432399
embedding_hidden_16,train,45.0,0.7309556853231902
embedding_hidden_16,train,46.0,0.7304053196102821
embedding_hidden_16,train,47.0,0.7298580847839548
embedding_hidden_16,train,48.0,0.7293142438931013
embedding_hidden_16,train,49.0,0.7287740894007648
embedding_hidden_16,train,50.0,0.7282381714172299
embedding_hidden_16,train,51.0,0.727705704257167
embedding_hidden_16,train,52.0,0.7271765688555083
embedding_hidden_16,train,53.0,0.7266505840831257
embedding_hidden_16,train,54.0,0.7261276851847558
embedding_hidden_16,train,55.0,0.7256079738380552
embedding_hidden_16,train,56.0,0.7250913981472247
embedding_hidden_16,train,57.0,0.7245777439120872
embedding_hidden_16,train,58.0,0.724067385873386
embedding_hidden_16,train,59.0,0.7235601977763856
embedding_hidden_16,train,60.0,0.7230560316854187
embedding_hidden_16,train,61.0,0.7225546003876572
embedding_hidden_16,train,62.0,0.7220557926907408
embedding_hidden_16,train,63.0,0.7215592453112158
embedding_hidden_16,train,64.0,0.7210653425125123
embedding_hidden_16,train,65.0,0.7205741767273911
embedding_hidden_16,train,66.0,0.7200858566250616
embedding_hidden_16,train,67.0,0.7196003454417126
embedding_hidden_16,train,68.0,0.7191173636339219
embedding_hidden_16,train,69.0,0.7186368124086803
embedding_hidden_16,train,70.0,0.7181587115354995
embedding_hidden_16,train,71.0,0.7176832631948811
embedding_hidden_16,train,72.0,0.7172102606737936
embedding_hidden_16,train,73.0,0.7167394456155112
embedding_hidden_16,train,74.0,0.7162713598734295
embedding_hidden_16,train,75.0,0.7158058557247686
embedding_hidden_16,train,76.0,0.7153425960737829
embedding_hidden_16,train,77.0,0.7148817794444523
embedding_hidden_16,train,78.0,0.7144233490270967
embedding_hidden_16,train,79.0,0.7139672566901332
embedding_hidden_16,train,80.0,0.7135134885249972
embedding_hidden_16,train,81.0,0.7130622535703122
embedding_hidden_16,train,82.0,0.7126133407210353
embedding_hidden_16,train,83.0,0.7121664148577154
embedding_hidden_16,train,84.0,0.7117217201333047
embedding_hidden_16,train,85.0,0.711279061154987
embedding_hidden_16,train,86.0,0.7108380921003674
embedding_hidden_16,train,87.0,0.7103994016745704
embedding_hidden_16,train,88.0,0.7099628686007022
embedding_hidden_16,train,89.0,0.7095282295540906
embedding_hidden_16,train,90.0,0.7090957368637858
embedding_hidden_16,train,91.0,0.7086655622227906
embedding_hidden_16,train,92.0,0.708237783046481
embedding_hidden_16,train,93.0,0.7078121194049267
embedding_hidden_16,train,94.0,0.7073884344658941
embedding_hidden_16,train,95.0,0.7069668533416971
embedding_hidden_16,train,96.0,0.706547661296587
embedding_hidden_16,train,97.0,0.7061306350135796
embedding_hidden_16,train,98.0,0.7057157467897033
embedding_hidden_16,train,99.0,0.7053026125327727
embedding_hidden_16,train,100.0,0.7048913153765725
embedding_hidden_16,train,101.0,0.7044821477997859
embedding_hidden_16,train,102.0,0.7040751463827115
embedding_hidden_16,train,103.0,0.7036699814423407
embedding_hidden_16,train,104.0,0.703266822934108
embedding_hidden_16,train,105.0,0.7028657810332217
embedding_hidden_16,train,106.0,0.7024667671419483
embedding_hidden_16,train,107.0,0.7020700381844088
embedding_hidden_16,train,108.0,0.701675436281121
embedding_hidden_16,train,109.0,0.7012827382198467
embedding_hidden_16,train,110.0,0.7008920784223196
embedding_hidden_16,train,111.0,0.7005037408129774
embedding_hidden_16,train,112.0,0.7001174877453054
embedding_hidden_16,train,113.0,0.6997328758837142
embedding_hidden_16,train,114.0,0.6993499888175507
embedding_hidden_16,train,115.0,0.6989689756961047
embedding_hidden_16,train,116.0,0.6985896963918468
embedding_hidden_16,train,117.0,0.6982121647458832
embedding_hidden_16,train,118.0,0.6978365281549607
embedding_hidden_16,train,119.0,0.6974626501799924
embedding_hidden_16,train,120.0,0.6970907500544966
embedding_hidden_16,train,121.0,0.696720429151538
embedding_hidden_16,train,122.0,0.6963515488306492
embedding_hidden_16,train,123.0,0.6959843721342315
embedding_hidden_16,train,124.0,0.6956191900752656
embedding_hidden_16,train,125.0,0.695255872780338
embedding_hidden_16,train,126.0,0.694894257311646
embedding_hidden_16,train,127.0,0.6945345297265757
embedding_hidden_16,train,128.0,0.6941764876655239
embedding_hidden_16,train,129.0,0.6938197651779989
embedding_hidden_16,train,130.0,0.6934645516164875
embedding_hidden_16,train,131.0,0.6931106807575994
embedding_hidden_16,train,132.0,0.692758066154737
embedding_hidden_16,train,133.0,0.6924068640474945
embedding_hidden_16,train,134.0,0.6920574118227554
embedding_hidden_16,train,135.0,0.691709220333667
embedding_hidden_16,train,136.0,0.6913622905088568
embedding_hidden_16,train,137.0,0.6910167129401541
embedding_hidden_16,train,138.0,0.6906729026797509
embedding_hidden_16,train,139.0,0.6903307802172503
embedding_hidden_16,train,140.0,0.6899903144714095
embedding_hidden_16,train,141.0,0.6896513258799478
embedding_hidden_16,train,142.0,0.6893136050063141
embedding_hidden_16,train,143.0,0.688977274751619
embedding_hidden_16,train,144.0,0.6886425538050048
embedding_hidden_16,train,145.0,0.6883093116778627
embedding_hidden_16,train,146.0,0.6879775105205027
embedding_hidden_16,train,147.0,0.6876472874260671
embedding_hidden_16,train,148.0,0.687318361174133
embedding_hidden_16,train,149.0,0.6869909500452581
embedding_hidden_16,train,150.0,0.686664895573067
embedding_hidden_16,train,151.0,0.6863400195059803
embedding_hidden_16,train,152.0,0.6860163594364348
embedding_hidden_16,train,153.0,0.6856940647192233
embedding_hidden_16,train,154.0,0.6853729928234162
embedding_hidden_16,train,155.0,0.6850532435989093
embedding_hidden_16,train,156.0,0.6847347811185694
embedding_hidden_16,train,157.0,0.6844176096451463
embedding_hidden_16,train,158.0,0.6841016747850872
embedding_hidden_16,train,159.0,0.6837870170602087
embedding_hidden_16,train,160.0,0.6834736565065874
embedding_hidden_16,train,161.0,0.6831617021714087
embedding_hidden_16,train,162.0,0.6828511426592752
embedding_hidden_16,train,163.0,0.6825420064355774
embedding_hidden_16,train,164.0,0.682234317438261
embedding_hidden_16,train,165.0,0.6819277187949206
embedding_hidden_16,train,166.0,0.6816223061731701
embedding_hidden_16,train,167.0,0.6813181861901052
embedding_hidden_16,train,168.0,0.6810154476653529
embedding_hidden_16,train,169.0,0.6807140100665166
embedding_hidden_16,train,170.0,0.6804137369671212
embedding_hidden_16,train,171.0,0.6801146064805785
embedding_hidden_16,train,172.0,0.6798167478019892
embedding_hidden_16,train,173.0,0.6795201209965395
embedding_hidden_16,train,174.0,0.6792245269217987
embedding_hidden_16,train,175.0,0.678929988718061
embedding_hidden_16,train,176.0,0.6786366635331479
embedding_hidden_16,train,177.0,0.6783444377162788
embedding_hidden_16,train,178.0,0.6780533202039012
embedding_hidden_16,train,179.0,0.6777632831989422
embedding_hidden_16,train,180.0,0.6774744558180921
embedding_hidden_16,train,181.0,0.6771866811992877
embedding_hidden_16,train,182.0,0.6769001727297088
embedding_hidden_16,train,183.0,0.6766148136552699
embedding_hidden_16,train,184.0,0.676330690255109
embedding_hidden_16,train,185.0,0.6760477380568045
embedding_hidden_16,train,186.0,0.6757657585114059
embedding_hidden_16,train,187.0,0.6754846594672282
embedding_hidden_16,train,188.0,0.6752043946552722
embedding_hidden_16,train,189.0,0.6749254113558809
embedding_hidden_16,train,190.0,0.6746476578999403
embedding_hidden_16,train,191.0,0.6743708937377889
embedding_hidden_16,train,192.0,0.6740952410926649
embedding_hidden_16,train,193.0,0.6738205799272315
embedding_hidden_16,train,194.0,0.6735468493386148
embedding_hidden_16,train,195.0,0.6732741866161674
embedding_hidden_16,train,196.0,0.6730026201075693
embedding_hidden_16,train,197.0,0.6727320520366885
embedding_hidden_16,train,198.0,0.6724624128282903
embedding_hidden_16,train,199.0,0.6721937012052162
embedding_hidden_16,train,200.0,0.6719260042122557
embedding_hidden_16,test,1.0,0.7582592558403897
embedding_hidden_16,test,2.0,0.7577138538681243
embedding_hidden_16,test,3.0,0.7571732071101287
embedding_hidden_16,test,4.0,0.7566363285379069
embedding_hidden_16,test,5.0,0.7561035618580859
embedding_hidden_16,test,6.0,0.7555749884386962
embedding_hidden_16,test,7.0,0.7550501188637043
embedding_hidden_16,test,8.0,0.7545286472214696
embedding_hidden_16,test,9.0,0.7540117362612826
embedding_hidden_16,test,10.0,0.7534990989567742
embedding_hidden_16,test,11.0,0.7529899308195109
embedding_hidden_16,test,12.0,0.7524843687729013
embedding_hidden_16,test,13.0,0.7519817516334161
embedding_hidden_16,test,14.0,0.7514830915313859
embedding_hidden_16,test,15.0,0.7509876478311119
embedding_hidden_16,test,16.0,0.7504954337723699
embedding_hidden_16,test,17.0,0.7500067183784951
embedding_hidden_16,test,18.0,0.7495213903950522
embedding_hidden_16,test,19.0,0.7490395747678746
embedding_hidden_16,test,20.0,0.7485619990340258
embedding_hidden_16,test,21.0,0.7480879713855654
embedding_hidden_16,test,22.0,0.7476180041290948
embedding_hidden_16,test,23.0,0.7471515728986328
embedding_hidden_16,test,24.0,0.7466880592359633
embedding_hidden_16,test,25.0,0.7462275123468578
embedding_hidden_16,test,26.0,0.7457702133261754
embedding_hidden_16,test,27.0,0.7453156220450099
embedding_hidden_16,test,28.0,0.7448639232478456
embedding_hidden_16,test,29.0,0.744415183707928
embedding_hidden_16,test,30.0,0.7439693218168297
embedding_hidden_16,test,31.0,0.7435266686348341
embedding_hidden_16,test,32.0,0.7430868870560167
embedding_hidden_16,test,33.0,0.7426499989680607
embedding_hidden_16,test,34.0,0.7422158488259627
embedding_hidden_16,test,35.0,0.7417848515457591
embedding_hidden_16,test,36.0,0.7413571186222059
embedding_hidden_16,test,37.0,0.7409328099157652
embedding_hidden_16,test,38.0,0.7405119171950282
embedding_hidden_16,test,39.0,0.7400939957897065
embedding_hidden_16,test,40.0,0.7396790637423009
embedding_hidden_16,test,41.0,0.739266763768107
embedding_hidden_16,test,42.0,0.7388573876839392
embedding_hidden_16,test,43.0,0.738450203502263
embedding_hidden_16,test,44.0,0.7380455378232325
embedding_hidden_16,test,45.0,0.7376428387933848
embedding_hidden_16,test,46.0,0.7372423867359449
embedding_hidden_16,test,47.0,0.7368448406106303
embedding_hidden_16,test,48.0,0.7364500422117779
embedding_hidden_16,test,49.0,0.7360583473937619
embedding_hidden_16,test,50.0,0.7356691264424404
embedding_hidden_16,test,51.0,0.7352827535875615
embedding_hidden_16,test,52.0,0.7348987795629031
embedding_hidden_16,test,53.0,0.7345172250890439
embedding_hidden_16,test,54.0,0.7341381883366145
embedding_hidden_16,test,55.0,0.7337620568387794
embedding_hidden_16,test,56.0,0.7333879579970806
embedding_hidden_16,test,57.0,0.7330162399714464
embedding_hidden_16,test,58.0,0.7326469557723406
embedding_hidden_16,test,59.0,0.732280180268985
embedding_hidden_16,test,60.0,0.7319155924600438
embedding_hidden_16,test,61.0,0.7315530797826673
embedding_hidden_16,test,62.0,0.7311926273354555
embedding_hidden_16,test,63.0,0.7308342125011758
embedding_hidden_16,test,64.0,0.730478046357421
embedding_hidden_16,test,65.0,0.7301241521179956
embedding_hidden_16,test,66.0,0.7297726516241198
embedding_hidden_16,test,67.0,0.7294235087884469
embedding_hidden_16,test,68.0,0.7290763383602202
embedding_hidden_16,test,69.0,0.7287311682131259
embedding_hidden_16,test,70.0,0.7283877788919335
embedding_hidden_16,test,71.0,0.7280469250502499
embedding_hidden_16,test,72.0,0.7277080816932288
embedding_hidden_16,test,73.0,0.7273716424994693
embedding_hidden_16,test,74.0,0.7270373521923403
embedding_hidden_16,test,75.0,0.7267051789082152
embedding_hidden_16,test,76.0,0.7263751867012374
embedding_hidden_16,test,77.0,0.7260472971742946
embedding_hidden_16,test,78.0,0.7257211263026174
embedding_hidden_16,test,79.0,0.7253969072536355
embedding_hidden_16,test,80.0,0.7250749129261098
embedding_hidden_16,test,81.0,0.7247545996138112
embedding_hidden_16,test,82.0,0.724435920655118
embedding_hidden_16,test,83.0,0.7241187726338059
embedding_hidden_16,test,84.0,0.723803390499242
embedding_hidden_16,test,85.0,0.7234897642258684
embedding_hidden_16,test,86.0,0.7231780325336363
embedding_hidden_16,test,87.0,0.7228682176573297
embedding_hidden_16,test,88.0,0.7225602302212798
embedding_hidden_16,test,89.0,0.7222539299574549
embedding_hidden_16,test,90.0,0.7219492778794125
embedding_hidden_16,test,91.0,0.7216465456887905
embedding_hidden_16,test,92.0,0.7213456911928101
embedding_hidden_16,test,93.0,0.7210461439314426
embedding_hidden_16,test,94.0,0.7207486309936814
embedding_hidden_16,test,95.0,0.7204533461755953
embedding_hidden_16,test,96.0,0.7201601412631283
embedding_hidden_16,test,97.0,0.719868691419409
embedding_hidden_16,test,98.0,0.719579225246145
embedding_hidden_16,test,99.0,0.7192910646230357
embedding_hidden_16,test,100.0,0.7190043613593062
embedding_hidden_16,test,101.0,0.718719367564571
embedding_hidden_16,test,102.0,0.718435914744496
embedding_hidden_16,test,103.0,0.7181542567113625
embedding_hidden_16,test,104.0,0.7178742559020217
embedding_hidden_16,test,105.0,0.7175959688736347
embedding_hidden_16,test,106.0,0.7173198189119654
embedding_hidden_16,test,107.0,0.7170453439012721
embedding_hidden_16,test,108.0,0.7167727257384945
embedding_hidden_16,test,109.0,0.7165013903952557
embedding_hidden_16,test,110.0,0.7162318033486915
embedding_hidden_16,test,111.0,0.7159641750768142
embedding_hidden_16,test,112.0,0.7156978460390745
embedding_hidden_16,test,113.0,0.715432532534442
embedding_hidden_16,test,114.0,0.7151690330392169
embedding_hidden_16,test,115.0,0.7149072515713104
embedding_hidden_16,test,116.0,0.714646723106153
embedding_hidden_16,test,117.0,0.7143874572722062
embedding_hidden_16,test,118.0,0.7141293395973365
embedding_hidden_16,test,119.0,0.7138726896002443
embedding_hidden_16,test,120.0,0.7136173782557942
embedding_hidden_16,test,121.0,0.7133633311721153
embedding_hidden_16,test,122.0,0.7131106054668727
embedding_hidden_16,test,123.0,0.7128595516653723
embedding_hidden_16,test,124.0,0.7126099317913173
embedding_hidden_16,test,125.0,0.7123616951162399
embedding_hidden_16,test,126.0,0.7121149713674928
embedding_hidden_16,test,127.0,0.7118697100075502
embedding_hidden_16,test,128.0,0.7116257878974399
embedding_hidden_16,test,129.0,0.7113827319248758
embedding_hidden_16,test,130.0,0.7111411235815754
embedding_hidden_16,test,131.0,0.7109007895162092
embedding_hidden_16,test,132.0,0.7106615307839546
embedding_hidden_16,test,133.0,0.7104236813899856
embedding_hidden_16,test,134.0,0.7101867572258153
embedding_hidden_16,test,135.0,0.709951110440749
embedding_hidden_16,test,136.0,0.7097166089512734
embedding_hidden_16,test,137.0,0.7094836589694636
embedding_hidden_16,test,138.0,0.7092522645440599
embedding_hidden_16,test,139.0,0.7090220910294509
embedding_hidden_16,test,140.0,0.7087930939983
embedding_hidden_16,test,141.0,0.7085654016021163
embedding_hidden_16,test,142.0,0.7083387777829919
embedding_hidden_16,test,143.0,0.7081135909864366
embedding_hidden_16,test,144.0,0.7078894085100654
embedding_hidden_16,test,145.0,0.7076662898670067
embedding_hidden_16,test,146.0,0.7074438269764046
embedding_hidden_16,test,147.0,0.7072223843066301
embedding_hidden_16,test,148.0,0.7070022946709782
embedding_hidden_16,test,149.0,0.7067831139957572
embedding_hidden_16,test,150.0,0.7065652107299875
embedding_hidden_16,test,151.0,0.7063482913809811
embedding_hidden_16,test,152.0,0.7061324524603414
embedding_hidden_16,test,153.0,0.7059172690957273
embedding_hidden_16,test,154.0,0.7057033134156754
embedding_hidden_16,test,155.0,0.7054903507488006
embedding_hidden_16,test,156.0,0.70527838129948
embedding_hidden_16,test,157.0,0.7050676511553405
embedding_hidden_16,test,158.0,0.7048579582178638
embedding_hidden_16,test,159.0,0.7046486998839415
embedding_hidden_16,test,160.0,0.7044409941333716
embedding_hidden_16,test,161.0,0.7042341302602863
embedding_hidden_16,test,162.0,0.7040284745577934
embedding_hidden_16,test,163.0,0.7038234265964467
embedding_hidden_16,test,164.0,0.7036201006883109
embedding_hidden_16,test,165.0,0.7034178426622331
embedding_hidden_16,test,166.0,0.703216359439174
embedding_hidden_16,test,167.0,0.7030159904617552
embedding_hidden_16,test,168.0,0.7028165642628096
embedding_hidden_16,test,169.0,0.7026184339011041
embedding_hidden_16,test,170.0,0.7024211011935375
embedding_hidden_16,test,171.0,0.7022248739419246
embedding_hidden_16,test,172.0,0.7020295247029121
embedding_hidden_16,test,173.0,0.7018348969636724
embedding_hidden_16,test,174.0,0.7016411444684564
embedding_hidden_16,test,175.0,0.7014482938193256
embedding_hidden_16,test,176.0,0.7012564884861779
embedding_hidden_16,test,177.0,0.7010656808475247
embedding_hidden_16,test,178.0,0.7008756028055487
embedding_hidden_16,test,179.0,0.7006864086217269
embedding_hidden_16,test,180.0,0.7004977948342865
embedding_hidden_16,test,181.0,0.7003103150014189
embedding_hidden_16,test,182.0,0.7001233703379813
embedding_hidden_16,test,183.0,0.6999376026553727
embedding_hidden_16,test,184.0,0.6997526565977129
embedding_hidden_16,test,185.0,0.699568452485925
embedding_hidden_16,test,186.0,0.6993849705116161
embedding_hidden_16,test,187.0,0.6992026557497748
embedding_hidden_16,test,188.0,0.6990209636445355
embedding_hidden_16,test,189.0,0.6988403166211681
embedding_hidden_16,test,190.0,0.6986608530708697
embedding_hidden_16,test,191.0,0.6984825619464905
embedding_hidden_16,test,192.0,0.6983051160195857
embedding_hidden_16,test,193.0,0.6981284652772116
embedding_hidden_16,test,194.0,0.6979526845015045
embedding_hidden_16,test,195.0,0.6977777400538265
embedding_hidden_16,test,196.0,0.6976033008097422
embedding_hidden_16,test,197.0,0.6974302450788085
embedding_hidden_16,test,198.0,0.6972579873562752
embedding_hidden_16,test,199.0,0.6970868223055439
embedding_hidden_16,test,200.0,0.6969164759609987
embedding_hidden_32,train,1.0,0.733183422977886
embedding_hidden_32,train,2.0,0.7325908098069343
embedding_hidden_32,train,3.0,0.7320013431520461
embedding_hidden_32,train,4.0,0.7314147761980413
embedding_hidden_32,train,5.0,0.7308312854871457
embedding_hidden_32,train,6.0,0.7302508138137045
embedding_hidden_32,train,7.0,0.7296732677233775
embedding_hidden_32,train,8.0,0.7290987480885452
embedding_hidden_32,train,9.0,0.7285271783061295
embedding_hidden_32,train,10.0,0.7279585847924781
embedding_hidden_32,train,11.0,0.7273929454095053
embedding_hidden_32,train,12.0,0.7268301155241297
embedding_hidden_32,train,13.0,0.7262700869930951
embedding_hidden_32,train,14.0,0.7257130118159325
embedding_hidden_32,train,15.0,0.7251587795331489
embedding_hidden_32,train,16.0,0.7246074736967266
embedding_hidden_32,train,17.0,0.7240587387884756
embedding_hidden_32,train,18.0,0.7235128866281653
embedding_hidden_32,train,19.0,0.7229699248450002
embedding_hidden_32,train,20.0,0.7224297829880431
embedding_hidden_32,train,21.0,0.7218921193891381
embedding_hidden_32,train,22.0,0.7213572363360727
embedding_hidden_32,train,23.0,0.7208251870804043
embedding_hidden_32,train,24.0,0.7202960210337185
embedding_hidden_32,train,25.0,0.719769392626817
embedding_hidden_32,train,26.0,0.7192453690227204
embedding_hidden_32,train,27.0,0.7187238581834624
embedding_hidden_32,train,28.0,0.7182051082110175
embedding_hidden_32,train,29.0,0.7176889884241257
embedding_hidden_32,train,30.0,0.7171754492697552
embedding_hidden_32,train,31.0,0.7166643343136927
embedding_hidden_32,train,32.0,0.7161557518297691
embedding_hidden_32,train,33.0,0.7156498202947695
embedding_hidden_32,train,34.0,0.7151460782259556
embedding_hidden_32,train,35.0,0.714644618459202
embedding_hidden_32,train,36.0,0.7141456366843256
embedding_hidden_32,train,37.0,0.7136490962992486
embedding_hidden_32,train,38.0,0.7131546984963062
embedding_hidden_32,train,39.0,0.7126626759687602
embedding_hidden_32,train,40.0,0.7121732387733313
embedding_hidden_32,train,41.0,0.7116860254810347
embedding_hidden_32,train,42.0,0.7112012483325628
embedding_hidden_32,train,43.0,0.7107188428092674
embedding_hidden_32,train,44.0,0.7102387906001332
embedding_hidden_32,train,45.0,0.7097612368157218
embedding_hidden_32,train,46.0,0.7092859873794571
embedding_hidden_32,train,47.0,0.7088130601738143
embedding_hidden_32,train,48.0,0.7083425075029408
embedding_hidden_32,train,49.0,0.7078743678721955
embedding_hidden_32,train,50.0,0.7074085021993668
embedding_hidden_32,train,51.0,0.7069451793718661
embedding_hidden_32,train,52.0,0.7064839561627403
embedding_hidden_32,train,53.0,0.7060251087701424
embedding_hidden_32,train,54.0,0.7055684856937121
embedding_hidden_32,train,55.0,0.7051139492050388
embedding_hidden_32,train,56.0,0.7046618386323446
embedding_hidden_32,train,57.0,0.7042119436817618
embedding_hidden_32,train,58.0,0.7037644352437851
embedding_hidden_32,train,59.0,0.7033193636599269
embedding_hidden_32,train,60.0,0.7028763372399052
embedding_hidden_32,train,61.0,0.7024352665019822
embedding_hidden_32,train,62.0,0.7019962180397709
embedding_hidden_32,train,63.0,0.7015593113204964
embedding_hidden_32,train,64.0,0.7011244505707944
embedding_hidden_32,train,65.0,0.7006916474596416
embedding_hidden_32,train,66.0,0.7002607704502426
embedding_hidden_32,train,67.0,0.6998319354091523
embedding_hidden_32,train,68.0,0.6994050818301224
embedding_hidden_32,train,69.0,0.6989801501381538
embedding_hidden_32,train,70.0,0.6985571795317834
embedding_hidden_32,train,71.0,0.6981364085840978
embedding_hidden_32,train,72.0,0.6977177982550966
embedding_hidden_32,train,73.0,0.697301055257673
embedding_hidden_32,train,74.0,0.6968863625219758
embedding_hidden_32,train,75.0,0.6964733806079187
embedding_hidden_32,train,76.0,0.6960623019718717
embedding_hidden_32,train,77.0,0.6956531042080416
embedding_hidden_32,train,78.0,0.695245967834771
embedding_hidden_32,train,79.0,0.6948407034870471
embedding_hidden_32,train,80.0,0.6944370956971601
embedding_hidden_32,train,81.0,0.6940353412288797
embedding_hidden_32,train,82.0,0.693635440941808
embedding_hidden_32,train,83.0,0.6932374597032849
embedding_hidden_32,train,84.0,0.6928411896285896
embedding_hidden_32,train,85.0,0.6924467797406102
embedding_hidden_32,train,86.0,0.6920542493938471
embedding_hidden_32,train,87.0,0.6916635270110701
embedding_hidden_32,train,88.0,0.6912745845158448
embedding_hidden_32,train,89.0,0.6908874624234114
embedding_hidden_32,train,90.0,0.690502114647314
embedding_hidden_32,train,91.0,0.6901185133031469
embedding_hidden_32,train,92.0,0.6897366184945736
embedding_hidden_32,train,93.0,0.6893564494005772
embedding_hidden_32,train,94.0,0.6889779310527582
embedding_hidden_32,train,95.0,0.6886011015269359
embedding_hidden_32,train,96.0,0.6882259342268089
embedding_hidden_32,train,97.0,0.6878524021712975
embedding_hidden_32,train,98.0,0.6874807090620505
embedding_hidden_32,train,99.0,0.6871106955010484
embedding_hidden_32,train,100.0,0.6867421357041261
embedding_hidden_32,train,101.0,0.6863752466755371
embedding_hidden_32,train,102.0,0.6860098385211
embedding_hidden_32,train,103.0,0.6856460651706535
embedding_hidden_32,train,104.0,0.6852838967689248
embedding_hidden_32,train,105.0,0.6849232226876937
embedding_hidden_32,train,106.0,0.6845642423353239
embedding_hidden_32,train,107.0,0.6842067856769969
embedding_hidden_32,train,108.0,0.683850910498099
embedding_hidden_32,train,109.0,0.6834966063033998
embedding_hidden_32,train,110.0,0.6831437685553315
embedding_hidden_32,train,111.0,0.6827924436031767
embedding_hidden_32,train,112.0,0.6824426498232387
embedding_hidden_32,train,113.0,0.6820944637428592
embedding_hidden_32,train,114.0,0.6817477666413545
embedding_hidden_32,train,115.0,0.6814025446352201
embedding_hidden_32,train,116.0,0.6810586517969177
embedding_hidden_32,train,117.0,0.68071632153775
embedding_hidden_32,train,118.0,0.680375513069039
embedding_hidden_32,train,119.0,0.680036264974494
embedding_hidden_32,train,120.0,0.6796985213885395
embedding_hidden_32,train,121.0,0.679362339921316
embedding_hidden_32,train,122.0,0.6790276041898864
embedding_hidden_32,train,123.0,0.6786943337931662
embedding_hidden_32,train,124.0,0.6783624635121558
embedding_hidden_32,train,125.0,0.6780319436315434
embedding_hidden_32,train,126.0,0.6777028186176566
embedding_hidden_32,train,127.0,0.6773749575478041
embedding_hidden_32,train,128.0,0.6770483948206075
embedding_hidden_32,train,129.0,0.6767230226340825
embedding_hidden_32,train,130.0,0.6763989066615752
embedding_hidden_32,train,131.0,0.6760761742651409
embedding_hidden_32,train,132.0,0.6757549193796974
embedding_hidden_32,train,133.0,0.675434997894828
embedding_hidden_32,train,134.0,0.6751165374710613
embedding_hidden_32,train,135.0,0.674799406582913
embedding_hidden_32,train,136.0,0.6744836252868669
embedding_hidden_32,train,137.0,0.6741691475459796
embedding_hidden_32,train,138.0,0.6738558066907779
embedding_hidden_32,train,139.0,0.6735437467368057
embedding_hidden_32,train,140.0,0.6732329444318521
embedding_hidden_32,train,141.0,0.6729233947231966
embedding_hidden_32,train,142.0,0.6726152298447183
embedding_hidden_32,train,143.0,0.6723083912369333
embedding_hidden_32,train,144.0,0.6720027414205247
embedding_hidden_32,train,145.0,0.671698307998989
embedding_hidden_32,train,146.0,0.6713950693923414
embedding_hidden_32,train,147.0,0.6710930494959303
embedding_hidden_32,train,148.0,0.6707922300596255
embedding_hidden_32,train,149.0,0.6704926872092255
embedding_hidden_32,train,150.0,0.6701943561661614
embedding_hidden_32,train,151.0,0.669897182071028
embedding_hidden_32,train,152.0,0.669601161557927
embedding_hidden_32,train,153.0,0.6693063352674276
embedding_hidden_32,train,154.0,0.6690126930700095
embedding_hidden_32,train,155.0,0.6687201101275754
embedding_hidden_32,train,156.0,0.6684286718509085
embedding_hidden_32,train,157.0,0.6681383845135493
embedding_hidden_32,train,158.0,0.6678492525427653
embedding_hidden_32,train,159.0,0.6675612280070661
embedding_hidden_32,train,160.0,0.6672744121410387
embedding_hidden_32,train,161.0,0.666988608019547
embedding_hidden_32,train,162.0,0.6667040039099528
embedding_hidden_32,train,163.0,0.6664205866810509
embedding_hidden_32,train,164.0,0.6661382349212516
embedding_hidden_32,train,165.0,0.6658569021506533
embedding_hidden_32,train,166.0,0.6655766301854278
embedding_hidden_32,train,167.0,0.6652974889626442
embedding_hidden_32,train,168.0,0.6650194481182402
embedding_hidden_32,train,169.0,0.6647424284854045
embedding_hidden_32,train,170.0,0.6644663480677669
embedding_hidden_32,train,171.0,0.6641912355494942
embedding_hidden_32,train,172.0,0.6639172203966417
embedding_hidden_32,train,173.0,0.6636442881044107
embedding_hidden_32,train,174.0,0.6633724925879276
embedding_hidden_32,train,175.0,0.6631017389334614
embedding_hidden_32,train,176.0,0.6628319740137079
embedding_hidden_32,train,177.0,0.6625632961805208
embedding_hidden_32,train,178.0,0.6622957004153898
embedding_hidden_32,train,179.0,0.6620291120479835
embedding_hidden_32,train,180.0,0.6617636422996502
embedding_hidden_32,train,181.0,0.6614993487559632
embedding_hidden_32,train,182.0,0.6612360967231681
embedding_hidden_32,train,183.0,0.6609738865079622
embedding_hidden_32,train,184.0,0.6607127686419076
embedding_hidden_32,train,185.0,0.6604526143475967
embedding_hidden_32,train,186.0,0.6601934343750928
embedding_hidden_32,train,187.0,0.6599352692127773
embedding_hidden_32,train,188.0,0.659678162534842
embedding_hidden_32,train,189.0,0.6594220016753426
embedding_hidden_32,train,190.0,0.6591666710875399
embedding_hidden_32,train,191.0,0.658912281284325
embedding_hidden_32,train,192.0,0.6586588387305489
embedding_hidden_32,train,193.0,0.6584063770424243
embedding_hidden_32,train,194.0,0.6581546452642957
embedding_hidden_32,train,195.0,0.657903888264046
embedding_hidden_32,train,196.0,0.6576540277748666
embedding_hidden_32,train,197.0,0.6574051460942731
embedding_hidden_32,train,198.0,0.6571572466730994
embedding_hidden_32,train,199.0,0.6569103584056488
embedding_hidden_32,train,200.0,0.656664382598637
embedding_hidden_32,test,1.0,0.7357530209799233
embedding_hidden_32,test,2.0,0.7353152901525847
embedding_hidden_32,test,3.0,0.7348803238977129
embedding_hidden_32,test,4.0,0.7344479347765207
embedding_hidden_32,test,5.0,0.734018194312739
embedding_hidden_32,test,6.0,0.7335912659847456
embedding_hidden_32,test,7.0,0.7331670535925865
embedding_hidden_32,test,8.0,0.7327453690476124
embedding_hidden_32,test,9.0,0.7323262834206132
embedding_hidden_32,test,10.0,0.7319097908505958
embedding_hidden_32,test,11.0,0.7314956169165919
embedding_hidden_32,test,12.0,0.7310841705410339
embedding_hidden_32,test,13.0,0.730675138075106
embedding_hidden_32,test,14.0,0.7302691388278236
embedding_hidden_32,test,15.0,0.7298658157188271
embedding_hidden_32,test,16.0,0.7294649398497135
embedding_hidden_32,test,17.0,0.7290665868057575
embedding_hidden_32,test,18.0,0.7286708495168889
embedding_hidden_32,test,19.0,0.7282778343065692
embedding_hidden_32,test,20.0,0.7278870850406256
embedding_hidden_32,test,21.0,0.7274987389543696
embedding_hidden_32,test,22.0,0.7271130138186477
embedding_hidden_32,test,23.0,0.7267297499276817
embedding_hidden_32,test,24.0,0.726348636919799
embedding_hidden_32,test,25.0,0.7259696871912944
embedding_hidden_32,test,26.0,0.7255927206876847
embedding_hidden_32,test,27.0,0.7252181680498322
embedding_hidden_32,test,28.0,0.7248460047962924
embedding_hidden_32,test,29.0,0.7244760411400075
embedding_hidden_32,test,30.0,0.7241084860531107
embedding_hidden_32,test,31.0,0.7237431364102586
embedding_hidden_32,test,32.0,0.7233799003273517
embedding_hidden_32,test,33.0,0.7230186271334038
embedding_hidden_32,test,34.0,0.7226592711749246
embedding_hidden_32,test,35.0,0.722302309737967
embedding_hidden_32,test,36.0,0.7219475293512858
embedding_hidden_32,test,37.0,0.7215947039567
embedding_hidden_32,test,38.0,0.7212438872232101
embedding_hidden_32,test,39.0,0.7208951041497793
embedding_hidden_32,test,40.0,0.7205479034454456
embedding_hidden_32,test,41.0,0.720202855376839
embedding_hidden_32,test,42.0,0.7198596464516223
embedding_hidden_32,test,43.0,0.7195184639062837
embedding_hidden_32,test,44.0,0.7191793376344972
embedding_hidden_32,test,45.0,0.7188421491245531
embedding_hidden_32,test,46.0,0.7185070022741368
embedding_hidden_32,test,47.0,0.7181737950316472
embedding_hidden_32,test,48.0,0.7178427775355568
embedding_hidden_32,test,49.0,0.7175139396718807
embedding_hidden_32,test,50.0,0.7171872036424676
embedding_hidden_32,test,51.0,0.7168624288647493
embedding_hidden_32,test,52.0,0.7165396221935695
embedding_hidden_32,test,53.0,0.7162186944570503
embedding_hidden_32,test,54.0,0.7158997078651848
embedding_hidden_32,test,55.0,0.7155828421497774
embedding_hidden_32,test,56.0,0.7152676587324995
embedding_hidden_32,test,57.0,0.7149541414874975
embedding_hidden_32,test,58.0,0.7146425202453238
embedding_hidden_32,test,59.0,0.7143327402968404
embedding_hidden_32,test,60.0,0.7140248536659375
embedding_hidden_32,test,61.0,0.7137188186416038
embedding_hidden_32,test,62.0,0.7134146247782412
embedding_hidden_32,test,63.0,0.713112456571088
embedding_hidden_32,test,64.0,0.712812206069742
embedding_hidden_32,test,65.0,0.7125140511781755
embedding_hidden_32,test,66.0,0.7122177714390714
embedding_hidden_32,test,67.0,0.7119231545525346
embedding_hidden_32,test,68.0,0.7116301281786909
embedding_hidden_32,test,69.0,0.7113386021156317
embedding_hidden_32,test,70.0,0.7110488247839042
embedding_hidden_32,test,71.0,0.7107607429948543
embedding_hidden_32,test,72.0,0.7104742106277782
embedding_hidden_32,test,73.0,0.7101897672570666
embedding_hidden_32,test,74.0,0.7099070724190018
embedding_hidden_32,test,75.0,0.7096254689813712
embedding_hidden_32,test,76.0,0.7093452710188648
embedding_hidden_32,test,77.0,0.7090667547358472
embedding_hidden_32,test,78.0,0.7087898616485078
embedding_hidden_32,test,79.0,0.708514579593389
embedding_hidden_32,test,80.0,0.7082405713511738
embedding_hidden_32,test,81.0,0.7079681455572331
embedding_hidden_32,test,82.0,0.70769721566583
embedding_hidden_32,test,83.0,0.7074277158003783
embedding_hidden_32,test,84.0,0.7071594493900584
embedding_hidden_32,test,85.0,0.7068928548177416
embedding_hidden_32,test,86.0,0.7066278120768422
embedding_hidden_32,test,87.0,0.7063644773553627
embedding_hidden_32,test,88.0,0.7061028225194227
embedding_hidden_32,test,89.0,0.7058426556511329
embedding_hidden_32,test,90.0,0.7055840399230466
embedding_hidden_32,test,91.0,0.7053269938054567
embedding_hidden_32,test,92.0,0.7050713589143573
embedding_hidden_32,test,93.0,0.7048172600865044
embedding_hidden_32,test,94.0,0.7045645502340445
embedding_hidden_32,test,95.0,0.7043133625365443
embedding_hidden_32,test,96.0,0.7040637828542657
embedding_hidden_32,test,97.0,0.7038158202125339
embedding_hidden_32,test,98.0,0.7035689891035771
embedding_hidden_32,test,99.0,0.7033234847755504
embedding_hidden_32,test,100.0,0.7030793445267536
embedding_hidden_32,test,101.0,0.7028361526181355
embedding_hidden_32,test,102.0,0.702594426947915
embedding_hidden_32,test,103.0,0.7023542191342559
embedding_hidden_32,test,104.0,0.7021151291429787
embedding_hidden_32,test,105.0,0.701877525310666
embedding_hidden_32,test,106.0,0.701640989593954
embedding_hidden_32,test,107.0,0.7014057550013658
embedding_hidden_32,test,108.0,0.7011719810750842
embedding_hidden_32,test,109.0,0.7009394966985656
embedding_hidden_32,test,110.0,0.7007082553264147
embedding_hidden_32,test,111.0,0.7004784807553476
embedding_hidden_32,test,112.0,0.7002498113060909
embedding_hidden_32,test,113.0,0.7000222399857884
embedding_hidden_32,test,114.0,0.699795904314439
embedding_hidden_32,test,115.0,0.6995709300869659
embedding_hidden_32,test,116.0,0.6993471430103028
embedding_hidden_32,test,117.0,0.6991244705196963
embedding_hidden_32,test,118.0,0.6989031412096909
embedding_hidden_32,test,119.0,0.6986830936315216
embedding_hidden_32,test,120.0,0.6984642343838747
embedding_hidden_32,test,121.0,0.6982465172390129
embedding_hidden_32,test,122.0,0.6980301528413687
embedding_hidden_32,test,123.0,0.6978151020201222
embedding_hidden_32,test,124.0,0.6976013059683777
embedding_hidden_32,test,125.0,0.6973886853287066
embedding_hidden_32,test,126.0,0.6971772459640129
embedding_hidden_32,test,127.0,0.6969666617283482
embedding_hidden_32,test,128.0,0.6967570243162162
embedding_hidden_32,test,129.0,0.696548862248805
embedding_hidden_32,test,130.0,0.6963419233171662
embedding_hidden_32,test,131.0,0.6961361056494977
embedding_hidden_32,test,132.0,0.6959313949454872
embedding_hidden_32,test,133.0,0.6957279073231448
embedding_hidden_32,test,134.0,0.6955256737767549
embedding_hidden_32,test,135.0,0.6953244840924354
embedding_hidden_32,test,136.0,0.6951244423807995
embedding_hidden_32,test,137.0,0.6949256942157105
embedding_hidden_32,test,138.0,0.6947282915615135
embedding_hidden_32,test,139.0,0.6945319953878533
embedding_hidden_32,test,140.0,0.6943367361997976
embedding_hidden_32,test,141.0,0.6941424738759101
embedding_hidden_32,test,142.0,0.6939491143694506
embedding_hidden_32,test,143.0,0.6937567291264269
embedding_hidden_32,test,144.0,0.6935655621003518
embedding_hidden_32,test,145.0,0.6933753631334432
embedding_hidden_32,test,146.0,0.6931863159974615
embedding_hidden_32,test,147.0,0.6929981184385623
embedding_hidden_32,test,148.0,0.692810956042611
embedding_hidden_32,test,149.0,0.6926249047680647
embedding_hidden_32,test,150.0,0.6924397974861508
embedding_hidden_32,test,151.0,0.6922557398054842
embedding_hidden_32,test,152.0,0.6920726223652535
embedding_hidden_32,test,153.0,0.6918904433596067
embedding_hidden_32,test,154.0,0.6917093092898324
embedding_hidden_32,test,155.0,0.69152898707074
embedding_hidden_32,test,156.0,0.6913496208200354
embedding_hidden_32,test,157.0,0.691170997733023
embedding_hidden_32,test,158.0,0.6909934397488584
embedding_hidden_32,test,159.0,0.6908168685725489
embedding_hidden_32,test,160.0,0.690641283773443
embedding_hidden_32,test,161.0,0.6904668446920698
embedding_hidden_32,test,162.0,0.6902933235841205
embedding_hidden_32,test,163.0,0.690120681406723
embedding_hidden_32,test,164.0,0.6899488923226909
embedding_hidden_32,test,165.0,0.6897780721370763
embedding_hidden_32,test,166.0,0.6896079846956649
embedding_hidden_32,test,167.0,0.6894387661659953
embedding_hidden_32,test,168.0,0.6892703466471624
embedding_hidden_32,test,169.0,0.6891028438011556
embedding_hidden_32,test,170.0,0.688936198508569
embedding_hidden_32,test,171.0,0.6887706541678432
embedding_hidden_32,test,172.0,0.6886058850307519
embedding_hidden_32,test,173.0,0.6884421979881056
embedding_hidden_32,test,174.0,0.6882792932280168
embedding_hidden_32,test,175.0,0.688117043084231
embedding_hidden_32,test,176.0,0.6879556313213941
embedding_hidden_32,test,177.0,0.6877950021937757
embedding_hidden_32,test,178.0,0.68763525418159
embedding_hidden_32,test,179.0,0.6874763360726426
embedding_hidden_32,test,180.0,0.6873182218266257
embedding_hidden_32,test,181.0,0.6871610941577889
embedding_hidden_32,test,182.0,0.687004699837578
embedding_hidden_32,test,183.0,0.6868489740804988
embedding_hidden_32,test,184.0,0.6866939894472889
embedding_hidden_32,test,185.0,0.6865398183474812
embedding_hidden_32,test,186.0,0.6863863192775238
embedding_hidden_32,test,187.0,0.6862337694459655
embedding_hidden_32,test,188.0,0.6860819820432367
embedding_hidden_32,test,189.0,0.6859310695985572
embedding_hidden_32,test,190.0,0.6857810862652679
embedding_hidden_32,test,191.0,0.6856319149417262
embedding_hidden_32,test,192.0,0.6854835057771062
embedding_hidden_32,test,193.0,0.6853354985148675
embedding_hidden_32,test,194.0,0.6851882647479017
embedding_hidden_32,test,195.0,0.6850418365818942
embedding_hidden_32,test,196.0,0.6848961195063412
embedding_hidden_32,test,197.0,0.6847512050336586
embedding_hidden_32,test,198.0,0.6846070386543688
embedding_hidden_32,test,199.0,0.6844636278136909
embedding_hidden_32,test,200.0,0.6843209214193744
embedding_hidden_64,train,1.0,0.7671396478893477
embedding_hidden_64,train,2.0,0.7661473317509945
embedding_hidden_64,train,3.0,0.7651615906009059
embedding_hidden_64,train,4.0,0.7641823474811467
embedding_hidden_64,train,5.0,0.7632095606014861
embedding_hidden_64,train,6.0,0.7622432481255421
embedding_hidden_64,train,7.0,0.7612832383163416
embedding_hidden_64,train,8.0,0.7603297495133828
embedding_hidden_64,train,9.0,0.7593825512366734
embedding_hidden_64,train,10.0,0.7584415957327287
embedding_hidden_64,train,11.0,0.7575067896649154
embedding_hidden_64,train,12.0,0.7565779771974427
embedding_hidden_64,train,13.0,0.7556552403320318
embedding_hidden_64,train,14.0,0.7547383597225719
embedding_hidden_64,train,15.0,0.7538274387335118
embedding_hidden_64,train,16.0,0.7529225171148373
embedding_hidden_64,train,17.0,0.7520236130696727
embedding_hidden_64,train,18.0,0.7511305664202872
embedding_hidden_64,train,19.0,0.7502434198187428
embedding_hidden_64,train,20.0,0.7493620585038621
embedding_hidden_64,train,21.0,0.7484864891479701
embedding_hidden_64,train,22.0,0.7476166793500023
embedding_hidden_64,train,23.0,0.7467525301576478
embedding_hidden_64,train,24.0,0.7458941055782119
embedding_hidden_64,train,25.0,0.7450413058189115
embedding_hidden_64,train,26.0,0.7441939914797432
embedding_hidden_64,train,27.0,0.7433522324184846
embedding_hidden_64,train,28.0,0.742515920678754
embedding_hidden_64,train,29.0,0.7416849113114937
embedding_hidden_64,train,30.0,0.7408592820534377
embedding_hidden_64,train,31.0,0.740039071908874
embedding_hidden_64,train,32.0,0.7392242416312478
embedding_hidden_64,train,33.0,0.7384146360464384
embedding_hidden_64,train,34.0,0.7376104403102196
embedding_hidden_64,train,35.0,0.736811515383308
embedding_hidden_64,train,36.0,0.7360178117692321
embedding_hidden_64,train,37.0,0.7352292169507388
embedding_hidden_64,train,38.0,0.7344455917897648
embedding_hidden_64,train,39.0,0.7336670314868083
embedding_hidden_64,train,40.0,0.7328936037399992
embedding_hidden_64,train,41.0,0.7321251410461878
embedding_hidden_64,train,42.0,0.7313616704352047
embedding_hidden_64,train,43.0,0.730603095652714
embedding_hidden_64,train,44.0,0.7298495365098555
embedding_hidden_64,train,45.0,0.7291009309758336
embedding_hidden_64,train,46.0,0.7283571037161767
embedding_hidden_64,train,47.0,0.7276179762299629
embedding_hidden_64,train,48.0,0.7268836026892643
embedding_hidden_64,train,49.0,0.7261539803332919
embedding_hidden_64,train,50.0,0.7254291694316941
embedding_hidden_64,train,51.0,0.7247089791664393
embedding_hidden_64,train,52.0,0.7239933736597938
embedding_hidden_64,train,53.0,0.723282384650482
embedding_hidden_64,train,54.0,0.7225758246957115
embedding_hidden_64,train,55.0,0.7218738642801479
embedding_hidden_64,train,56.0,0.7211763980209402
embedding_hidden_64,train,57.0,0.7204833090887777
embedding_hidden_64,train,58.0,0.7197945470652711
embedding_hidden_64,train,59.0,0.7191102380989575
embedding_hidden_64,train,60.0,0.7184302727713378
embedding_hidden_64,train,61.0,0.7177546329645815
embedding_hidden_64,train,62.0,0.7170833171787901
embedding_hidden_64,train,63.0,0.7164162184398628
embedding_hidden_64,train,64.0,0.7157533062167263
embedding_hidden_64,train,65.0,0.71509464524525
embedding_hidden_64,train,66.0,0.7144402634452443
embedding_hidden_64,train,67.0,0.7137899803757917
embedding_hidden_64,train,68.0,0.7131437667460736
embedding_hidden_64,train,69.0,0.7125016361467583
embedding_hidden_64,train,70.0,0.7118635993571557
embedding_hidden_64,train,71.0,0.7112297511519368
embedding_hidden_64,train,72.0,0.7105999356929042
embedding_hidden_64,train,73.0,0.7099740891477911
embedding_hidden_64,train,74.0,0.7093521502188521
embedding_hidden_64,train,75.0,0.7087340913822668
embedding_hidden_64,train,76.0,0.7081199013732903
embedding_hidden_64,train,77.0,0.7075096354195602
embedding_hidden_64,train,78.0,0.7069033896076489
embedding_hidden_64,train,79.0,0.7063009538354652
embedding_hidden_64,train,80.0,0.7057022817857952
embedding_hidden_64,train,81.0,0.7051073843000147
embedding_hidden_64,train,82.0,0.7045162100487178
embedding_hidden_64,train,83.0,0.7039286423075715
embedding_hidden_64,train,84.0,0.7033446940668345
embedding_hidden_64,train,85.0,0.7027644029217902
embedding_hidden_64,train,86.0,0.702187835510437
embedding_hidden_64,train,87.0,0.7016148788267456
embedding_hidden_64,train,88.0,0.7010454512031664
embedding_hidden_64,train,89.0,0.7004795219971132
embedding_hidden_64,train,90.0,0.6999170455078383
embedding_hidden_64,train,91.0,0.6993580537509988
embedding_hidden_64,train,92.0,0.6988025703842607
embedding_hidden_64,train,93.0,0.6982505421284734
embedding_hidden_64,train,94.0,0.6977019160279248
embedding_hidden_64,train,95.0,0.6971566317257766
embedding_hidden_64,train,96.0,0.6966145190413113
embedding_hidden_64,train,97.0,0.6960756779189776
embedding_hidden_64,train,98.0,0.6955401151808766
embedding_hidden_64,train,99.0,0.6950077698464975
embedding_hidden_64,train,100.0,0.6944786679724464
embedding_hidden_64,train,101.0,0.6939526877146911
embedding_hidden_64,train,102.0,0.693429803382113
embedding_hidden_64,train,103.0,0.6929099422180535
embedding_hidden_64,train,104.0,0.6923932563006481
embedding_hidden_64,train,105.0,0.6918796698318874
embedding_hidden_64,train,106.0,0.691369163710837
embedding_hidden_64,train,107.0,0.690861618416539
embedding_hidden_64,train,108.0,0.6903571231982248
embedding_hidden_64,train,109.0,0.6898555699573217
embedding_hidden_64,train,110.0,0.6893570966818501
embedding_hidden_64,train,111.0,0.6888616436263832
embedding_hidden_64,train,112.0,0.6883691323008835
embedding_hidden_64,train,113.0,0.6878795237059636
embedding_hidden_64,train,114.0,0.6873929121252385
embedding_hidden_64,train,115.0,0.6869092520566846
embedding_hidden_64,train,116.0,0.686428410714989
embedding_hidden_64,train,117.0,0.6859503716158132
embedding_hidden_64,train,118.0,0.6854750813501027
embedding_hidden_64,train,119.0,0.6850025982386098
embedding_hidden_64,train,120.0,0.6845328504309738
embedding_hidden_64,train,121.0,0.6840658028396923
embedding_hidden_64,train,122.0,0.6836015268281116
embedding_hidden_64,train,123.0,0.6831399378712264
embedding_hidden_64,train,124.0,0.682681012551852
embedding_hidden_64,train,125.0,0.6822247604564983
embedding_hidden_64,train,126.0,0.6817711287790584
embedding_hidden_64,train,127.0,0.6813201560184927
embedding_hidden_64,train,128.0,0.6808717947350145
embedding_hidden_64,train,129.0,0.6804260587503844
embedding_hidden_64,train,130.0,0.6799828694341544
embedding_hidden_64,train,131.0,0.6795422464089375
embedding_hidden_64,train,132.0,0.6791041465360345
embedding_hidden_64,train,133.0,0.6786685270807868
embedding_hidden_64,train,134.0,0.6782354042012629
embedding_hidden_64,train,135.0,0.6778047314976787
embedding_hidden_64,train,136.0,0.6773765341362008
embedding_hidden_64,train,137.0,0.6769507817928597
embedding_hidden_64,train,138.0,0.6765275059738163
embedding_hidden_64,train,139.0,0.6761066412055989
embedding_hidden_64,train,140.0,0.6756881227004167
embedding_hidden_64,train,141.0,0.675271989641588
embedding_hidden_64,train,142.0,0.6748581520139499
embedding_hidden_64,train,143.0,0.6744465981339798
embedding_hidden_64,train,144.0,0.6740373036871563
embedding_hidden_64,train,145.0,0.6736302437505752
embedding_hidden_64,train,146.0,0.6732254457591712
embedding_hidden_64,train,147.0,0.6728229060443833
embedding_hidden_64,train,148.0,0.6724226268394757
embedding_hidden_64,train,149.0,0.6720244707973035
embedding_hidden_64,train,150.0,0.6716285161301889
embedding_hidden_64,train,151.0,0.6712347179904018
embedding_hidden_64,train,152.0,0.6708431063840984
embedding_hidden_64,train,153.0,0.6704537094803712
embedding_hidden_64,train,154.0,0.6700664211464504
embedding_hidden_64,train,155.0,0.6696812013705261
embedding_hidden_64,train,156.0,0.6692980339079098
embedding_hidden_64,train,157.0,0.6689169213698916
embedding_hidden_64,train,158.0,0.6685378697058499
embedding_hidden_64,train,159.0,0.6681608819840164
embedding_hidden_64,train,160.0,0.6677859033560003
embedding_hidden_64,train,161.0,0.6674129096652297
embedding_hidden_64,train,162.0,0.6670419354765976
embedding_hidden_64,train,163.0,0.6666729578254962
embedding_hidden_64,train,164.0,0.666305972341489
embedding_hidden_64,train,165.0,0.6659409958876714
embedding_hidden_64,train,166.0,0.6655780237237808
embedding_hidden_64,train,167.0,0.6652170073776638
embedding_hidden_64,train,168.0,0.6648579230205633
embedding_hidden_64,train,169.0,0.6645006954527055
embedding_hidden_64,train,170.0,0.6641453139343905
embedding_hidden_64,train,171.0,0.6637917898544361
embedding_hidden_64,train,172.0,0.6634401205950428
embedding_hidden_64,train,173.0,0.6630903121237768
embedding_hidden_64,train,174.0,0.662742336246637
embedding_hidden_64,train,175.0,0.6623962396254115
embedding_hidden_64,train,176.0,0.6620518978930883
embedding_hidden_64,train,177.0,0.661709329847699
embedding_hidden_64,train,178.0,0.6613685538868711
embedding_hidden_64,train,179.0,0.6610295566423137
embedding_hidden_64,train,180.0,0.6606923299623503
embedding_hidden_64,train,181.0,0.6603568824211318
embedding_hidden_64,train,182.0,0.6600232212662853
embedding_hidden_64,train,183.0,0.6596912626068282
embedding_hidden_64,train,184.0,0.6593610358853386
embedding_hidden_64,train,185.0,0.6590325714069044
embedding_hidden_64,train,186.0,0.6587057660040951
embedding_hidden_64,train,187.0,0.6583806124292609
embedding_hidden_64,train,188.0,0.6580570249387334
embedding_hidden_64,train,189.0,0.6577349858028991
embedding_hidden_64,train,190.0,0.657414504086448
embedding_hidden_64,train,191.0,0.6570956568227981
embedding_hidden_64,train,192.0,0.6567784347439302
embedding_hidden_64,train,193.0,0.6564628477758337
embedding_hidden_64,train,194.0,0.6561488488320555
embedding_hidden_64,train,195.0,0.655836438095041
embedding_hidden_64,train,196.0,0.6555255528114081
embedding_hidden_64,train,197.0,0.6552162203591121
embedding_hidden_64,train,198.0,0.65490842219704
embedding_hidden_64,train,199.0,0.6546021507184354
embedding_hidden_64,train,200.0,0.6542974385407965
embedding_hidden_64,test,1.0,0.7676827988647354
embedding_hidden_64,test,2.0,0.7668630832620671
embedding_hidden_64,test,3.0,0.7660492991917643
embedding_hidden_64,test,4.0,0.7652417000327444
embedding_hidden_64,test,5.0,0.7644399623282154
embedding_hidden_64,test,6.0,0.763644043594328
embedding_hidden_64,test,7.0,0.7628540386988016
embedding_hidden_64,test,8.0,0.7620697431673238
embedding_hidden_64,test,9.0,0.7612911806404836
embedding_hidden_64,test,10.0,0.7605183809401452
embedding_hidden_64,test,11.0,0.759751106291825
embedding_hidden_64,test,12.0,0.7589893340835722
embedding_hidden_64,test,13.0,0.7582331286635103
embedding_hidden_64,test,14.0,0.7574824356637784
embedding_hidden_64,test,15.0,0.7567374352029058
embedding_hidden_64,test,16.0,0.755998193074693
embedding_hidden_64,test,17.0,0.7552645819934884
embedding_hidden_64,test,18.0,0.7545363086409399
embedding_hidden_64,test,19.0,0.7538134371424304
embedding_hidden_64,test,20.0,0.7530959355112213
embedding_hidden_64,test,21.0,0.7523839804261752
embedding_hidden_64,test,22.0,0.751677112371149
embedding_hidden_64,test,23.0,0.7509755944129031
embedding_hidden_64,test,24.0,0.7502792526048092
embedding_hidden_64,test,25.0,0.7495879968792737
embedding_hidden_64,test,26.0,0.7489019937721897
embedding_hidden_64,test,27.0,0.7482210316749652
embedding_hidden_64,test,28.0,0.747545368507277
embedding_hidden_64,test,29.0,0.7468746833109458
embedding_hidden_64,test,30.0,0.7462089029297007
embedding_hidden_64,test,31.0,0.7455479280978576
embedding_hidden_64,test,32.0,0.7448918280708728
embedding_hidden_64,test,33.0,0.7442407126511021
embedding_hidden_64,test,34.0,0.7435944013357118
embedding_hidden_64,test,35.0,0.7429528598306663
embedding_hidden_64,test,36.0,0.7423161381745096
embedding_hidden_64,test,37.0,0.7416840134298883
embedding_hidden_64,test,38.0,0.7410565279518
embedding_hidden_64,test,39.0,0.7404337244769108
embedding_hidden_64,test,40.0,0.7398156626945037
embedding_hidden_64,test,41.0,0.7392021630974464
embedding_hidden_64,test,42.0,0.7385932941897069
embedding_hidden_64,test,43.0,0.7379889877719463
embedding_hidden_64,test,44.0,0.7373892118454711
embedding_hidden_64,test,45.0,0.736794001962496
embedding_hidden_64,test,46.0,0.7362031371500128
embedding_hidden_64,test,47.0,0.7356165265629141
embedding_hidden_64,test,48.0,0.7350344100379862
embedding_hidden_64,test,49.0,0.7344567115406305
embedding_hidden_64,test,50.0,0.7338832531029683
embedding_hidden_64,test,51.0,0.7333141573720678
embedding_hidden_64,test,52.0,0.7327495221202278
embedding_hidden_64,test,53.0,0.7321888232140799
embedding_hidden_64,test,54.0,0.7316324072220303
embedding_hidden_64,test,55.0,0.7310802420499314
embedding_hidden_64,test,56.0,0.7305320961583388
embedding_hidden_64,test,57.0,0.7299880377242609
embedding_hidden_64,test,58.0,0.7294479593381628
embedding_hidden_64,test,59.0,0.7289117553363804
embedding_hidden_64,test,60.0,0.7283793987899629
embedding_hidden_64,test,61.0,0.7278510753525327
embedding_hidden_64,test,62.0,0.7273266161893397
embedding_hidden_64,test,63.0,0.7268059847993028
embedding_hidden_64,test,64.0,0.7262893637105032
embedding_hidden_64,test,65.0,0.7257768565390809
embedding_hidden_64,test,66.0,0.7252680205867766
embedding_hidden_64,test,67.0,0.7247627350590868
embedding_hidden_64,test,68.0,0.7242612838724807
embedding_hidden_64,test,69.0,0.7237636816839296
embedding_hidden_64,test,70.0,0.7232699073845368
embedding_hidden_64,test,71.0,0.7227797835538258
embedding_hidden_64,test,72.0,0.7222933553145123
embedding_hidden_64,test,73.0,0.721810425608842
embedding_hidden_64,test,74.0,0.7213310714122321
embedding_hidden_64,test,75.0,0.720855248135211
embedding_hidden_64,test,76.0,0.7203830869434921
embedding_hidden_64,test,77.0,0.7199145991050842
embedding_hidden_64,test,78.0,0.7194496197906355
embedding_hidden_64,test,79.0,0.7189881142528947
embedding_hidden_64,test,80.0,0.7185301901605549
embedding_hidden_64,test,81.0,0.7180757035397829
embedding_hidden_64,test,82.0,0.7176245643160867
embedding_hidden_64,test,83.0,0.717176808502694
embedding_hidden_64,test,84.0,0.7167323271791652
embedding_hidden_64,test,85.0,0.7162912266539323
embedding_hidden_64,test,86.0,0.7158533934131468
embedding_hidden_64,test,87.0,0.7154189451177275
embedding_hidden_64,test,88.0,0.7149876318825555
embedding_hidden_64,test,89.0,0.7145593615386958
embedding_hidden_64,test,90.0,0.7141342804726747
embedding_hidden_64,test,91.0,0.7137123069678256
embedding_hidden_64,test,92.0,0.7132935090556173
embedding_hidden_64,test,93.0,0.7128779444256137
embedding_hidden_64,test,94.0,0.7124655315907966
embedding_hidden_64,test,95.0,0.7120560171197462
embedding_hidden_64,test,96.0,0.7116496528649634
embedding_hidden_64,test,97.0,0.7112463656549807
embedding_hidden_64,test,98.0,0.7108460206965703
embedding_hidden_64,test,99.0,0.710448465424633
embedding_hidden_64,test,100.0,0.7100536806955858
embedding_hidden_64,test,101.0,0.7096618791803617
embedding_hidden_64,test,102.0,0.7092730531083784
embedding_hidden_64,test,103.0,0.7088871975802323
embedding_hidden_64,test,104.0,0.7085041055357839
embedding_hidden_64,test,105.0,0.7081237952121411
embedding_hidden_64,test,106.0,0.7077462703221737
embedding_hidden_64,test,107.0,0.7073714781372293
embedding_hidden_64,test,108.0,0.7069991779470653
embedding_hidden_64,test,109.0,0.7066295298524019
embedding_hidden_64,test,110.0,0.7062625467035735
embedding_hidden_64,test,111.0,0.7058982766502467
embedding_hidden_64,test,112.0,0.7055365837648189
embedding_hidden_64,test,113.0,0.7051775498660486
embedding_hidden_64,test,114.0,0.7048211475271555
embedding_hidden_64,test,115.0,0.7044673882777323
embedding_hidden_64,test,116.0,0.7041162274431002
embedding_hidden_64,test,117.0,0.7037674756735779
embedding_hidden_64,test,118.0,0.703421416567285
embedding_hidden_64,test,119.0,0.703077678131025
embedding_hidden_64,test,120.0,0.7027364808073658
embedding_hidden_64,test,121.0,0.7023977220177333
embedding_hidden_64,test,122.0,0.7020614261868316
embedding_hidden_64,test,123.0,0.7017274610794908
embedding_hidden_64,test,124.0,0.7013958252478802
embedding_hidden_64,test,125.0,0.7010667350976831
embedding_hidden_64,test,126.0,0.7007401024082982
embedding_hidden_64,test,127.0,0.7004159265426158
embedding_hidden_64,test,128.0,0.7000940902071496
embedding_hidden_64,test,129.0,0.699774575520089
embedding_hidden_64,test,130.0,0.6994573871047886
embedding_hidden_64,test,131.0,0.6991425479916138
embedding_hidden_64,test,132.0,0.6988299147039433
embedding_hidden_64,test,133.0,0.698519476864293
embedding_hidden_64,test,134.0,0.6982111963989348
embedding_hidden_64,test,135.0,0.6979051580215163
embedding_hidden_64,test,136.0,0.6976013578422752
embedding_hidden_64,test,137.0,0.697299864814416
embedding_hidden_64,test,138.0,0.6970006024573012
embedding_hidden_64,test,139.0,0.6967033187101292
embedding_hidden_64,test,140.0,0.6964081677329237
embedding_hidden_64,test,141.0,0.6961150986013968
embedding_hidden_64,test,142.0,0.6958241660534592
embedding_hidden_64,test,143.0,0.6955353854684667
embedding_hidden_64,test,144.0,0.6952487274658458
embedding_hidden_64,test,145.0,0.6949640460776654
embedding_hidden_64,test,146.0,0.6946814054343584
embedding_hidden_64,test,147.0,0.6944009090917391
embedding_hidden_64,test,148.0,0.694122423561622
embedding_hidden_64,test,149.0,0.6938459909471195
embedding_hidden_64,test,150.0,0.693571255946223
embedding_hidden_64,test,151.0,0.6932985344063487
embedding_hidden_64,test,152.0,0.6930277610749979
embedding_hidden_64,test,153.0,0.6927588532898217
embedding_hidden_64,test,154.0,0.6924917443539975
embedding_hidden_64,test,155.0,0.6922266257223109
embedding_hidden_64,test,156.0,0.691963516258688
embedding_hidden_64,test,157.0,0.6917022317938633
embedding_hidden_64,test,158.0,0.6914428276770527
embedding_hidden_64,test,159.0,0.6911852328852777
embedding_hidden_64,test,160.0,0.6909294597554287
embedding_hidden_64,test,161.0,0.6906754311203541
embedding_hidden_64,test,162.0,0.6904231846163523
embedding_hidden_64,test,163.0,0.6901727003279798
embedding_hidden_64,test,164.0,0.6899238438135338
embedding_hidden_64,test,165.0,0.6896767141633042
embedding_hidden_64,test,166.0,0.6894313247404217
embedding_hidden_64,test,167.0,0.6891875976732897
embedding_hidden_64,test,168.0,0.6889456196730934
embedding_hidden_64,test,169.0,0.6887052558931819
embedding_hidden_64,test,170.0,0.6884665691467058
embedding_hidden_64,test,171.0,0.6882295631406479
embedding_hidden_64,test,172.0,0.6879943021474795
embedding_hidden_64,test,173.0,0.6877606474139301
embedding_hidden_64,test,174.0,0.6875286209576639
embedding_hidden_64,test,175.0,0.6872981814674044
embedding_hidden_64,test,176.0,0.6870694311155152
embedding_hidden_64,test,177.0,0.6868422128180622
embedding_hidden_64,test,178.0,0.6866166376913008
embedding_hidden_64,test,179.0,0.6863926032173733
embedding_hidden_64,test,180.0,0.6861701852592725
embedding_hidden_64,test,181.0,0.6859493147891025
embedding_hidden_64,test,182.0,0.6857300118248773
embedding_hidden_64,test,183.0,0.6855122290972264
embedding_hidden_64,test,184.0,0.6852960462629216
embedding_hidden_64,test,185.0,0.6850814840634245
embedding_hidden_64,test,186.0,0.6848683816681144
embedding_hidden_64,test,187.0,0.6846566327257407
embedding_hidden_64,test,188.0,0.6844463161056202
embedding_hidden_64,test,189.0,0.6842373286842263
embedding_hidden_64,test,190.0,0.6840299161577862
embedding_hidden_64,test,191.0,0.6838239163578191
embedding_hidden_64,test,192.0,0.6836193843910072
embedding_hidden_64,test,193.0,0.6834162125144265
embedding_hidden_64,test,194.0,0.6832144888012539
embedding_hidden_64,test,195.0,0.6830141986692777
embedding_hidden_64,test,196.0,0.6828152560897003
embedding_hidden_64,test,197.0,0.6826176772359189
embedding_hidden_64,test,198.0,0.6824214033374556
embedding_hidden_64,test,199.0,0.6822265689365545
embedding_hidden_64,test,200.0,0.6820330437087879
embedding_hidden_4,train,1.0,0.7535102852372951
embedding_hidden_4,train,2.0,0.7528623161500633
embedding_hidden_4,train,3.0,0.7522201789561408
embedding_hidden_4,train,4.0,0.7515837490152666
embedding_hidden_4,train,5.0,0.750954581134729
embedding_hidden_4,train,6.0,0.7503314875282242
embedding_hidden_4,train,7.0,0.7497142751573864
embedding_hidden_4,train,8.0,0.7491031166691473
embedding_hidden_4,train,9.0,0.7484979819953992
embedding_hidden_4,train,10.0,0.7478967462884276
embedding_hidden_4,train,11.0,0.7472994644431259
embedding_hidden_4,train,12.0,0.7467078369452185
embedding_hidden_4,train,13.0,0.7461214809415606
embedding_hidden_4,train,14.0,0.7455403424600063
embedding_hidden_4,train,15.0,0.7449643594844162
embedding_hidden_4,train,16.0,0.7443922921941449
embedding_hidden_4,train,17.0,0.74382529896232
embedding_hidden_4,train,18.0,0.743263281943318
embedding_hidden_4,train,19.0,0.7427059061981935
embedding_hidden_4,train,20.0,0.7421525801172304
embedding_hidden_4,train,21.0,0.7416038793822637
embedding_hidden_4,train,22.0,0.741059961514444
embedding_hidden_4,train,23.0,0.7405207117633991
embedding_hidden_4,train,24.0,0.7399868846814008
embedding_hidden_4,train,25.0,0.739457311680932
embedding_hidden_4,train,26.0,0.7389315002005958
embedding_hidden_4,train,27.0,0.7384088956162049
embedding_hidden_4,train,28.0,0.7378897389752573
embedding_hidden_4,train,29.0,0.7373749113464644
embedding_hidden_4,train,30.0,0.7368660421360652
embedding_hidden_4,train,31.0,0.7363621897526503
embedding_hidden_4,train,32.0,0.735863257144143
embedding_hidden_4,train,33.0,0.7353681537003172
embedding_hidden_4,train,34.0,0.7348760487893362
embedding_hidden_4,train,35.0,0.734388912829057
embedding_hidden_4,train,36.0,0.7339057517630048
embedding_hidden_4,train,37.0,0.733426140442911
embedding_hidden_4,train,38.0,0.7329498164283922
embedding_hidden_4,train,39.0,0.7324773718062003
embedding_hidden_4,train,40.0,0.7320087609160961
embedding_hidden_4,train,41.0,0.7315443184533563
embedding_hidden_4,train,42.0,0.7310836952320606
embedding_hidden_4,train,43.0,0.7306269370412813
embedding_hidden_4,train,44.0,0.730175009834337
embedding_hidden_4,train,45.0,0.7297266048315298
embedding_hidden_4,train,46.0,0.729281755105771
embedding_hidden_4,train,47.0,0.728840928893873
embedding_hidden_4,train,48.0,0.7284042493218104
embedding_hidden_4,train,49.0,0.7279712985539435
embedding_hidden_4,train,50.0,0.727541187557491
embedding_hidden_4,train,51.0,0.7271135684943851
embedding_hidden_4,train,52.0,0.7266890463432015
embedding_hidden_4,train,53.0,0.726267392469073
embedding_hidden_4,train,54.0,0.7258492593395014
embedding_hidden_4,train,55.0,0.7254339385166557
embedding_hidden_4,train,56.0,0.7250218931607313
embedding_hidden_4,train,57.0,0.7246119223738947
embedding_hidden_4,train,58.0,0.7242046012768834
embedding_hidden_4,train,59.0,0.7238002721355639
embedding_hidden_4,train,60.0,0.7233992170463515
embedding_hidden_4,train,61.0,0.7230017240609012
embedding_hidden_4,train,62.0,0.7226065767459978
embedding_hidden_4,train,63.0,0.7222147483568062
embedding_hidden_4,train,64.0,0.7218260034707986
embedding_hidden_4,train,65.0,0.7214407213124393
embedding_hidden_4,train,66.0,0.7210586209782692
embedding_hidden_4,train,67.0,0.7206794180677185
embedding_hidden_4,train,68.0,0.7203029501686391
embedding_hidden_4,train,69.0,0.7199287712929
embedding_hidden_4,train,70.0,0.719557221851016
embedding_hidden_4,train,71.0,0.7191879244000076
embedding_hidden_4,train,72.0,0.7188207280309513
embedding_hidden_4,train,73.0,0.7184561139022063
embedding_hidden_4,train,74.0,0.7180938039492266
embedding_hidden_4,train,75.0,0.7177340152488854
embedding_hidden_4,train,76.0,0.7173764729629896
embedding_hidden_4,train,77.0,0.7170208428453435
embedding_hidden_4,train,78.0,0.7166682409953711
embedding_hidden_4,train,79.0,0.7163181964127665
embedding_hidden_4,train,80.0,0.715970258804248
embedding_hidden_4,train,81.0,0.7156243365829816
embedding_hidden_4,train,82.0,0.7152806418352806
embedding_hidden_4,train,83.0,0.7149400881683349
embedding_hidden_4,train,84.0,0.7146023926258206
embedding_hidden_4,train,85.0,0.7142671319010002
embedding_hidden_4,train,86.0,0.7139335200243667
embedding_hidden_4,train,87.0,0.7136016551245912
embedding_hidden_4,train,88.0,0.7132718820420206
embedding_hidden_4,train,89.0,0.7129442337433151
embedding_hidden_4,train,90.0,0.7126179448175404
embedding_hidden_4,train,91.0,0.712293313090128
embedding_hidden_4,train,92.0,0.7119704594936754
embedding_hidden_4,train,93.0,0.711649547713596
embedding_hidden_4,train,94.0,0.7113303483192239
embedding_hidden_4,train,95.0,0.7110133284633512
embedding_hidden_4,train,96.0,0.710698738711114
embedding_hidden_4,train,97.0,0.7103864311641914
embedding_hidden_4,train,98.0,0.7100763615070627
embedding_hidden_4,train,99.0,0.7097680313835809
embedding_hidden_4,train,100.0,0.7094615679574747
embedding_hidden_4,train,101.0,0.7091571460906307
embedding_hidden_4,train,102.0,0.7088544129047621
embedding_hidden_4,train,103.0,0.708552392336286
embedding_hidden_4,train,104.0,0.7082519929386939
embedding_hidden_4,train,105.0,0.7079533990899318
embedding_hidden_4,train,106.0,0.7076567148674977
embedding_hidden_4,train,107.0,0.7073610541942927
embedding_hidden_4,train,108.0,0.7070670409391575
embedding_hidden_4,train,109.0,0.706775183717548
embedding_hidden_4,train,110.0,0.7064853911415544
embedding_hidden_4,train,111.0,0.7061974427421424
embedding_hidden_4,train,112.0,0.7059114013557294
embedding_hidden_4,train,113.0,0.7056271650039162
embedding_hidden_4,train,114.0,0.70534465171589
embedding_hidden_4,train,115.0,0.7050633503351744
embedding_hidden_4,train,116.0,0.7047831733681958
embedding_hidden_4,train,117.0,0.704504817975635
embedding_hidden_4,train,118.0,0.7042282837945827
embedding_hidden_4,train,119.0,0.7039536669149149
embedding_hidden_4,train,120.0,0.7036809915086802
embedding_hidden_4,train,121.0,0.7034097281476532
embedding_hidden_4,train,122.0,0.7031397153234937
embedding_hidden_4,train,123.0,0.7028707073816478
embedding_hidden_4,train,124.0,0.7026036077090227
embedding_hidden_4,train,125.0,0.7023382529951254
embedding_hidden_4,train,126.0,0.7020744356761344
embedding_hidden_4,train,127.0,0.7018123781941314
embedding_hidden_4,train,128.0,0.7015516016263776
embedding_hidden_4,train,129.0,0.7012928219654848
embedding_hidden_4,train,130.0,0.7010356967869953
embedding_hidden_4,train,131.0,0.7007799062224382
embedding_hidden_4,train,132.0,0.7005252708413742
embedding_hidden_4,train,133.0,0.7002718719582559
embedding_hidden_4,train,134.0,0.7000198037917165
embedding_hidden_4,train,135.0,0.6997688635221648
embedding_hidden_4,train,136.0,0.6995190688655323
embedding_hidden_4,train,137.0,0.6992705109030831
embedding_hidden_4,train,138.0,0.6990233695876868
embedding_hidden_4,train,139.0,0.6987778122208557
embedding_hidden_4,train,140.0,0.698533619770873
embedding_hidden_4,train,141.0,0.698291019443698
embedding_hidden_4,train,142.0,0.6980499862781973
embedding_hidden_4,train,143.0,0.697810318284948
embedding_hidden_4,train,144.0,0.6975718716123949
embedding_hidden_4,train,145.0,0.6973346067893975
embedding_hidden_4,train,146.0,0.6970981714400691
embedding_hidden_4,train,147.0,0.6968629673203145
embedding_hidden_4,train,148.0,0.6966293073551744
embedding_hidden_4,train,149.0,0.6963966745652458
embedding_hidden_4,train,150.0,0.6961654027630292
embedding_hidden_4,train,151.0,0.6959353500953729
embedding_hidden_4,train,152.0,0.6957064534242192
embedding_hidden_4,train,153.0,0.6954787178298327
embedding_hidden_4,train,154.0,0.6952524780751906
embedding_hidden_4,train,155.0,0.6950273287111892
embedding_hidden_4,train,156.0,0.694802925977651
embedding_hidden_4,train,157.0,0.6945797253946153
embedding_hidden_4,train,158.0,0.6943574922172495
embedding_hidden_4,train,159.0,0.6941362416897207
embedding_hidden_4,train,160.0,0.6939161059081327
embedding_hidden_4,train,161.0,0.6936970899243069
embedding_hidden_4,train,162.0,0.6934788850551611
embedding_hidden_4,train,163.0,0.6932616614018627
embedding_hidden_4,train,164.0,0.693045351532456
embedding_hidden_4,train,165.0,0.6928301363827616
embedding_hidden_4,train,166.0,0.6926151085178349
embedding_hidden_4,train,167.0,0.6924013100733382
embedding_hidden_4,train,168.0,0.6921881411999705
embedding_hidden_4,train,169.0,0.6919756696021898
embedding_hidden_4,train,170.0,0.6917640529322628
embedding_hidden_4,train,171.0,0.6915532101540266
embedding_hidden_4,train,172.0,0.6913434525592563
embedding_hidden_4,train,173.0,0.6911349766890663
embedding_hidden_4,train,174.0,0.6909275054311336
embedding_hidden_4,train,175.0,0.6907208407307699
embedding_hidden_4,train,176.0,0.6905150844866846
embedding_hidden_4,train,177.0,0.6903102381053002
embedding_hidden_4,train,178.0,0.6901063413550832
embedding_hidden_4,train,179.0,0.6899035627253584
embedding_hidden_4,train,180.0,0.6897016773468528
embedding_hidden_4,train,181.0,0.6895006563726056
embedding_hidden_4,train,182.0,0.6893005869751423
embedding_hidden_4,train,183.0,0.6891011172679199
embedding_hidden_4,train,184.0,0.6889019865267627
embedding_hidden_4,train,185.0,0.6887037170614545
embedding_hidden_4,train,186.0,0.6885064773025016
embedding_hidden_4,train,187.0,0.688309770327019
embedding_hidden_4,train,188.0,0.688113599959677
embedding_hidden_4,train,189.0,0.6879184141925881
embedding_hidden_4,train,190.0,0.6877242961302509
embedding_hidden_4,train,191.0,0.6875310088900701
embedding_hidden_4,train,192.0,0.6873385574841844
embedding_hidden_4,train,193.0,0.6871471236643358
embedding_hidden_4,train,194.0,0.6869566953959303
embedding_hidden_4,train,195.0,0.6867672928967363
embedding_hidden_4,train,196.0,0.6865785198057694
embedding_hidden_4,train,197.0,0.6863904475989019
embedding_hidden_4,train,198.0,0.6862031869429677
embedding_hidden_4,train,199.0,0.6860165487309191
embedding_hidden_4,train,200.0,0.6858306898188009
embedding_hidden_4,test,1.0,0.7556018772821459
embedding_hidden_4,test,2.0,0.7551189457547027
embedding_hidden_4,test,3.0,0.7546401466234982
embedding_hidden_4,test,4.0,0.7541672777818086
embedding_hidden_4,test,5.0,0.7536988279052107
embedding_hidden_4,test,6.0,0.7532357364498454
embedding_hidden_4,test,7.0,0.7527775478839274
embedding_hidden_4,test,8.0,0.7523224465512043
embedding_hidden_4,test,9.0,0.7518701362535924
embedding_hidden_4,test,10.0,0.7514218407261204
embedding_hidden_4,test,11.0,0.7509788205482136
embedding_hidden_4,test,12.0,0.7505400779191985
embedding_hidden_4,test,13.0,0.750104953284201
embedding_hidden_4,test,14.0,0.7496745913459447
embedding_hidden_4,test,15.0,0.749247839484967
embedding_hidden_4,test,16.0,0.7488241722254163
embedding_hidden_4,test,17.0,0.7484055851128455
embedding_hidden_4,test,18.0,0.7479915711159216
embedding_hidden_4,test,19.0,0.7475823301438176
embedding_hidden_4,test,20.0,0.7471767624457412
embedding_hidden_4,test,21.0,0.7467751151638597
embedding_hidden_4,test,22.0,0.7463769147103131
embedding_hidden_4,test,23.0,0.7459842715616327
embedding_hidden_4,test,24.0,0.7455959241033518
embedding_hidden_4,test,25.0,0.7452100187821363
embedding_hidden_4,test,26.0,0.7448271763275398
embedding_hidden_4,test,27.0,0.7444478323638465
embedding_hidden_4,test,28.0,0.7440721389290236
embedding_hidden_4,test,29.0,0.74370055498478
embedding_hidden_4,test,30.0,0.7433319315206653
embedding_hidden_4,test,31.0,0.7429666390391523
embedding_hidden_4,test,32.0,0.7426036132070843
embedding_hidden_4,test,33.0,0.7422433234630167
embedding_hidden_4,test,34.0,0.7418877967311035
embedding_hidden_4,test,35.0,0.7415364964200317
embedding_hidden_4,test,36.0,0.7411890298651359
embedding_hidden_4,test,37.0,0.7408446885569667
embedding_hidden_4,test,38.0,0.7405039038000721
embedding_hidden_4,test,39.0,0.7401674766956017
embedding_hidden_4,test,40.0,0.7398348482879588
embedding_hidden_4,test,41.0,0.7395056653687511
embedding_hidden_4,test,42.0,0.7391800539494959
embedding_hidden_4,test,43.0,0.7388575429859762
embedding_hidden_4,test,44.0,0.7385376219420956
embedding_hidden_4,test,45.0,0.7382212037305658
embedding_hidden_4,test,46.0,0.7379063200050562
embedding_hidden_4,test,47.0,0.7375950901539724
embedding_hidden_4,test,48.0,0.7372861601594357
embedding_hidden_4,test,49.0,0.7369799399430255
embedding_hidden_4,test,50.0,0.7366748508538131
embedding_hidden_4,test,51.0,0.7363712006067302
embedding_hidden_4,test,52.0,0.7360697800405449
embedding_hidden_4,test,53.0,0.7357710829974206
embedding_hidden_4,test,54.0,0.7354749790791602
embedding_hidden_4,test,55.0,0.7351813815541451
embedding_hidden_4,test,56.0,0.7348902588170677
embedding_hidden_4,test,57.0,0.7346014566072678
embedding_hidden_4,test,58.0,0.7343133690658604
embedding_hidden_4,test,59.0,0.7340287112392729
embedding_hidden_4,test,60.0,0.7337498971138162
embedding_hidden_4,test,61.0,0.7334755244186396
embedding_hidden_4,test,62.0,0.7332032352776366
embedding_hidden_4,test,63.0,0.7329330140492436
embedding_hidden_4,test,64.0,0.7326653968777174
embedding_hidden_4,test,65.0,0.7324002084503392
embedding_hidden_4,test,66.0,0.7321364640858579
embedding_hidden_4,test,67.0,0.7318758102986552
embedding_hidden_4,test,68.0,0.7316177567743523
embedding_hidden_4,test,69.0,0.7313624152880849
embedding_hidden_4,test,70.0,0.7311105250219049
embedding_hidden_4,test,71.0,0.7308603159787699
embedding_hidden_4,test,72.0,0.7306126891955035
embedding_hidden_4,test,73.0,0.7303678126391108
embedding_hidden_4,test,74.0,0.7301248738702887
embedding_hidden_4,test,75.0,0.7298831474157561
embedding_hidden_4,test,76.0,0.7296434954720173
embedding_hidden_4,test,77.0,0.7294060574280381
embedding_hidden_4,test,78.0,0.7291711699129991
embedding_hidden_4,test,79.0,0.7289375430145992
embedding_hidden_4,test,80.0,0.7287049650087465
embedding_hidden_4,test,81.0,0.7284739614122175
embedding_hidden_4,test,82.0,0.7282451916365917
embedding_hidden_4,test,83.0,0.7280177445264852
embedding_hidden_4,test,84.0,0.7277935368088193
embedding_hidden_4,test,85.0,0.727570132443186
embedding_hidden_4,test,86.0,0.7273496910721363
embedding_hidden_4,test,87.0,0.7271305572788542
embedding_hidden_4,test,88.0,0.7269133828102633
embedding_hidden_4,test,89.0,0.7266978281172484
embedding_hidden_4,test,90.0,0.7264842449275953
embedding_hidden_4,test,91.0,0.7262717133118437
embedding_hidden_4,test,92.0,0.7260620896585788
embedding_hidden_4,test,93.0,0.7258533134045863
embedding_hidden_4,test,94.0,0.7256461636315731
embedding_hidden_4,test,95.0,0.7254407425382948
embedding_hidden_4,test,96.0,0.7252360242963473
embedding_hidden_4,test,97.0,0.7250325994368952
embedding_hidden_4,test,98.0,0.7248302577223684
embedding_hidden_4,test,99.0,0.7246293766216062
embedding_hidden_4,test,100.0,0.7244301775937905
embedding_hidden_4,test,101.0,0.7242326276918724
embedding_hidden_4,test,102.0,0.7240351571104348
embedding_hidden_4,test,103.0,0.7238392647935025
embedding_hidden_4,test,104.0,0.723644428889233
embedding_hidden_4,test,105.0,0.7234513883431648
embedding_hidden_4,test,106.0,0.7232594204096093
embedding_hidden_4,test,107.0,0.7230694890491357
embedding_hidden_4,test,108.0,0.7228809501009537
embedding_hidden_4,test,109.0,0.7226946175602035
embedding_hidden_4,test,110.0,0.7225092587226368
embedding_hidden_4,test,111.0,0.7223243854596044
embedding_hidden_4,test,112.0,0.7221423686345292
embedding_hidden_4,test,113.0,0.721961487508267
embedding_hidden_4,test,114.0,0.7217822193784182
embedding_hidden_4,test,115.0,0.7216040440652879
embedding_hidden_4,test,116.0,0.7214269901738217
embedding_hidden_4,test,117.0,0.721251699738119
embedding_hidden_4,test,118.0,0.7210789501464577
embedding_hidden_4,test,119.0,0.7209069139500851
embedding_hidden_4,test,120.0,0.7207364550940458
embedding_hidden_4,test,121.0,0.7205665725530556
embedding_hidden_4,test,122.0,0.7203973601002706
embedding_hidden_4,test,123.0,0.7202291429714622
embedding_hidden_4,test,124.0,0.7200623067312175
embedding_hidden_4,test,125.0,0.7198957490763817
embedding_hidden_4,test,126.0,0.71972962582944
embedding_hidden_4,test,127.0,0.7195645908779579
embedding_hidden_4,test,128.0,0.7194003961670052
embedding_hidden_4,test,129.0,0.7192371654926977
embedding_hidden_4,test,130.0,0.7190753901580311
embedding_hidden_4,test,131.0,0.7189142521498288
embedding_hidden_4,test,132.0,0.7187541661086788
embedding_hidden_4,test,133.0,0.7185950418676448
embedding_hidden_4,test,134.0,0.7184361517773197
embedding_hidden_4,test,135.0,0.7182784926806288
embedding_hidden_4,test,136.0,0.7181226552743134
embedding_hidden_4,test,137.0,0.7179675666385441
embedding_hidden_4,test,138.0,0.7178136424533074
embedding_hidden_4,test,139.0,0.7176600107600389
embedding_hidden_4,test,140.0,0.7175077406918581
embedding_hidden_4,test,141.0,0.717356427886837
embedding_hidden_4,test,142.0,0.7172065010760285
embedding_hidden_4,test,143.0,0.7170575784408196
embedding_hidden_4,test,144.0,0.7169096424289225
embedding_hidden_4,test,145.0,0.7167618710697037
embedding_hidden_4,test,146.0,0.716614949116152
embedding_hidden_4,test,147.0,0.7164698981766795
embedding_hidden_4,test,148.0,0.7163263069885816
embedding_hidden_4,test,149.0,0.7161835636680783
embedding_hidden_4,test,150.0,0.7160415512997081
embedding_hidden_4,test,151.0,0.715900613090956
embedding_hidden_4,test,152.0,0.7157603226735947
embedding_hidden_4,test,153.0,0.7156206709424446
embedding_hidden_4,test,154.0,0.7154832377231071
embedding_hidden_4,test,155.0,0.7153452601199157
embedding_hidden_4,test,156.0,0.7152083913573376
embedding_hidden_4,test,157.0,0.7150724277668644
embedding_hidden_4,test,158.0,0.714936342211407
embedding_hidden_4,test,159.0,0.7148009389162879
embedding_hidden_4,test,160.0,0.7146675275354627
embedding_hidden_4,test,161.0,0.7145336619034934
embedding_hidden_4,test,162.0,0.7144011008050912
embedding_hidden_4,test,163.0,0.714268387363352
embedding_hidden_4,test,164.0,0.714136341096056
embedding_hidden_4,test,165.0,0.7140051269707082
embedding_hidden_4,test,166.0,0.7138735019496589
embedding_hidden_4,test,167.0,0.7137434587022529
embedding_hidden_4,test,168.0,0.7136143638510706
embedding_hidden_4,test,169.0,0.7134854437006861
embedding_hidden_4,test,170.0,0.7133579764694774
embedding_hidden_4,test,171.0,0.7132307773736521
embedding_hidden_4,test,172.0,0.7131043754478903
embedding_hidden_4,test,173.0,0.7129786404080586
embedding_hidden_4,test,174.0,0.7128544554550624
embedding_hidden_4,test,175.0,0.7127302402822027
embedding_hidden_4,test,176.0,0.7126069979899115
embedding_hidden_4,test,177.0,0.7124848001435159
embedding_hidden_4,test,178.0,0.7123627635100201
embedding_hidden_4,test,179.0,0.7122417425111826
embedding_hidden_4,test,180.0,0.7121215429071809
embedding_hidden_4,test,181.0,0.7120014219471501
embedding_hidden_4,test,182.0,0.7118816373339377
embedding_hidden_4,test,183.0,0.7117626929459082
embedding_hidden_4,test,184.0,0.7116443718023064
embedding_hidden_4,test,185.0,0.7115268052356014
embedding_hidden_4,test,186.0,0.7114106863276144
embedding_hidden_4,test,187.0,0.7112935276397592
embedding_hidden_4,test,188.0,0.7111777324535716
embedding_hidden_4,test,189.0,0.7110633870028961
embedding_hidden_4,test,190.0,0.7109488762863723
embedding_hidden_4,test,191.0,0.7108351471755641
embedding_hidden_4,test,192.0,0.7107221338376213
embedding_hidden_4,test,193.0,0.710610017764829
embedding_hidden_4,test,194.0,0.7104983634557218
embedding_hidden_4,test,195.0,0.7103873406779895
embedding_hidden_4,test,196.0,0.7102773722014797
embedding_hidden_4,test,197.0,0.7101668123302382
embedding_hidden_4,test,198.0,0.7100574667848718
embedding_hidden_4,test,199.0,0.709948152154173
embedding_hidden_4,test,200.0,0.7098403895455336
embedding_hidden_8,train,1.0,0.7624474802021393
embedding_hidden_8,train,2.0,0.7617185409383656
embedding_hidden_8,train,3.0,0.7609956261546984
embedding_hidden_8,train,4.0,0.7602781480352345
embedding_hidden_8,train,5.0,0.7595658683594035
embedding_hidden_8,train,6.0,0.7588585895654842
embedding_hidden_8,train,7.0,0.7581564728498027
embedding_hidden_8,train,8.0,0.7574593809403931
embedding_hidden_8,train,9.0,0.7567687757658386
embedding_hidden_8,train,10.0,0.7560834976500972
embedding_hidden_8,train,11.0,0.7554026329553268
embedding_hidden_8,train,12.0,0.7547264180877249
embedding_hidden_8,train,13.0,0.7540561759867999
embedding_hidden_8,train,14.0,0.753392091927218
embedding_hidden_8,train,15.0,0.7527331757459157
embedding_hidden_8,train,16.0,0.7520777820954525
embedding_hidden_8,train,17.0,0.7514276300971647
embedding_hidden_8,train,18.0,0.7507823353464953
embedding_hidden_8,train,19.0,0.7501419993068313
embedding_hidden_8,train,20.0,0.7495063887572571
embedding_hidden_8,train,21.0,0.7488753388630904
embedding_hidden_8,train,22.0,0.7482487546293309
embedding_hidden_8,train,23.0,0.7476263707928537
embedding_hidden_8,train,24.0,0.7470102956599125
embedding_hidden_8,train,25.0,0.7463997898680632
embedding_hidden_8,train,26.0,0.7457940797598087
embedding_hidden_8,train,27.0,0.7451927201281989
embedding_hidden_8,train,28.0,0.744594891345586
embedding_hidden_8,train,29.0,0.7440011162030835
embedding_hidden_8,train,30.0,0.7434113390797957
embedding_hidden_8,train,31.0,0.742825605609893
embedding_hidden_8,train,32.0,0.7422441066578593
embedding_hidden_8,train,33.0,0.7416657902024517
embedding_hidden_8,train,34.0,0.7410915582530008
embedding_hidden_8,train,35.0,0.7405210533708438
embedding_hidden_8,train,36.0,0.7399546166308881
embedding_hidden_8,train,37.0,0.7393917207732804
embedding_hidden_8,train,38.0,0.738833234877905
embedding_hidden_8,train,39.0,0.7382795128780627
embedding_hidden_8,train,40.0,0.7377295274457062
embedding_hidden_8,train,41.0,0.7371830611106559
embedding_hidden_8,train,42.0,0.7366395786531116
embedding_hidden_8,train,43.0,0.7361004812710912
embedding_hidden_8,train,44.0,0.735565347362471
embedding_hidden_8,train,45.0,0.735034116112321
embedding_hidden_8,train,46.0,0.7345070434608961
embedding_hidden_8,train,47.0,0.7339839999075572
embedding_hidden_8,train,48.0,0.7334646058216402
embedding_hidden_8,train,49.0,0.7329493536359564
embedding_hidden_8,train,50.0,0.7324381862193615
embedding_hidden_8,train,51.0,0.7319304187844732
embedding_hidden_8,train,52.0,0.7314256259259411
embedding_hidden_8,train,53.0,0.7309243453794769
embedding_hidden_8,train,54.0,0.7304278240074829
embedding_hidden_8,train,55.0,0.7299347697510845
embedding_hidden_8,train,56.0,0.7294456653116462
embedding_hidden_8,train,57.0,0.7289592656614186
embedding_hidden_8,train,58.0,0.7284754533775624
embedding_hidden_8,train,59.0,0.7279942924682603
embedding_hidden_8,train,60.0,0.7275170695183946
embedding_hidden_8,train,61.0,0.7270433821912335
embedding_hidden_8,train,62.0,0.7265727876585842
embedding_hidden_8,train,63.0,0.7261054150247447
embedding_hidden_8,train,64.0,0.7256419141754973
embedding_hidden_8,train,65.0,0.7251816419337962
embedding_hidden_8,train,66.0,0.7247247917485888
embedding_hidden_8,train,67.0,0.724271574398961
embedding_hidden_8,train,68.0,0.7238219290959637
embedding_hidden_8,train,69.0,0.7233759771840664
embedding_hidden_8,train,70.0,0.7229341291073191
embedding_hidden_8,train,71.0,0.72249601702373
embedding_hidden_8,train,72.0,0.7220610380603236
embedding_hidden_8,train,73.0,0.7216289158044757
embedding_hidden_8,train,74.0,0.7211992322343509
embedding_hidden_8,train,75.0,0.7207723076706203
embedding_hidden_8,train,76.0,0.7203480983188455
embedding_hidden_8,train,77.0,0.7199266890742699
embedding_hidden_8,train,78.0,0.7195081121187433
embedding_hidden_8,train,79.0,0.7190922209190896
embedding_hidden_8,train,80.0,0.7186790932029214
embedding_hidden_8,train,81.0,0.7182686844066761
embedding_hidden_8,train,82.0,0.7178606610930607
embedding_hidden_8,train,83.0,0.7174550697272263
embedding_hidden_8,train,84.0,0.7170517001910943
embedding_hidden_8,train,85.0,0.7166511857597293
embedding_hidden_8,train,86.0,0.7162532522805911
embedding_hidden_8,train,87.0,0.715858186871015
embedding_hidden_8,train,88.0,0.7154656177776467
embedding_hidden_8,train,89.0,0.715075759099614
embedding_hidden_8,train,90.0,0.714688586394698
embedding_hidden_8,train,91.0,0.7143044040432294
embedding_hidden_8,train,92.0,0.7139225176690933
embedding_hidden_8,train,93.0,0.7135428904003334
embedding_hidden_8,train,94.0,0.7131658740075333
embedding_hidden_8,train,95.0,0.7127913444057882
embedding_hidden_8,train,96.0,0.7124186085470952
embedding_hidden_8,train,97.0,0.7120478966353317
embedding_hidden_8,train,98.0,0.7116794053097786
embedding_hidden_8,train,99.0,0.7113129558086224
embedding_hidden_8,train,100.0,0.7109481534771586
embedding_hidden_8,train,101.0,0.7105853284062815
embedding_hidden_8,train,102.0,0.7102245386315383
embedding_hidden_8,train,103.0,0.7098656123752105
embedding_hidden_8,train,104.0,0.7095092194563649
embedding_hidden_8,train,105.0,0.7091548154696534
embedding_hidden_8,train,106.0,0.7088022254221208
embedding_hidden_8,train,107.0,0.7084516569905833
embedding_hidden_8,train,108.0,0.7081026835005986
embedding_hidden_8,train,109.0,0.7077549315175322
embedding_hidden_8,train,110.0,0.7074092505001308
embedding_hidden_8,train,111.0,0.7070658058847336
embedding_hidden_8,train,112.0,0.7067247886614474
embedding_hidden_8,train,113.0,0.7063858809416135
embedding_hidden_8,train,114.0,0.7060487610107595
embedding_hidden_8,train,115.0,0.7057137292449758
embedding_hidden_8,train,116.0,0.7053806091006027
embedding_hidden_8,train,117.0,0.7050494124995754
embedding_hidden_8,train,118.0,0.704720003124706
embedding_hidden_8,train,119.0,0.7043925635592354
embedding_hidden_8,train,120.0,0.7040669159778048
embedding_hidden_8,train,121.0,0.7037427454619494
embedding_hidden_8,train,122.0,0.7034199357821128
embedding_hidden_8,train,123.0,0.7030987215816474
embedding_hidden_8,train,124.0,0.7027792662510194
embedding_hidden_8,train,125.0,0.7024614868342536
embedding_hidden_8,train,126.0,0.7021451146090368
embedding_hidden_8,train,127.0,0.7018303011170465
embedding_hidden_8,train,128.0,0.7015172169723205
embedding_hidden_8,train,129.0,0.7012056087313003
embedding_hidden_8,train,130.0,0.7008957035708008
embedding_hidden_8,train,131.0,0.7005875909185689
embedding_hidden_8,train,132.0,0.7002809815643992
embedding_hidden_8,train,133.0,0.6999759322558766
embedding_hidden_8,train,134.0,0.6996718856034263
embedding_hidden_8,train,135.0,0.6993691910170252
embedding_hidden_8,train,136.0,0.6990683306796128
embedding_hidden_8,train,137.0,0.6987688934295443
embedding_hidden_8,train,138.0,0.6984708578172515
embedding_hidden_8,train,139.0,0.6981737176504461
embedding_hidden_8,train,140.0,0.6978781036048166
embedding_hidden_8,train,141.0,0.6975840834418972
embedding_hidden_8,train,142.0,0.6972916915408744
embedding_hidden_8,train,143.0,0.6970008341664722
embedding_hidden_8,train,144.0,0.6967108814297551
embedding_hidden_8,train,145.0,0.69642214045276
embedding_hidden_8,train,146.0,0.6961350564002002
embedding_hidden_8,train,147.0,0.6958492684343771
embedding_hidden_8,train,148.0,0.6955649220054341
embedding_hidden_8,train,149.0,0.695281893308721
embedding_hidden_8,train,150.0,0.6949999869265865
embedding_hidden_8,train,151.0,0.6947193307042756
embedding_hidden_8,train,152.0,0.6944395908177885
embedding_hidden_8,train,153.0,0.6941608309694979
embedding_hidden_8,train,154.0,0.6938837994131613
embedding_hidden_8,train,155.0,0.6936078972381299
embedding_hidden_8,train,156.0,0.6933332740774178
embedding_hidden_8,train,157.0,0.6930599851108943
embedding_hidden_8,train,158.0,0.6927881466567192
embedding_hidden_8,train,159.0,0.6925174877312941
embedding_hidden_8,train,160.0,0.6922477614904544
embedding_hidden_8,train,161.0,0.6919791479591272
embedding_hidden_8,train,162.0,0.6917117473697443
embedding_hidden_8,train,163.0,0.6914453931853745
embedding_hidden_8,train,164.0,0.691180070773336
embedding_hidden_8,train,165.0,0.6909160608430531
embedding_hidden_8,train,166.0,0.6906531934103776
embedding_hidden_8,train,167.0,0.6903918207687001
embedding_hidden_8,train,168.0,0.6901314285842481
embedding_hidden_8,train,169.0,0.6898724005609596
embedding_hidden_8,train,170.0,0.6896143310134837
embedding_hidden_8,train,171.0,0.6893571393392022
embedding_hidden_8,train,172.0,0.6891005072301949
embedding_hidden_8,train,173.0,0.688844843505664
embedding_hidden_8,train,174.0,0.6885902023218906
embedding_hidden_8,train,175.0,0.6883365500474706
embedding_hidden_8,train,176.0,0.6880837921434877
embedding_hidden_8,train,177.0,0.6878322698668021
embedding_hidden_8,train,178.0,0.6875820791475545
embedding_hidden_8,train,179.0,0.6873329957776873
embedding_hidden_8,train,180.0,0.6870852099346128
embedding_hidden_8,train,181.0,0.686838553683459
embedding_hidden_8,train,182.0,0.6865929015987999
embedding_hidden_8,train,183.0,0.6863481633702845
embedding_hidden_8,train,184.0,0.6861045009684524
embedding_hidden_8,train,185.0,0.68586164558741
embedding_hidden_8,train,186.0,0.685619925020083
embedding_hidden_8,train,187.0,0.6853790512356093
embedding_hidden_8,train,188.0,0.6851389865466582
embedding_hidden_8,train,189.0,0.6848997369846583
embedding_hidden_8,train,190.0,0.6846613909442516
embedding_hidden_8,train,191.0,0.6844238166351827
embedding_hidden_8,train,192.0,0.6841873169807038
embedding_hidden_8,train,193.0,0.6839518813538905
embedding_hidden_8,train,194.0,0.6837176008280841
embedding_hidden_8,train,195.0,0.6834845060087258
embedding_hidden_8,train,196.0,0.6832523019993643
embedding_hidden_8,train,197.0,0.6830208823060953
embedding_hidden_8,train,198.0,0.6827901357022821
embedding_hidden_8,train,199.0,0.6825603117641011
embedding_hidden_8,train,200.0,0.6823314653383699
embedding_hidden_8,test,1.0,0.7616725256122366
embedding_hidden_8,test,2.0,0.7611254436103724
embedding_hidden_8,test,3.0,0.7605818004811179
embedding_hidden_8,test,4.0,0.7600438605430107
embedding_hidden_8,test,5.0,0.7595101046726549
embedding_hidden_8,test,6.0,0.7589817167998204
embedding_hidden_8,test,7.0,0.7584575925566054
embedding_hidden_8,test,8.0,0.7579376527744992
embedding_hidden_8,test,9.0,0.757422455707681
embedding_hidden_8,test,10.0,0.7569125002952932
embedding_hidden_8,test,11.0,0.7564086481442899
embedding_hidden_8,test,12.0,0.7559092716761671
embedding_hidden_8,test,13.0,0.7554149580702229
embedding_hidden_8,test,14.0,0.7549243570089699
embedding_hidden_8,test,15.0,0.7544364033656397
embedding_hidden_8,test,16.0,0.7539536137394935
embedding_hidden_8,test,17.0,0.7534752287636217
embedding_hidden_8,test,18.0,0.7529998967883975
embedding_hidden_8,test,19.0,0.7525297358261808
embedding_hidden_8,test,20.0,0.7520645594519205
embedding_hidden_8,test,21.0,0.7516043863786375
embedding_hidden_8,test,22.0,0.7511475951914022
embedding_hidden_8,test,23.0,0.7506954453257481
embedding_hidden_8,test,24.0,0.7502465949832468
embedding_hidden_8,test,25.0,0.749801550918636
embedding_hidden_8,test,26.0,0.7493597880147224
embedding_hidden_8,test,27.0,0.7489226325543707
embedding_hidden_8,test,28.0,0.7484888270614557
embedding_hidden_8,test,29.0,0.7480582981328501
embedding_hidden_8,test,30.0,0.7476316557626718
embedding_hidden_8,test,31.0,0.7472095644343676
embedding_hidden_8,test,32.0,0.7467903411286165
embedding_hidden_8,test,33.0,0.7463757708241823
embedding_hidden_8,test,34.0,0.7459639705438945
embedding_hidden_8,test,35.0,0.7455565449258772
embedding_hidden_8,test,36.0,0.7451526719864234
embedding_hidden_8,test,37.0,0.7447511597752206
embedding_hidden_8,test,38.0,0.7443528085794305
embedding_hidden_8,test,39.0,0.7439578241318759
embedding_hidden_8,test,40.0,0.743566704502048
embedding_hidden_8,test,41.0,0.7431783814918385
embedding_hidden_8,test,42.0,0.7427936638085569
embedding_hidden_8,test,43.0,0.7424116860092353
embedding_hidden_8,test,44.0,0.7420322447587928
embedding_hidden_8,test,45.0,0.7416562201075589
embedding_hidden_8,test,46.0,0.7412827651725857
embedding_hidden_8,test,47.0,0.7409129422732643
embedding_hidden_8,test,48.0,0.7405469850432339
embedding_hidden_8,test,49.0,0.7401841673774998
embedding_hidden_8,test,50.0,0.7398251265868421
embedding_hidden_8,test,51.0,0.7394709978216314
embedding_hidden_8,test,52.0,0.739119804891682
embedding_hidden_8,test,53.0,0.738772292117688
embedding_hidden_8,test,54.0,0.738426981061062
embedding_hidden_8,test,55.0,0.7380847746940704
embedding_hidden_8,test,56.0,0.7377465804534756
embedding_hidden_8,test,57.0,0.7374105508998849
embedding_hidden_8,test,58.0,0.7370765602452193
embedding_hidden_8,test,59.0,0.7367452139105221
embedding_hidden_8,test,60.0,0.7364161772324793
embedding_hidden_8,test,61.0,0.7360891109312349
embedding_hidden_8,test,62.0,0.7357645517509155
embedding_hidden_8,test,63.0,0.7354426482679888
embedding_hidden_8,test,64.0,0.7351229763779613
embedding_hidden_8,test,65.0,0.7348049513171369
embedding_hidden_8,test,66.0,0.7344889505182165
embedding_hidden_8,test,67.0,0.7341753118401488
embedding_hidden_8,test,68.0,0.7338637499862461
embedding_hidden_8,test,69.0,0.7335554429102116
embedding_hidden_8,test,70.0,0.7332489435926741
embedding_hidden_8,test,71.0,0.7329449207432259
embedding_hidden_8,test,72.0,0.7326427492493149
embedding_hidden_8,test,73.0,0.7323427235502844
embedding_hidden_8,test,74.0,0.7320454561355288
embedding_hidden_8,test,75.0,0.7317500259370875
embedding_hidden_8,test,76.0,0.731457226790019
embedding_hidden_8,test,77.0,0.7311675185480189
embedding_hidden_8,test,78.0,0.7308804166155936
embedding_hidden_8,test,79.0,0.730595518927218
embedding_hidden_8,test,80.0,0.7303128592144233
embedding_hidden_8,test,81.0,0.730032373007385
embedding_hidden_8,test,82.0,0.7297539848864927
embedding_hidden_8,test,83.0,0.7294779598189006
embedding_hidden_8,test,84.0,0.7292030992415112
embedding_hidden_8,test,85.0,0.7289303905851316
embedding_hidden_8,test,86.0,0.7286596478954538
embedding_hidden_8,test,87.0,0.7283908128499911
embedding_hidden_8,test,88.0,0.7281239914571367
embedding_hidden_8,test,89.0,0.7278580736914357
embedding_hidden_8,test,90.0,0.7275935466588279
embedding_hidden_8,test,91.0,0.7273304381281511
embedding_hidden_8,test,92.0,0.7270693240806076
embedding_hidden_8,test,93.0,0.7268102202174949
embedding_hidden_8,test,94.0,0.7265530539488084
embedding_hidden_8,test,95.0,0.7262970690015744
embedding_hidden_8,test,96.0,0.7260423689882453
embedding_hidden_8,test,97.0,0.7257909217030637
embedding_hidden_8,test,98.0,0.7255410023664062
embedding_hidden_8,test,99.0,0.7252927214413736
embedding_hidden_8,test,100.0,0.7250469014625875
embedding_hidden_8,test,101.0,0.7248027037775758
embedding_hidden_8,test,102.0,0.7245603186232753
embedding_hidden_8,test,103.0,0.7243191940855709
embedding_hidden_8,test,104.0,0.7240796947927064
embedding_hidden_8,test,105.0,0.723841894344561
embedding_hidden_8,test,106.0,0.723605888295546
embedding_hidden_8,test,107.0,0.7233706083209197
embedding_hidden_8,test,108.0,0.7231371798821453
embedding_hidden_8,test,109.0,0.7229053891560657
embedding_hidden_8,test,110.0,0.72267558891652
embedding_hidden_8,test,111.0,0.7224473249563313
embedding_hidden_8,test,112.0,0.7222202982120974
embedding_hidden_8,test,113.0,0.7219961563803086
embedding_hidden_8,test,114.0,0.7217735860108484
embedding_hidden_8,test,115.0,0.7215522163000457
embedding_hidden_8,test,116.0,0.7213319545825617
embedding_hidden_8,test,117.0,0.7211131972595524
embedding_hidden_8,test,118.0,0.7208958624326322
embedding_hidden_8,test,119.0,0.7206797509918282
embedding_hidden_8,test,120.0,0.720465032792253
embedding_hidden_8,test,121.0,0.7202514483151579
embedding_hidden_8,test,122.0,0.7200389252533616
embedding_hidden_8,test,123.0,0.7198277438994347
embedding_hidden_8,test,124.0,0.7196180321663104
embedding_hidden_8,test,125.0,0.7194100225715866
embedding_hidden_8,test,126.0,0.719202974957477
embedding_hidden_8,test,127.0,0.7189971977266656
embedding_hidden_8,test,128.0,0.7187930996638646
embedding_hidden_8,test,129.0,0.7185906506771403
embedding_hidden_8,test,130.0,0.7183888352686785
embedding_hidden_8,test,131.0,0.7181877501483208
embedding_hidden_8,test,132.0,0.7179881532238291
embedding_hidden_8,test,133.0,0.7177896460346336
embedding_hidden_8,test,134.0,0.7175919684170904
embedding_hidden_8,test,135.0,0.7173950789567656
embedding_hidden_8,test,136.0,0.7171993390222711
embedding_hidden_8,test,137.0,0.7170045807997406
embedding_hidden_8,test,138.0,0.7168107023524437
embedding_hidden_8,test,139.0,0.716617792272626
embedding_hidden_8,test,140.0,0.71642622826193
embedding_hidden_8,test,141.0,0.7162362585889901
embedding_hidden_8,test,142.0,0.716047530481059
embedding_hidden_8,test,143.0,0.7158595117271054
embedding_hidden_8,test,144.0,0.7156721560002072
embedding_hidden_8,test,145.0,0.7154866063288213
embedding_hidden_8,test,146.0,0.7153018911001231
embedding_hidden_8,test,147.0,0.7151185773237352
embedding_hidden_8,test,148.0,0.714936015946968
embedding_hidden_8,test,149.0,0.7147541333472102
embedding_hidden_8,test,150.0,0.7145739946375655
embedding_hidden_8,test,151.0,0.714394201013439
embedding_hidden_8,test,152.0,0.7142145812952879
embedding_hidden_8,test,153.0,0.7140358704783029
embedding_hidden_8,test,154.0,0.7138579540975187
embedding_hidden_8,test,155.0,0.7136807991879365
embedding_hidden_8,test,156.0,0.7135043154925733
embedding_hidden_8,test,157.0,0.7133293649836804
embedding_hidden_8,test,158.0,0.7131550727032028
embedding_hidden_8,test,159.0,0.7129811361636297
embedding_hidden_8,test,160.0,0.7128077815242304
embedding_hidden_8,test,161.0,0.712635370003116
embedding_hidden_8,test,162.0,0.712464533303319
embedding_hidden_8,test,163.0,0.7122947187982984
embedding_hidden_8,test,164.0,0.712126031054616
embedding_hidden_8,test,165.0,0.7119580505949071
embedding_hidden_8,test,166.0,0.7117908576187226
embedding_hidden_8,test,167.0,0.7116249773193476
embedding_hidden_8,test,168.0,0.7114596332437164
embedding_hidden_8,test,169.0,0.7112953894162498
embedding_hidden_8,test,170.0,0.7111321038290703
embedding_hidden_8,test,171.0,0.710968911445609
embedding_hidden_8,test,172.0,0.7108062666976542
embedding_hidden_8,test,173.0,0.7106440628667761
embedding_hidden_8,test,174.0,0.7104830118259655
embedding_hidden_8,test,175.0,0.7103225298794315
embedding_hidden_8,test,176.0,0.710161907517285
embedding_hidden_8,test,177.0,0.7100022142432344
embedding_hidden_8,test,178.0,0.7098435299516183
embedding_hidden_8,test,179.0,0.7096864678301573
embedding_hidden_8,test,180.0,0.7095295553343378
embedding_hidden_8,test,181.0,0.7093735822624556
embedding_hidden_8,test,182.0,0.7092174079599713
embedding_hidden_8,test,183.0,0.7090628453268434
embedding_hidden_8,test,184.0,0.7089085072235731
embedding_hidden_8,test,185.0,0.7087549753721945
embedding_hidden_8,test,186.0,0.7086020696570703
embedding_hidden_8,test,187.0,0.708449666884342
embedding_hidden_8,test,188.0,0.7082969929439816
embedding_hidden_8,test,189.0,0.7081452831056105
embedding_hidden_8,test,190.0,0.7079934429337891
embedding_hidden_8,test,191.0,0.7078425742848035
embedding_hidden_8,test,192.0,0.7076921217183665
embedding_hidden_8,test,193.0,0.7075428945741731
embedding_hidden_8,test,194.0,0.7073942248233468
embedding_hidden_8,test,195.0,0.7072470872647226
embedding_hidden_8,test,196.0,0.7071005347852377
embedding_hidden_8,test,197.0,0.7069544096836722
embedding_hidden_8,test,198.0,0.7068091388894431
embedding_hidden_8,test,199.0,0.7066642490064917
embedding_hidden_8,test,200.0,0.7065197715644294
random_embedding,train,1.0,0.7998248311656218
random_embedding,train,2.0,0.7994220011611114
random_embedding,train,3.0,0.799019536355502
random_embedding,train,4.0,0.7986174364741851
random_embedding,train,5.0,0.7982157012424043
random_embedding,train,6.0,0.7978143303852571
random_embedding,train,7.0,0.7974133236276957
random_embedding,train,8.0,0.7970126806945282
random_embedding,train,9.0,0.796612401310419
random_embedding,train,10.0,0.7962124851998909
random_embedding,train,11.0,0.7958129320873253
random_embedding,train,12.0,0.7954137416969637
random_embedding,train,13.0,0.7950149137529088
random_embedding,train,14.0,0.7946164479791251
random_embedding,train,15.0,0.7942183440994409
random_embedding,train,16.0,0.793820601837548
random_embedding,train,17.0,0.7934232209170041
random_embedding,train,18.0,0.793026201061233
random_embedding,train,19.0,0.7926295419935261
random_embedding,train,20.0,0.792233243437043
random_embedding,train,21.0,0.7918373051148133
random_embedding,train,22.0,0.791441726749737
random_embedding,train,23.0,0.7910465080645857
random_embedding,train,24.0,0.7906516487820037
random_embedding,train,25.0,0.7902571486245091
random_embedding,train,26.0,0.7898630073144951
random_embedding,train,27.0,0.7894692245742305
random_embedding,train,28.0,0.7890758001258613
random_embedding,train,29.0,0.788682733691411
random_embedding,train,30.0,0.7882900249927826
random_embedding,train,31.0,0.787897673751759
random_embedding,train,32.0,0.7875056796900044
random_embedding,train,33.0,0.7871140425290648
random_embedding,train,34.0,0.78672276199037
random_embedding,train,35.0,0.7863318377952335
random_embedding,train,36.0,0.7859412696648546
random_embedding,train,37.0,0.7855510573203186
random_embedding,train,38.0,0.7851612004825983
random_embedding,train,39.0,0.7847716988725552
random_embedding,train,40.0,0.7843825522109398
random_embedding,train,41.0,0.7839937602183935
random_embedding,train,42.0,0.7836053226154494
random_embedding,train,43.0,0.7832172391225324
random_embedding,train,44.0,0.782829509459962
random_embedding,train,45.0,0.7824421333479521
random_embedding,train,46.0,0.7820551105066117
random_embedding,train,47.0,0.7816684406559472
random_embedding,train,48.0,0.7812821235158627
random_embedding,train,49.0,0.7808961588061607
random_embedding,train,50.0,0.7805105462465439
random_embedding,train,51.0,0.7801252855566159
random_embedding,train,52.0,0.7797403764558817
random_embedding,train,53.0,0.7793558186637496
random_embedding,train,54.0,0.7789716118995318
random_embedding,train,55.0,0.7785877558824454
random_embedding,train,56.0,0.7782042503316136
random_embedding,train,57.0,0.7778210949660663
random_embedding,train,58.0,0.7774382895047417
random_embedding,train,59.0,0.7770558336664869
random_embedding,train,60.0,0.776673727170059
random_embedding,train,61.0,0.7762919697341263
random_embedding,train,62.0,0.7759105610772694
random_embedding,train,63.0,0.7755295009179813
random_embedding,train,64.0,0.77514878897467
random_embedding,train,65.0,0.7747684249656579
random_embedding,train,66.0,0.7743884086091838
random_embedding,train,67.0,0.7740087396234039
random_embedding,train,68.0,0.7736294177263922
random_embedding,train,69.0,0.773250442636142
random_embedding,train,70.0,0.7728718140705666
random_embedding,train,71.0,0.7724935317475009
random_embedding,train,72.0,0.7721155953847015
random_embedding,train,73.0,0.7717380046998483
random_embedding,train,74.0,0.7713607594105457
random_embedding,train,75.0,0.7709838592343227
random_embedding,train,76.0,0.770607303888635
random_embedding,train,77.0,0.770231093090865
random_embedding,train,78.0,0.7698552265583237
random_embedding,train,79.0,0.769479704008251
random_embedding,train,80.0,0.7691045251578172
random_embedding,train,81.0,0.7687296897241234
random_embedding,train,82.0,0.7683551974242027
random_embedding,train,83.0,0.767981047975022
random_embedding,train,84.0,0.7676072410934818
random_embedding,train,85.0,0.7672337764964177
random_embedding,train,86.0,0.7668606539006013
random_embedding,train,87.0,0.7664878730227418
random_embedding,train,88.0,0.7661154335794859
random_embedding,train,89.0,0.7657433352874192
random_embedding,train,90.0,0.765371577863068
random_embedding,train,91.0,0.7650001610228989
random_embedding,train,92.0,0.7646290844833207
random_embedding,train,93.0,0.764258347960685
random_embedding,train,94.0,0.7638879511712877
random_embedding,train,95.0,0.7635178938313691
random_embedding,train,96.0,0.7631481756571156
random_embedding,train,97.0,0.7627787963646602
random_embedding,train,98.0,0.762409755670084
random_embedding,train,99.0,0.7620410532894162
random_embedding,train,100.0,0.7616726889386367
random_embedding,train,101.0,0.7613046623336752
random_embedding,train,102.0,0.7609369731904133
random_embedding,train,103.0,0.7605696212246853
random_embedding,train,104.0,0.7602026061522791
random_embedding,train,105.0,0.7598359276889367
random_embedding,train,106.0,0.759469585550356
random_embedding,train,107.0,0.7591035794521911
random_embedding,train,108.0,0.7587379091100536
random_embedding,train,109.0,0.7583725742395131
random_embedding,train,110.0,0.7580075745560989
random_embedding,train,111.0,0.7576429097753001
random_embedding,train,112.0,0.7572785796125674
random_embedding,train,113.0,0.7569145837833131
random_embedding,train,114.0,0.7565509220029129
random_embedding,train,115.0,0.7561875939867064
random_embedding,train,116.0,0.755824599449998
random_embedding,train,117.0,0.7554619381080585
random_embedding,train,118.0,0.7550996096761244
random_embedding,train,119.0,0.7547376138694012
random_embedding,train,120.0,0.7543759504030622
random_embedding,train,121.0,0.7540146189922505
random_embedding,train,122.0,0.7536536193520801
random_embedding,train,123.0,0.7532929511976361
random_embedding,train,124.0,0.7529326142439758
random_embedding,train,125.0,0.7525726082061304
random_embedding,train,126.0,0.7522129327991051
random_embedding,train,127.0,0.7518535877378799
random_embedding,train,128.0,0.7514945727374113
random_embedding,train,129.0,0.7511358875126326
random_embedding,train,130.0,0.7507775317784552
random_embedding,train,131.0,0.7504195052497691
random_embedding,train,132.0,0.7500618076414443
random_embedding,train,133.0,0.7497044386683311
random_embedding,train,134.0,0.7493473980452621
random_embedding,train,135.0,0.7489906854870513
random_embedding,train,136.0,0.7486343007084969
random_embedding,train,137.0,0.7482782434243812
random_embedding,train,138.0,0.7479225133494717
random_embedding,train,139.0,0.7475671101985218
random_embedding,train,140.0,0.7472120336862723
random_embedding,train,141.0,0.7468572835274515
random_embedding,train,142.0,0.7465028594367767
random_embedding,train,143.0,0.7461487611289549
random_embedding,train,144.0,0.7457949883186836
random_embedding,train,145.0,0.7454415407206518
random_embedding,train,146.0,0.745088418049541
random_embedding,train,147.0,0.7447356200200257
random_embedding,train,148.0,0.7443831463467749
random_embedding,train,149.0,0.7440309967444524
random_embedding,train,150.0,0.7436791709277178
random_embedding,train,151.0,0.7433276686112278
random_embedding,train,152.0,0.7429764895096367
random_embedding,train,153.0,0.7426256333375971
random_embedding,train,154.0,0.7422750998097613
random_embedding,train,155.0,0.7419248886407818
random_embedding,train,156.0,0.7415749995453124
random_embedding,train,157.0,0.7412254322380087
random_embedding,train,158.0,0.7408761864335297
random_embedding,train,159.0,0.7405272618465376
random_embedding,train,160.0,0.7401786581916997
random_embedding,train,161.0,0.7398303751836885
random_embedding,train,162.0,0.7394824125371833
random_embedding,train,163.0,0.7391347699668701
random_embedding,train,164.0,0.7387874471874435
random_embedding,train,165.0,0.7384404439136067
random_embedding,train,166.0,0.7380937598600731
random_embedding,train,167.0,0.7377473947415664
random_embedding,train,168.0,0.7374013482728219
random_embedding,train,169.0,0.7370556201685874
random_embedding,train,170.0,0.736710210143624
random_embedding,train,171.0,0.7363651179127066
random_embedding,train,172.0,0.7360203431906251
random_embedding,train,173.0,0.7356758856921852
random_embedding,train,174.0,0.7353317451322094
random_embedding,train,175.0,0.7349879212255372
random_embedding,train,176.0,0.7346444136870267
random_embedding,train,177.0,0.734301222231555
random_embedding,train,178.0,0.733958346574019
random_embedding,train,179.0,0.7336157864293369
random_embedding,train,180.0,0.7332735415124476
random_embedding,train,181.0,0.7329316115383133
random_embedding,train,182.0,0.7325899962219192
random_embedding,train,183.0,0.7322486952782742
random_embedding,train,184.0,0.7319077084224126
random_embedding,train,185.0,0.7315670353693943
random_embedding,train,186.0,0.7312266758343053
random_embedding,train,187.0,0.7308866295322598
random_embedding,train,188.0,0.7305468961783992
random_embedding,train,189.0,0.730207475487895
random_embedding,train,190.0,0.7298683671759474
random_embedding,train,191.0,0.7295295709577878
random_embedding,train,192.0,0.7291910865486793
random_embedding,train,193.0,0.7288529136639162
random_embedding,train,194.0,0.728515052018827
random_embedding,train,195.0,0.7281775013287735
random_embedding,train,196.0,0.7278402613091518
random_embedding,train,197.0,0.7275033316753939
random_embedding,train,198.0,0.727166712142968
random_embedding,train,199.0,0.7268304024273792
random_embedding,train,200.0,0.7264944022441703
random_embedding,test,1.0,0.8059107698762616
random_embedding,test,2.0,0.805839552787632
random_embedding,test,3.0,0.8057684400660001
random_embedding,test,4.0,0.8056974316204831
random_embedding,test,5.0,0.8056265273602005
random_embedding,test,6.0,0.8055557271942735
random_embedding,test,7.0,0.8054850310318269
random_embedding,test,8.0,0.8054144387819882
random_embedding,test,9.0,0.8053439503538877
random_embedding,test,10.0,0.8052735656566596
random_embedding,test,11.0,0.805203284599442
random_embedding,test,12.0,0.8051331070913761
random_embedding,test,13.0,0.805063033041608
random_embedding,test,14.0,0.8049930623592877
random_embedding,test,15.0,0.8049231949535702
random_embedding,test,16.0,0.8048534307336155
random_embedding,test,17.0,0.804783769608588
random_embedding,test,18.0,0.8047142114876579
random_embedding,test,19.0,0.8046447562800013
random_embedding,test,20.0,0.8045754038947994
random_embedding,test,21.0,0.80450615424124
random_embedding,test,22.0,0.8044370072285169
random_embedding,test,23.0,0.8043679627658304
random_embedding,test,24.0,0.8042990207623879
random_embedding,test,25.0,0.8042301811274033
random_embedding,test,26.0,0.8041614437700979
random_embedding,test,27.0,0.8040928085997004
random_embedding,test,28.0,0.8040242755254475
random_embedding,test,29.0,0.8039558444565831
random_embedding,test,30.0,0.80388751530236
random_embedding,test,31.0,0.8038192879720387
random_embedding,test,32.0,0.8037511623748891
random_embedding,test,33.0,0.8036831384201888
random_embedding,test,34.0,0.8036152160172254
random_embedding,test,35.0,0.8035473950752955
random_embedding,test,36.0,0.8034796755037048
random_embedding,test,37.0,0.8034120572117693
random_embedding,test,38.0,0.8033445401088148
random_embedding,test,39.0,0.803277124104177
random_embedding,test,40.0,0.8032098091072022
random_embedding,test,41.0,0.8031425950272475
random_embedding,test,42.0,0.8030754817736806
random_embedding,test,43.0,0.8030084692558803
random_embedding,test,44.0,0.802941557383237
random_embedding,test,45.0,0.8028747460651522
random_embedding,test,46.0,0.8028080352110394
random_embedding,test,47.0,0.802741424730324
random_embedding,test,48.0,0.8026749145324436
random_embedding,test,49.0,0.8026085045268484
random_embedding,test,50.0,0.8025421946230009
random_embedding,test,51.0,0.8024759847303768
random_embedding,test,52.0,0.8024098747584645
random_embedding,test,53.0,0.802343864616766
random_embedding,test,54.0,0.8022779542147969
random_embedding,test,55.0,0.8022121434620862
random_embedding,test,56.0,0.8021464322681771
random_embedding,test,57.0,0.8020808205426266
random_embedding,test,58.0,0.8020153081950067
random_embedding,test,59.0,0.8019498951349036
random_embedding,test,60.0,0.8018845812719183
random_embedding,test,61.0,0.8018193665156671
random_embedding,test,62.0,0.8017542507757813
random_embedding,test,63.0,0.8016892339619076
random_embedding,test,64.0,0.8016243159837089
random_embedding,test,65.0,0.8015594967508634
random_embedding,test,66.0,0.8014947761730655
random_embedding,test,67.0,0.8014301541600265
random_embedding,test,68.0,0.8013656306214735
random_embedding,test,69.0,0.8013012054671507
random_embedding,test,70.0,0.8012368786068192
random_embedding,test,71.0,0.8011726499502574
random_embedding,test,72.0,0.8011085194072607
random_embedding,test,73.0,0.8010444868876426
random_embedding,test,74.0,0.8009805523012341
random_embedding,test,75.0,0.8009167155578842
random_embedding,test,76.0,0.8008529765674602
random_embedding,test,77.0,0.800789335239848
random_embedding,test,78.0,0.8007257914849515
random_embedding,test,79.0,0.8006623452126942
random_embedding,test,80.0,0.8005989963330181
random_embedding,test,81.0,0.8005357447558851
random_embedding,test,82.0,0.8004725903912757
random_embedding,test,83.0,0.8004095331491907
random_embedding,test,84.0,0.8003465729396504
random_embedding,test,85.0,0.8002837096726957
random_embedding,test,86.0,0.800220943258387
random_embedding,test,87.0,0.8001582736068059
random_embedding,test,88.0,0.8000957006280542
random_embedding,test,89.0,0.8000332242322548
random_embedding,test,90.0,0.7999708443295518
random_embedding,test,91.0,0.7999085608301103
random_embedding,test,92.0,0.7998463736441169
random_embedding,test,93.0,0.7997842826817804
random_embedding,test,94.0,0.7997222878533308
random_embedding,test,95.0,0.7996603890690206
random_embedding,test,96.0,0.7995985862391244
random_embedding,test,97.0,0.7995368792739395
random_embedding,test,98.0,0.7994752680837857
random_embedding,test,99.0,0.7994137525790056
random_embedding,test,100.0,0.7993523326699652
random_embedding,test,101.0,0.7992910082670536
random_embedding,test,102.0,0.7992297792806831
random_embedding,test,103.0,0.7991686456212901
random_embedding,test,104.0,0.7991076071993346
random_embedding,test,105.0,0.7990466639253009
random_embedding,test,106.0,0.798985815709697
random_embedding,test,107.0,0.7989250624630561
random_embedding,test,108.0,0.7988644040959354
random_embedding,test,109.0,0.7988038405189173
random_embedding,test,110.0,0.7987433716426091
random_embedding,test,111.0,0.7986829973776431
random_embedding,test,112.0,0.7986227176346774
random_embedding,test,113.0,0.7985625323243954
random_embedding,test,114.0,0.7985024413575064
random_embedding,test,115.0,0.7984424446447455
random_embedding,test,116.0,0.7983825420968742
random_embedding,test,117.0,0.7983227336246802
random_embedding,test,118.0,0.7982630191389777
random_embedding,test,119.0,0.7982033985506078
random_embedding,test,120.0,0.7981438717704383
random_embedding,test,121.0,0.7980844387093642
random_embedding,test,122.0,0.7980250992783077
random_embedding,test,123.0,0.7979658533882186
random_embedding,test,124.0,0.7979067009500741
random_embedding,test,125.0,0.7978476418748797
random_embedding,test,126.0,0.7977886760736682
random_embedding,test,127.0,0.7977298034575013
random_embedding,test,128.0,0.7976710239374688
random_embedding,test,129.0,0.7976123374246888
random_embedding,test,130.0,0.7975537438303086
random_embedding,test,131.0,0.7974952430655042
random_embedding,test,132.0,0.7974368350414808
random_embedding,test,133.0,0.7973785196694725
random_embedding,test,134.0,0.7973202968607435
random_embedding,test,135.0,0.7972621665265871
random_embedding,test,136.0,0.7972041285783268
random_embedding,test,137.0,0.7971461829273158
random_embedding,test,138.0,0.7970883294849377
random_embedding,test,139.0,0.7970305681626063
random_embedding,test,140.0,0.796972898871766
random_embedding,test,141.0,0.7969153215238921
random_embedding,test,142.0,0.7968578360304904
random_embedding,test,143.0,0.796800442303098
random_embedding,test,144.0,0.7967431402532831
random_embedding,test,145.0,0.7966859297926454
random_embedding,test,146.0,0.7966288108328163
random_embedding,test,147.0,0.7965717832854586
random_embedding,test,148.0,0.7965148470622675
random_embedding,test,149.0,0.7964580020749699
random_embedding,test,150.0,0.7964012482353249
random_embedding,test,151.0,0.7963445854551244
random_embedding,test,152.0,0.7962880136461928
random_embedding,test,153.0,0.7962315327203873
random_embedding,test,154.0,0.7961751425895975
random_embedding,test,155.0,0.7961188431657471
random_embedding,test,156.0,0.7960626343607922
random_embedding,test,157.0,0.7960065160867229
random_embedding,test,158.0,0.7959504882555627
random_embedding,test,159.0,0.7958945507793689
random_embedding,test,160.0,0.7958387035702326
random_embedding,test,161.0,0.7957829465402793
random_embedding,test,162.0,0.7957272796016686
random_embedding,test,163.0,0.7956717026665947
random_embedding,test,164.0,0.7956162156472862
random_embedding,test,165.0,0.7955608184560066
random_embedding,test,166.0,0.7955055110050543
random_embedding,test,167.0,0.7954502932067627
random_embedding,test,168.0,0.7953951649735008
random_embedding,test,169.0,0.7953401262176726
random_embedding,test,170.0,0.795285176851718
random_embedding,test,171.0,0.7952303167881123
random_embedding,test,172.0,0.795175545939367
random_embedding,test,173.0,0.7951208642180296
random_embedding,test,174.0,0.7950662715366839
random_embedding,test,175.0,0.7950117678079497
random_embedding,test,176.0,0.7949573529444838
random_embedding,test,177.0,0.7949030268589794
random_embedding,test,178.0,0.7948487894641666
random_embedding,test,179.0,0.7947946406728126
random_embedding,test,180.0,0.7947405803977217
random_embedding,test,181.0,0.7946866085517356
random_embedding,test,182.0,0.7946327250477332
random_embedding,test,183.0,0.7945789297986314
random_embedding,test,184.0,0.7945252227173845
random_embedding,test,185.0,0.7944716037169852
random_embedding,test,186.0,0.7944180727104637
random_embedding,test,187.0,0.7943646296108889
random_embedding,test,188.0,0.7943112743313681
random_embedding,test,189.0,0.7942580067850465
random_embedding,test,190.0,0.7942048268851088
random_embedding,test,191.0,0.7941517345447782
random_embedding,test,192.0,0.7940987296773167
random_embedding,test,193.0,0.7940458121960259
random_embedding,test,194.0,0.793992982014246
random_embedding,test,195.0,0.7939402390453574
random_embedding,test,196.0,0.7938875832027794
random_embedding,test,197.0,0.7938350143999717
random_embedding,test,198.0,0.7937825325504333
random_embedding,test,199.0,0.7937301375677035
random_embedding,test,200.0,0.7936778293653616
label_shuffle,train,1.0,0.799664036990724
label_shuffle,train,2.0,0.7981799587068166
label_shuffle,train,3.0,0.7967183407395744
label_shuffle,train,4.0,0.795278838394362
label_shuffle,train,5.0,0.7938611093641812
label_shuffle,train,6.0,0.7924648138569648
label_shuffle,train,7.0,0.7910896147172582
label_shuffle,train,8.0,0.7897351775422107
label_shuffle,train,9.0,0.7884011707918153
label_shuffle,train,10.0,0.7870872658933593
label_shuffle,train,11.0,0.7857931373400591
label_shuffle,train,12.0,0.7845184627838758
label_shuffle,train,13.0,0.7832629231225231
label_shuffle,train,14.0,0.7820262025806923
label_shuffle,train,15.0,0.7808079887855417
label_shuffle,train,16.0,0.7796079728365034
label_shuffle,train,17.0,0.7784258493694812
label_shuffle,train,18.0,0.7772613166155229
label_shuffle,train,19.0,0.7761140764540617
label_shuffle,train,20.0,0.7749838344608355
label_shuffle,train,21.0,0.773870299950597
label_shuffle,train,22.0,0.7727731860147429
label_shuffle,train,23.0,0.7716922095539946
label_shuffle,train,24.0,0.7706270913062692
label_shuffle,train,25.0,0.7695775558698885
label_shuffle,train,26.0,0.7685433317222776
label_shuffle,train,27.0,0.767524151234307
label_shuffle,train,28.0,0.7665197506804394
label_shuffle,train,29.0,0.765529870244842
label_shuffle,train,30.0,0.764554254023627
label_shuffle,train,31.0,0.763592650023388
label_shuffle,train,32.0,0.7626448101561949
label_shuffle,train,33.0,0.7617104902312134
label_shuffle,train,34.0,0.7607894499431156
label_shuffle,train,35.0,0.7598814528574421
label_shuffle,train,36.0,0.7589862663930808
label_shuffle,train,37.0,0.758103661802018
label_shuffle,train,38.0,0.7572334141465241
label_shuffle,train,39.0,0.7563753022739229
label_shuffle,train,40.0,0.7555291087891007
label_shuffle,train,41.0,0.7546946200248978
label_shuffle,train,42.0,0.7538716260105311
label_shuffle,train,43.0,0.7530599204381849
label_shuffle,train,44.0,0.7522593006279065
label_shuffle,train,45.0,0.7514695674909395
label_shuffle,train,46.0,0.7506905254916211
label_shuffle,train,47.0,0.7499219826079658
label_shuffle,train,48.0,0.7491637502910578
label_shuffle,train,49.0,0.7484156434233599
label_shuffle,train,50.0,0.7476774802760551
label_shuffle,train,51.0,0.7469490824655207
label_shuffle,train,52.0,0.746230274909039
label_shuffle,train,53.0,0.7455208857798379
label_shuffle,train,54.0,0.744820746461554
label_shuffle,train,55.0,0.7441296915022078
label_shuffle,train,56.0,0.7434475585677678
label_shuffle,train,57.0,0.7427741883953902
label_shuffle,train,58.0,0.742109424746401
label_shuffle,train,59.0,0.7414531143590966
label_shuffle,train,60.0,0.7408051069014265
label_shuffle,train,61.0,0.740165254923623
label_shuffle,train,62.0,0.7395334138108332
label_shuffle,train,63.0,0.7389094417358135
label_shuffle,train,64.0,0.7382931996117359
label_shuffle,train,65.0,0.7376845510451538
label_shuffle,train,66.0,0.7370833622891746
label_shuffle,train,67.0,0.7364895021968813
label_shuffle,train,68.0,0.7359028421750395
label_shuffle,train,69.0,0.7353232561381309
label_shuffle,train,70.0,0.734750620462742
label_shuffle,train,71.0,0.7341848139423421
label_shuffle,train,72.0,0.7336257177424774
label_shuffle,train,73.0,0.733073215356409
label_shuffle,train,74.0,0.7325271925612155
label_shuffle,train,75.0,0.731987537374385
label_shuffle,train,76.0,0.7314541400109136
label_shuffle,train,77.0,0.730926892840929
label_shuffle,train,78.0,0.7304056903478537
label_shuffle,train,79.0,0.7298904290871241
label_shuffle,train,80.0,0.7293810076454728
label_shuffle,train,81.0,0.7288773266007911
label_shuffle,train,82.0,0.7283792884825747
label_shuffle,train,83.0,0.7278867977329639
label_shuffle,train,84.0,0.7273997606683837
label_shuffle,train,85.0,0.7269180854417879
label_shuffle,train,86.0,0.7264416820055124
label_shuffle,train,87.0,0.7259704620747403
label_shuffle,train,88.0,0.725504339091579
label_shuffle,train,89.0,0.7250432281897533
label_shuffle,train,90.0,0.7245870461599107
label_shuffle,train,91.0,0.72413571141554
label_shuffle,train,92.0,0.7236891439595033
label_shuffle,train,93.0,0.7232472653511742
label_shuffle,train,94.0,0.7228099986741842
label_shuffle,train,95.0,0.7223772685047706
label_shuffle,train,96.0,0.7219490008807229
label_shuffle,train,97.0,0.7215251232709228
label_shuffle,train,98.0,0.7211055645454716
label_shuffle,train,99.0,0.7206902549464022
label_shuffle,train,100.0,0.7202791260589662
label_shuffle,train,101.0,0.719872110783492
label_shuffle,train,102.0,0.7194691433078078
label_shuffle,train,103.0,0.7190701590802184
label_shuffle,train,104.0,0.7186750947830365
label_shuffle,train,105.0,0.7182838883066508
label_shuffle,train,106.0,0.7178964787241338
label_shuffle,train,107.0,0.7175128062663726
label_shuffle,train,108.0,0.7171328122977219
label_shuffle,train,109.0,0.7167564392921653
label_shuffle,train,110.0,0.7163836308099816
label_shuffle,train,111.0,0.7160143314749043
label_shuffle,train,112.0,0.7156484869517683
label_shuffle,train,113.0,0.7152860439246346
label_shuffle,train,114.0,0.714926950075384
label_shuffle,train,115.0,0.7145711540627732
label_shuffle,train,116.0,0.714218605501943
label_shuffle,train,117.0,0.7138692549443721
label_shuffle,train,118.0,0.7135230538582658
label_shuffle,train,119.0,0.7131799546093733
label_shuffle,train,120.0,0.7128399104422262
label_shuffle,train,121.0,0.7125028754617858
label_shuffle,train,122.0,0.7121688046154958
label_shuffle,train,123.0,0.7118376536757297
label_shuffle,train,124.0,0.711509379222625
label_shuffle,train,125.0,0.7111839386272981
label_shuffle,train,126.0,0.710861290035429
label_shuffle,train,127.0,0.7105413923512109
label_shuffle,train,128.0,0.7102242052216562
label_shuffle,train,129.0,0.7099096890212498
label_shuffle,train,130.0,0.7095978048369452
label_shuffle,train,131.0,0.7092885144534928
label_shuffle,train,132.0,0.7089817803390962
label_shuffle,train,133.0,0.7086775656313866
label_shuffle,train,134.0,0.7083758341237116
label_shuffle,train,135.0,0.7080765502517268
label_shuffle,train,136.0,0.7077796790802889
label_shuffle,train,137.0,0.7074851862906396
label_shuffle,train,138.0,0.7071930381678749
label_shuffle,train,139.0,0.7069032015886947
label_shuffle,train,140.0,0.7066156440094238
label_shuffle,train,141.0,0.7063303334543012
label_shuffle,train,142.0,0.7060472385040286
label_shuffle,train,143.0,0.705766328284575
label_shuffle,train,144.0,0.7054875724562284
label_shuffle,train,145.0,0.7052109412028926
label_shuffle,train,146.0,0.7049364052216204
label_shuffle,train,147.0,0.7046639357123788
label_shuffle,train,148.0,0.7043935043680418
label_shuffle,train,149.0,0.7041250833646039
label_shuffle,train,150.0,0.7038586453516098
label_shuffle,train,151.0,0.7035941634427965
label_shuffle,train,152.0,0.7033316112069403
label_shuffle,train,153.0,0.7030709626589069
label_shuffle,train,154.0,0.702812192250897
label_shuffle,train,155.0,0.7025552748638848
label_shuffle,train,156.0,0.7023001857992447
label_shuffle,train,157.0,0.7020469007705603
label_shuffle,train,158.0,0.7017953958956136
label_shuffle,train,159.0,0.7015456476885481
label_shuffle,train,160.0,0.7012976330522034
label_shuffle,train,161.0,0.7010513292706164
label_shuffle,train,162.0,0.7008067140016849
label_shuffle,train,163.0,0.7005637652699911
label_shuffle,train,164.0,0.7003224614597795
label_shuffle,train,165.0,0.7000827813080871
label_shuffle,train,166.0,0.6998447038980214
label_shuffle,train,167.0,0.6996082086521833
label_shuffle,train,168.0,0.6993732753262306
label_shuffle,train,169.0,0.6991398840025809
label_shuffle,train,170.0,0.6989080150842468
label_shuffle,train,171.0,0.6986776492888056
label_shuffle,train,172.0,0.6984487676424945
label_shuffle,train,173.0,0.6982213514744341
label_shuffle,train,174.0,0.6979953824109719
label_shuffle,train,175.0,0.6977708423701475
label_shuffle,train,176.0,0.6975477135562735
label_shuffle,train,177.0,0.6973259784546311
label_shuffle,train,178.0,0.697105619826277
label_shuffle,train,179.0,0.6968866207029591
label_shuffle,train,180.0,0.6966689643821399
label_shuffle,train,181.0,0.6964526344221211
label_shuffle,train,182.0,0.696237614637273
label_shuffle,train,183.0,0.6960238890933607
label_shuffle,train,184.0,0.6958114421029684
label_shuffle,train,185.0,0.6956002582210181
label_shuffle,train,186.0,0.6953903222403802
label_shuffle,train,187.0,0.695181619187576
label_shuffle,train,188.0,0.6949741343185669
label_shuffle,train,189.0,0.6947678531146305
label_shuffle,train,190.0,0.6945627612783218
label_shuffle,train,191.0,0.6943588447295151
label_shuffle,train,192.0,0.6941560896015284
label_shuffle,train,193.0,0.6939544822373248
label_shuffle,train,194.0,0.6937540091857922
label_shuffle,train,195.0,0.6935546571980971
label_shuffle,train,196.0,0.6933564132241121
label_shuffle,train,197.0,0.6931592644089163
label_shuffle,train,198.0,0.692963198089364
label_shuffle,train,199.0,0.6927682017907242
label_shuffle,train,200.0,0.6925742632233851
label_shuffle,test,1.0,0.8047784067676449
label_shuffle,test,2.0,0.8036435079217945
label_shuffle,test,3.0,0.8025279871831135
label_shuffle,test,4.0,0.801431527712157
label_shuffle,test,5.0,0.8003538153282497
label_shuffle,test,6.0,0.7992945386150038
label_shuffle,test,7.0,0.7982533890203298
label_shuffle,test,8.0,0.7972300609508929
label_shuffle,test,9.0,0.7962242518609943
label_shuffle,test,10.0,0.7952356623358705
label_shuffle,test,11.0,0.794263996169423
label_shuffle,test,12.0,0.7933089604364064
label_shuffle,test,13.0,0.7923702655591213
label_shuffle,test,14.0,0.7914476253686693
label_shuffle,test,15.0,0.7905407571608456
label_shuffle,test,16.0,0.7896493817467549
label_shuffle,test,17.0,0.7887732234982492
label_shuffle,test,18.0,0.7879120103882971
label_shuffle,test,19.0,0.787065474026403
label_shuffle,test,20.0,0.7862333496892057
label_shuffle,test,21.0,0.7854153763463894
label_shuffle,test,22.0,0.7846112966820524
label_shuffle,test,23.0,0.7838208571116795
label_shuffle,test,24.0,0.7830438077948703
label_shuffle,test,25.0,0.7822799026439828
label_shuffle,test,26.0,0.7815288993288492
label_shuffle,test,27.0,0.780790559277726
label_shuffle,test,28.0,0.7800646476746439
label_shuffle,test,29.0,0.7793509334533175
label_shuffle,test,30.0,0.7786491892877824
label_shuffle,test,31.0,0.7779591915799203
label_shuffle,test,32.0,0.7772807204440363
label_shuffle,test,33.0,0.7766135596886458
label_shuffle,test,34.0,0.7759574967956339
label_shuffle,test,35.0,0.7753123228969383
label_shuffle,test,36.0,0.774677832748911
label_shuffle,test,37.0,0.7740538247045092
label_shuffle,test,38.0,0.7734401006834581
label_shuffle,test,39.0,0.7728364661405316
label_shuffle,test,40.0,0.7722427300320865
label_shuffle,test,41.0,0.7716587047809862
label_shuffle,test,42.0,0.7710842062400405
label_shuffle,test,43.0,0.7705190536540918
label_shuffle,test,44.0,0.7699630696208641
label_shuffle,test,45.0,0.7694160800506924
label_shuffle,test,46.0,0.768877914125246
label_shuffle,test,47.0,0.7683484042553497
label_shuffle,test,48.0,0.7678273860380088
label_shuffle,test,49.0,0.7673146982127326
label_shuffle,test,50.0,0.7668101826172524
label_shuffle,test,51.0,0.7663136841427213
label_shuffle,test,52.0,0.7658250506884812
label_shuffle,test,53.0,0.7653441331164782
label_shuffle,test,54.0,0.7648707852053984
label_shuffle,test,55.0,0.764404863604603
label_shuffle,test,56.0,0.7639462277879232
label_shuffle,test,57.0,0.7634947400073832
label_shuffle,test,58.0,0.7630502652469116
label_shuffle,test,59.0,0.7626126711760948
label_shuffle,test,60.0,0.7621818281040288
label_shuffle,test,61.0,0.7617576089333152
label_shuffle,test,62.0,0.7613398891142514
label_shuffle,test,63.0,0.7609285465992552
label_shuffle,test,64.0,0.7605234617975645
label_shuffle,test,65.0,0.7601245175302493
label_shuffle,test,66.0,0.7597315989855713
label_shuffle,test,67.0,0.7593445936747187
label_shuffle,test,68.0,0.7589633913879501
label_shuffle,test,69.0,0.7585878841511707
label_shuffle,test,70.0,0.7582179661829651
label_shuffle,test,71.0,0.7578535338521103
label_shuffle,test,72.0,0.7574944856355861
label_shuffle,test,73.0,0.7571407220771038
label_shuffle,test,74.0,0.7567921457461655
label_shuffle,test,75.0,0.756448661197671
label_shuffle,test,76.0,0.7561101749320824
label_shuffle,test,77.0,0.7557765953561599
label_shuffle,test,78.0,0.7554478327442733
label_shuffle,test,79.0,0.7551237992003031
label_shuffle,test,80.0,0.754804408620132
label_shuffle,test,81.0,0.7544895766547357
label_shuffle,test,82.0,0.754179220673875
label_shuffle,test,83.0,0.7538732597303931
label_shuffle,test,84.0,0.7535716145251198
label_shuffle,test,85.0,0.753274207372382
label_shuffle,test,86.0,0.7529809621661244
label_shuffle,test,87.0,0.7526918043466337
label_shuffle,test,88.0,0.7524066608678702
label_shuffle,test,89.0,0.7521254601654018
label_shuffle,test,90.0,0.7518481321249368
label_shuffle,test,91.0,0.751574608051454
label_shuffle,test,92.0,0.7513048206389243
label_shuffle,test,93.0,0.7510387039406197
label_shuffle,test,94.0,0.7507761933400043
label_shuffle,test,95.0,0.7505172255222021
label_shuffle,test,96.0,0.7502617384460357
label_shuffle,test,97.0,0.7500096713166287
label_shuffle,test,98.0,0.7497609645585661
label_shuffle,test,99.0,0.7495155597896059
label_shuffle,test,100.0,0.7492733997949333
label_shuffle,test,101.0,0.749034428501952
label_shuffle,test,102.0,0.7487985909556037
label_shuffle,test,103.0,0.7485658332942087
label_shuffle,test,104.0,0.748336102725819
label_shuffle,test,105.0,0.748109347505077
label_shuffle,test,106.0,0.7478855169105707
label_shuffle,test,107.0,0.7476645612226775
label_shuffle,test,108.0,0.7474464317018883
label_shuffle,test,109.0,0.7472310805676039
label_shuffle,test,110.0,0.7470184609773949
label_shuffle,test,111.0,0.7468085270067171
label_shuffle,test,112.0,0.7466012336290742
label_shuffle,test,113.0,0.7463965366966179
label_shuffle,test,114.0,0.7461943929211807
label_shuffle,test,115.0,0.745994759855728
label_shuffle,test,116.0,0.7457975958762262
label_shuffle,test,117.0,0.7456028601639153
label_shuffle,test,118.0,0.7454105126879792
label_shuffle,test,119.0,0.7452205141886065
label_shuffle,test,120.0,0.7450328261604301
label_shuffle,test,121.0,0.744847410836344
label_shuffle,test,122.0,0.7446642311716827
label_shuffle,test,123.0,0.7444832508287602
label_shuffle,test,124.0,0.7443044341617595
label_shuffle,test,125.0,0.744127746201964
label_shuffle,test,126.0,0.7439531526433253
label_shuffle,test,127.0,0.7437806198283586
label_shuffle,test,128.0,0.7436101147343595
label_shuffle,test,129.0,0.7434416049599338
label_shuffle,test,130.0,0.7432750587118357
label_shuffle,test,131.0,0.7431104447921042
label_shuffle,test,132.0,0.7429477325854936
label_shuffle,test,133.0,0.7427868920471917
label_shuffle,test,134.0,0.7426278936908158
label_shuffle,test,135.0,0.7424707085766846
label_shuffle,test,136.0,0.7423153083003565
label_shuffle,test,137.0,0.7421616649814292
label_shuffle,test,138.0,0.7420097512525954
label_shuffle,test,139.0,0.7418595402489461
label_shuffle,test,140.0,0.74171100559752
label_shuffle,test,141.0,0.7415641214070889
label_shuffle,test,142.0,0.7414188622581757
label_shuffle,test,143.0,0.7412752031932998
label_shuffle,test,144.0,0.7411331197074438
label_shuffle,test,145.0,0.7409925877387366
label_shuffle,test,146.0,0.7408535836593477
label_shuffle,test,147.0,0.7407160842665874
label_shuffle,test,148.0,0.7405800667742091
label_shuffle,test,149.0,0.7404455088039071
label_shuffle,test,150.0,0.740312388377008
label_shuffle,test,151.0,0.740180683906347
label_shuffle,test,152.0,0.7400503741883291
label_shuffle,test,153.0,0.7399214383951684
label_shuffle,test,154.0,0.7397938560673011
label_shuffle,test,155.0,0.7396676071059685
label_shuffle,test,156.0,0.7395426717659669
label_shuffle,test,157.0,0.7394190306485589
label_shuffle,test,158.0,0.7392966646945429
label_shuffle,test,159.0,0.7391755551774772
label_shuffle,test,160.0,0.739055683697055
label_shuffle,test,161.0,0.7389370321726256
label_shuffle,test,162.0,0.7388195828368601
label_shuffle,test,163.0,0.7387033182295573
label_shuffle,test,164.0,0.7385882211915851
label_shuffle,test,165.0,0.7384742748589572
label_shuffle,test,166.0,0.7383614626570392
label_shuffle,test,167.0,0.738249768294881
label_shuffle,test,168.0,0.7381391757596754
label_shuffle,test,169.0,0.7380296693113363
label_shuffle,test,170.0,0.7379212334771958
label_shuffle,test,171.0,0.7378138530468172
label_shuffle,test,172.0,0.7377075130669196
label_shuffle,test,173.0,0.7376021988364135
label_shuffle,test,174.0,0.737497895901544
label_shuffle,test,175.0,0.737394590051138
label_shuffle,test,176.0,0.7372922673119551
label_shuffle,test,177.0,0.7371909139441362
label_shuffle,test,178.0,0.7370905164367534
label_shuffle,test,179.0,0.7369910615034514
label_shuffle,test,180.0,0.7368925360781841
label_shuffle,test,181.0,0.7367949273110418
label_shuffle,test,182.0,0.7366982225641672
label_shuffle,test,183.0,0.7366024094077569
label_shuffle,test,184.0,0.7365074756161496
label_shuffle,test,185.0,0.7364134091639949
label_shuffle,test,186.0,0.7363201982225044
label_shuffle,test,187.0,0.7362278311557799
label_shuffle,test,188.0,0.7361362965172213
label_shuffle,test,189.0,0.7360455830460062
label_shuffle,test,190.0,0.735955679663646
label_shuffle,test,191.0,0.735866575470612
label_shuffle,test,192.0,0.7357782597430323
label_shuffle,test,193.0,0.7356907219294575
label_shuffle,test,194.0,0.7356039516476919
label_shuffle,test,195.0,0.7355179386816915
label_shuffle,test,196.0,0.7354326729785254
label_shuffle,test,197.0,0.7353481446453997
label_shuffle,test,198.0,0.7352643439467414
label_shuffle,test,199.0,0.735181261301344
label_shuffle,test,200.0,0.735098887279569
